번호,광역 지역,지역구분,지역명,키워드,동적변환 키워드,k 파라미터 원문,제출용 URL,한글 디코딩 URL,중복 여부
1,서울,서울구,강남구,태양광 설치,강남구 태양광 설치,강남구-태양광설치,https://www.solarlink.co.kr/?k=%EA%B0%95%EB%82%A8%EA%B5%AC-%ED%83%9C%EC%96%91%EA%B4%91%EC%84%A4%EC%B9%98,https://www.solarlink.co.kr/?k=강남구-태양광설치,N
2,서울,서울구,강남구,태양광 업체,강남구 태양광 업체,강남구-태양광업체,https://www.solarlink.co.kr/?k=%EA%B0%95%EB%82%A8%EA%B5%AC-%ED%83%9C%EC%96%91%EA%B4%91%EC%97%85%EC%B2%B4,https://www.solarlink.co.kr/?k=강남구-태양광업체,N
3,서울,서울구,강남구,건물 태양광,강남구 건물 태양광,강남구-건물태양광,https://www.solarlink.co.kr/?k=%EA%B0%95%EB%82%A8%EA%B5%AC-%EA%B1%B4%EB%AC%BC%ED%83%9C%EC%96%91%EA%B4%91,https://www.solarlink.co.kr/?k=강남구-건물태양광,N
4,서울,서울구,강남구,옥상 태양광,강남구 옥상 태양광,강남구-옥상태양광,https://www.solarlink.co.kr/?k=%EA%B0%95%EB%82%A8%EA%B5%AC-%EC%98%A5%EC%83%81%ED%83%9C%EC%96%91%EA%B4%91,https://www.solarlink.co.kr/?k=강남구-옥상태양광,N
5,서울,서울구,강남구,상가 태양광,강남구 상가 태양광,강남구-상가태양광,https://www.solarlink.co.kr/?k=%EA%B0%95%EB%82%A8%EA%B5%AC-%EC%83%81%EA%B0%80%ED%83%9C%EC%96%91%EA%B4%91,https://www.solarlink.co.kr/?k=강남구-상가태양광,N
6,서울,서울구,강남구,공장 태양광,강남구 공장 태양광,강남구-공장태양광,https://www.solarlink.co.kr/?k=%EA%B0%95%EB%82%A8%EA%B5%AC-%EA%B3%B5%EC%9E%A5%ED%83%9C%EC%96%91%EA%B4%91,https://www.solarlink.co.kr/?k=강남구-공장태양광,N
7,서울,서울구,강남구,지붕 태양광 임대,강남구 지붕 태양광 임대,강남구-지붕태양광임대,https://www.solarlink.co.kr/?k=%EA%B0%95%EB%82%A8%EA%B5%AC-%EC%A7%80%EB%B6%95%ED%83%9C%EC%96%91%EA%B4%91%EC%9E%84%EB%8C%80,https://www.solarlink.co.kr/?k=강남구-지붕태양광임대,N
8,서울,서울구,강남구,태양광 발전사업,강남구 태양광 발전사업,강남구-태양광발전사업,https://www.solarlink.co.kr/?k=%EA%B0%95%EB%82%A8%EA%B5%AC-%ED%83%9C%EC%96%91%EA%B4%91%EB%B0%9C%EC%A0%84%EC%82%AC%EC%97%85,https://www.solarlink.co.kr/?k=강남구-태양광발전사업,N
9,서울,서울구,강동구,태양광 설치,강동구 태양광 설치,강동구-태양광설치,https://www.solarlink.co.kr/?k=%EA%B0%95%EB%8F%99%EA%B5%AC-%ED%83%9C%EC%96%91%EA%B4%91%EC%84%A4%EC%B9%98,https://www.solarlink.co.kr/?k=강동구-태양광설치,N
10,서울,서울구,강동구,태양광 업체,강동구 태양광 업체,강동구-태양광업체,https://www.solarlink.co.kr/?k=%EA%B0%95%EB%8F%99%EA%B5%AC-%ED%83%9C%EC%96%91%EA%B4%91%EC%97%85%EC%B2%B4,https://www.solarlink.co.kr/?k=강동구-태양광업체,N
11,서울,서울구,강동구,건물 태양광,강동구 건물 태양광,강동구-건물태양광,https://www.solarlink.co.kr/?k=%EA%B0%95%EB%8F%99%EA%B5%AC-%EA%B1%B4%EB%AC%BC%ED%83%9C%EC%96%91%EA%B4%91,https://www.solarlink.co.kr/?k=강동구-건물태양광,N
12,서울,서울구,강동구,옥상 태양광,강동구 옥상 태양광,강동구-옥상태양광,https://www.solarlink.co.kr/?k=%EA%B0%95%EB%8F%99%EA%B5%AC-%EC%98%A5%EC%83%81%ED%83%9C%EC%96%91%EA%B4%91,https://www.solarlink.co.kr/?k=강동구-옥상태양광,N
13,서울,서울구,강동구,상가 태양광,강동구 상가 태양광,강동구-상가태양광,https://www.solarlink.co.kr/?k=%EA%B0%95%EB%8F%99%EA%B5%AC-%EC%83%81%EA%B0%80%ED%83%9C%EC%96%91%EA%B4%91,https://www.solarlink.co.kr/?k=강동구-상가태양광,N
14,서울,서울구,강동구,공장 태양광,강동구 공장 태양광,강동구-공장태양광,https://www.solarlink.co.kr/?k=%EA%B0%95%EB%8F%99%EA%B5%AC-%EA%B3%B5%EC%9E%A5%ED%83%9C%EC%96%91%EA%B4%91,https://www.solarlink.co.kr/?k=강동구-공장태양광,N
15,서울,서울구,강동구,지붕 태양광 임대,강동구 지붕 태양광 임대,강동구-지붕태양광임대,https://www.solarlink.co.kr/?k=%EA%B0%95%EB%8F%99%EA%B5%AC-%EC%A7%80%EB%B6%95%ED%83%9C%EC%96%91%EA%B4%91%EC%9E%84%EB%8C%80,https://www.solarlink.co.kr/?k=강동구-지붕태양광임대,N
16,서울,서울구,강동구,태양광 발전사업,강동구 태양광 발전사업,강동구-태양광발전사업,https://www.solarlink.co.kr/?k=%EA%B0%95%EB%8F%99%EA%B5%AC-%ED%83%9C%EC%96%91%EA%B4%91%EB%B0%9C%EC%A0%84%EC%82%AC%EC%97%85,https://www.solarlink.co.kr/?k=강동구-태양광발전사업,N
17,서울,서울구,강북구,태양광 설치,강북구 태양광 설치,강북구-태양광설치,https://www.solarlink.co.kr/?k=%EA%B0%95%EB%B6%81%EA%B5%AC-%ED%83%9C%EC%96%91%EA%B4%91%EC%84%A4%EC%B9%98,https://www.solarlink.co.kr/?k=강북구-태양광설치,N
18,서울,서울구,강북구,태양광 업체,강북구 태양광 업체,강북구-태양광업체,https://www.solarlink.co.kr/?k=%EA%B0%95%EB%B6%81%EA%B5%AC-%ED%83%9C%EC%96%91%EA%B4%91%EC%97%85%EC%B2%B4,https://www.solarlink.co.kr/?k=강북구-태양광업체,N
19,서울,서울구,강북구,건물 태양광,강북구 건물 태양광,강북구-건물태양광,https://www.solarlink.co.kr/?k=%EA%B0%95%EB%B6%81%EA%B5%AC-%EA%B1%B4%EB%AC%BC%ED%83%9C%EC%96%91%EA%B4%91,https://www.solarlink.co.kr/?k=강북구-건물태양광,N
20,서울,서울구,강북구,옥상 태양광,강북구 옥상 태양광,강북구-옥상태양광,https://www.solarlink.co.kr/?k=%EA%B0%95%EB%B6%81%EA%B5%AC-%EC%98%A5%EC%83%81%ED%83%9C%EC%96%91%EA%B4%91,https://www.solarlink.co.kr/?k=강북구-옥상태양광,N
21,서울,서울구,강북구,상가 태양광,강북구 상가 태양광,강북구-상가태양광,https://www.solarlink.co.kr/?k=%EA%B0%95%EB%B6%81%EA%B5%AC-%EC%83%81%EA%B0%80%ED%83%9C%EC%96%91%EA%B4%91,https://www.solarlink.co.kr/?k=강북구-상가태양광,N
22,서울,서울구,강북구,공장 태양광,강북구 공장 태양광,강북구-공장태양광,https://www.solarlink.co.kr/?k=%EA%B0%95%EB%B6%81%EA%B5%AC-%EA%B3%B5%EC%9E%A5%ED%83%9C%EC%96%91%EA%B4%91,https://www.solarlink.co.kr/?k=강북구-공장태양광,N
23,서울,서울구,강북구,지붕 태양광 임대,강북구 지붕 태양광 임대,강북구-지붕태양광임대,https://www.solarlink.co.kr/?k=%EA%B0%95%EB%B6%81%EA%B5%AC-%EC%A7%80%EB%B6%95%ED%83%9C%EC%96%91%EA%B4%91%EC%9E%84%EB%8C%80,https://www.solarlink.co.kr/?k=강북구-지붕태양광임대,N
24,서울,서울구,강북구,태양광 발전사업,강북구 태양광 발전사업,강북구-태양광발전사업,https://www.solarlink.co.kr/?k=%EA%B0%95%EB%B6%81%EA%B5%AC-%ED%83%9C%EC%96%91%EA%B4%91%EB%B0%9C%EC%A0%84%EC%82%AC%EC%97%85,https://www.solarlink.co.kr/?k=강북구-태양광발전사업,N
25,서울,서울구,강서구,태양광 설치,강서구 태양광 설치,강서구-태양광설치,https://www.solarlink.co.kr/?k=%EA%B0%95%EC%84%9C%EA%B5%AC-%ED%83%9C%EC%96%91%EA%B4%91%EC%84%A4%EC%B9%98,https://www.solarlink.co.kr/?k=강서구-태양광설치,N
26,서울,서울구,강서구,태양광 업체,강서구 태양광 업체,강서구-태양광업체,https://www.solarlink.co.kr/?k=%EA%B0%95%EC%84%9C%EA%B5%AC-%ED%83%9C%EC%96%91%EA%B4%91%EC%97%85%EC%B2%B4,https://www.solarlink.co.kr/?k=강서구-태양광업체,N
27,서울,서울구,강서구,건물 태양광,강서구 건물 태양광,강서구-건물태양광,https://www.solarlink.co.kr/?k=%EA%B0%95%EC%84%9C%EA%B5%AC-%EA%B1%B4%EB%AC%BC%ED%83%9C%EC%96%91%EA%B4%91,https://www.solarlink.co.kr/?k=강서구-건물태양광,N
28,서울,서울구,강서구,옥상 태양광,강서구 옥상 태양광,강서구-옥상태양광,https://www.solarlink.co.kr/?k=%EA%B0%95%EC%84%9C%EA%B5%AC-%EC%98%A5%EC%83%81%ED%83%9C%EC%96%91%EA%B4%91,https://www.solarlink.co.kr/?k=강서구-옥상태양광,N
29,서울,서울구,강서구,상가 태양광,강서구 상가 태양광,강서구-상가태양광,https://www.solarlink.co.kr/?k=%EA%B0%95%EC%84%9C%EA%B5%AC-%EC%83%81%EA%B0%80%ED%83%9C%EC%96%91%EA%B4%91,https://www.solarlink.co.kr/?k=강서구-상가태양광,N
30,서울,서울구,강서구,공장 태양광,강서구 공장 태양광,강서구-공장태양광,https://www.solarlink.co.kr/?k=%EA%B0%95%EC%84%9C%EA%B5%AC-%EA%B3%B5%EC%9E%A5%ED%83%9C%EC%96%91%EA%B4%91,https://www.solarlink.co.kr/?k=강서구-공장태양광,N
31,서울,서울구,강서구,지붕 태양광 임대,강서구 지붕 태양광 임대,강서구-지붕태양광임대,https://www.solarlink.co.kr/?k=%EA%B0%95%EC%84%9C%EA%B5%AC-%EC%A7%80%EB%B6%95%ED%83%9C%EC%96%91%EA%B4%91%EC%9E%84%EB%8C%80,https://www.solarlink.co.kr/?k=강서구-지붕태양광임대,N
32,서울,서울구,강서구,태양광 발전사업,강서구 태양광 발전사업,강서구-태양광발전사업,https://www.solarlink.co.kr/?k=%EA%B0%95%EC%84%9C%EA%B5%AC-%ED%83%9C%EC%96%91%EA%B4%91%EB%B0%9C%EC%A0%84%EC%82%AC%EC%97%85,https://www.solarlink.co.kr/?k=강서구-태양광발전사업,N
33,서울,서울구,관악구,태양광 설치,관악구 태양광 설치,관악구-태양광설치,https://www.solarlink.co.kr/?k=%EA%B4%80%EC%95%85%EA%B5%AC-%ED%83%9C%EC%96%91%EA%B4%91%EC%84%A4%EC%B9%98,https://www.solarlink.co.kr/?k=관악구-태양광설치,N
34,서울,서울구,관악구,태양광 업체,관악구 태양광 업체,관악구-태양광업체,https://www.solarlink.co.kr/?k=%EA%B4%80%EC%95%85%EA%B5%AC-%ED%83%9C%EC%96%91%EA%B4%91%EC%97%85%EC%B2%B4,https://www.solarlink.co.kr/?k=관악구-태양광업체,N
35,서울,서울구,관악구,건물 태양광,관악구 건물 태양광,관악구-건물태양광,https://www.solarlink.co.kr/?k=%EA%B4%80%EC%95%85%EA%B5%AC-%EA%B1%B4%EB%AC%BC%ED%83%9C%EC%96%91%EA%B4%91,https://www.solarlink.co.kr/?k=관악구-건물태양광,N
36,서울,서울구,관악구,옥상 태양광,관악구 옥상 태양광,관악구-옥상태양광,https://www.solarlink.co.kr/?k=%EA%B4%80%EC%95%85%EA%B5%AC-%EC%98%A5%EC%83%81%ED%83%9C%EC%96%91%EA%B4%91,https://www.solarlink.co.kr/?k=관악구-옥상태양광,N
37,서울,서울구,관악구,상가 태양광,관악구 상가 태양광,관악구-상가태양광,https://www.solarlink.co.kr/?k=%EA%B4%80%EC%95%85%EA%B5%AC-%EC%83%81%EA%B0%80%ED%83%9C%EC%96%91%EA%B4%91,https://www.solarlink.co.kr/?k=관악구-상가태양광,N
38,서울,서울구,관악구,공장 태양광,관악구 공장 태양광,관악구-공장태양광,https://www.solarlink.co.kr/?k=%EA%B4%80%EC%95%85%EA%B5%AC-%EA%B3%B5%EC%9E%A5%ED%83%9C%EC%96%91%EA%B4%91,https://www.solarlink.co.kr/?k=관악구-공장태양광,N
39,서울,서울구,관악구,지붕 태양광 임대,관악구 지붕 태양광 임대,관악구-지붕태양광임대,https://www.solarlink.co.kr/?k=%EA%B4%80%EC%95%85%EA%B5%AC-%EC%A7%80%EB%B6%95%ED%83%9C%EC%96%91%EA%B4%91%EC%9E%84%EB%8C%80,https://www.solarlink.co.kr/?k=관악구-지붕태양광임대,N
40,서울,서울구,관악구,태양광 발전사업,관악구 태양광 발전사업,관악구-태양광발전사업,https://www.solarlink.co.kr/?k=%EA%B4%80%EC%95%85%EA%B5%AC-%ED%83%9C%EC%96%91%EA%B4%91%EB%B0%9C%EC%A0%84%EC%82%AC%EC%97%85,https://www.solarlink.co.kr/?k=관악구-태양광발전사업,N
41,서울,서울구,광진구,태양광 설치,광진구 태양광 설치,광진구-태양광설치,https://www.solarlink.co.kr/?k=%EA%B4%91%EC%A7%84%EA%B5%AC-%ED%83%9C%EC%96%91%EA%B4%91%EC%84%A4%EC%B9%98,https://www.solarlink.co.kr/?k=광진구-태양광설치,N
42,서울,서울구,광진구,태양광 업체,광진구 태양광 업체,광진구-태양광업체,https://www.solarlink.co.kr/?k=%EA%B4%91%EC%A7%84%EA%B5%AC-%ED%83%9C%EC%96%91%EA%B4%91%EC%97%85%EC%B2%B4,https://www.solarlink.co.kr/?k=광진구-태양광업체,N
43,서울,서울구,광진구,건물 태양광,광진구 건물 태양광,광진구-건물태양광,https://www.solarlink.co.kr/?k=%EA%B4%91%EC%A7%84%EA%B5%AC-%EA%B1%B4%EB%AC%BC%ED%83%9C%EC%96%91%EA%B4%91,https://www.solarlink.co.kr/?k=광진구-건물태양광,N
44,서울,서울구,광진구,옥상 태양광,광진구 옥상 태양광,광진구-옥상태양광,https://www.solarlink.co.kr/?k=%EA%B4%91%EC%A7%84%EA%B5%AC-%EC%98%A5%EC%83%81%ED%83%9C%EC%96%91%EA%B4%91,https://www.solarlink.co.kr/?k=광진구-옥상태양광,N
45,서울,서울구,광진구,상가 태양광,광진구 상가 태양광,광진구-상가태양광,https://www.solarlink.co.kr/?k=%EA%B4%91%EC%A7%84%EA%B5%AC-%EC%83%81%EA%B0%80%ED%83%9C%EC%96%91%EA%B4%91,https://www.solarlink.co.kr/?k=광진구-상가태양광,N
46,서울,서울구,광진구,공장 태양광,광진구 공장 태양광,광진구-공장태양광,https://www.solarlink.co.kr/?k=%EA%B4%91%EC%A7%84%EA%B5%AC-%EA%B3%B5%EC%9E%A5%ED%83%9C%EC%96%91%EA%B4%91,https://www.solarlink.co.kr/?k=광진구-공장태양광,N
47,서울,서울구,광진구,지붕 태양광 임대,광진구 지붕 태양광 임대,광진구-지붕태양광임대,https://www.solarlink.co.kr/?k=%EA%B4%91%EC%A7%84%EA%B5%AC-%EC%A7%80%EB%B6%95%ED%83%9C%EC%96%91%EA%B4%91%EC%9E%84%EB%8C%80,https://www.solarlink.co.kr/?k=광진구-지붕태양광임대,N
48,서울,서울구,광진구,태양광 발전사업,광진구 태양광 발전사업,광진구-태양광발전사업,https://www.solarlink.co.kr/?k=%EA%B4%91%EC%A7%84%EA%B5%AC-%ED%83%9C%EC%96%91%EA%B4%91%EB%B0%9C%EC%A0%84%EC%82%AC%EC%97%85,https://www.solarlink.co.kr/?k=광진구-태양광발전사업,N
49,서울,서울구,구로구,태양광 설치,구로구 태양광 설치,구로구-태양광설치,https://www.solarlink.co.kr/?k=%EA%B5%AC%EB%A1%9C%EA%B5%AC-%ED%83%9C%EC%96%91%EA%B4%91%EC%84%A4%EC%B9%98,https://www.solarlink.co.kr/?k=구로구-태양광설치,N
50,서울,서울구,구로구,태양광 업체,구로구 태양광 업체,구로구-태양광업체,https://www.solarlink.co.kr/?k=%EA%B5%AC%EB%A1%9C%EA%B5%AC-%ED%83%9C%EC%96%91%EA%B4%91%EC%97%85%EC%B2%B4,https://www.solarlink.co.kr/?k=구로구-태양광업체,N
51,서울,서울구,구로구,건물 태양광,구로구 건물 태양광,구로구-건물태양광,https://www.solarlink.co.kr/?k=%EA%B5%AC%EB%A1%9C%EA%B5%AC-%EA%B1%B4%EB%AC%BC%ED%83%9C%EC%96%91%EA%B4%91,https://www.solarlink.co.kr/?k=구로구-건물태양광,N
52,서울,서울구,구로구,옥상 태양광,구로구 옥상 태양광,구로구-옥상태양광,https://www.solarlink.co.kr/?k=%EA%B5%AC%EB%A1%9C%EA%B5%AC-%EC%98%A5%EC%83%81%ED%83%9C%EC%96%91%EA%B4%91,https://www.solarlink.co.kr/?k=구로구-옥상태양광,N
53,서울,서울구,구로구,상가 태양광,구로구 상가 태양광,구로구-상가태양광,https://www.solarlink.co.kr/?k=%EA%B5%AC%EB%A1%9C%EA%B5%AC-%EC%83%81%EA%B0%80%ED%83%9C%EC%96%91%EA%B4%91,https://www.solarlink.co.kr/?k=구로구-상가태양광,N
54,서울,서울구,구로구,공장 태양광,구로구 공장 태양광,구로구-공장태양광,https://www.solarlink.co.kr/?k=%EA%B5%AC%EB%A1%9C%EA%B5%AC-%EA%B3%B5%EC%9E%A5%ED%83%9C%EC%96%91%EA%B4%91,https://www.solarlink.co.kr/?k=구로구-공장태양광,N
55,서울,서울구,구로구,지붕 태양광 임대,구로구 지붕 태양광 임대,구로구-지붕태양광임대,https://www.solarlink.co.kr/?k=%EA%B5%AC%EB%A1%9C%EA%B5%AC-%EC%A7%80%EB%B6%95%ED%83%9C%EC%96%91%EA%B4%91%EC%9E%84%EB%8C%80,https://www.solarlink.co.kr/?k=구로구-지붕태양광임대,N
56,서울,서울구,구로구,태양광 발전사업,구로구 태양광 발전사업,구로구-태양광발전사업,https://www.solarlink.co.kr/?k=%EA%B5%AC%EB%A1%9C%EA%B5%AC-%ED%83%9C%EC%96%91%EA%B4%91%EB%B0%9C%EC%A0%84%EC%82%AC%EC%97%85,https://www.solarlink.co.kr/?k=구로구-태양광발전사업,N
57,서울,서울구,금천구,태양광 설치,금천구 태양광 설치,금천구-태양광설치,https://www.solarlink.co.kr/?k=%EA%B8%88%EC%B2%9C%EA%B5%AC-%ED%83%9C%EC%96%91%EA%B4%91%EC%84%A4%EC%B9%98,https://www.solarlink.co.kr/?k=금천구-태양광설치,N
58,서울,서울구,금천구,태양광 업체,금천구 태양광 업체,금천구-태양광업체,https://www.solarlink.co.kr/?k=%EA%B8%88%EC%B2%9C%EA%B5%AC-%ED%83%9C%EC%96%91%EA%B4%91%EC%97%85%EC%B2%B4,https://www.solarlink.co.kr/?k=금천구-태양광업체,N
59,서울,서울구,금천구,건물 태양광,금천구 건물 태양광,금천구-건물태양광,https://www.solarlink.co.kr/?k=%EA%B8%88%EC%B2%9C%EA%B5%AC-%EA%B1%B4%EB%AC%BC%ED%83%9C%EC%96%91%EA%B4%91,https://www.solarlink.co.kr/?k=금천구-건물태양광,N
60,서울,서울구,금천구,옥상 태양광,금천구 옥상 태양광,금천구-옥상태양광,https://www.solarlink.co.kr/?k=%EA%B8%88%EC%B2%9C%EA%B5%AC-%EC%98%A5%EC%83%81%ED%83%9C%EC%96%91%EA%B4%91,https://www.solarlink.co.kr/?k=금천구-옥상태양광,N
61,서울,서울구,금천구,상가 태양광,금천구 상가 태양광,금천구-상가태양광,https://www.solarlink.co.kr/?k=%EA%B8%88%EC%B2%9C%EA%B5%AC-%EC%83%81%EA%B0%80%ED%83%9C%EC%96%91%EA%B4%91,https://www.solarlink.co.kr/?k=금천구-상가태양광,N
62,서울,서울구,금천구,공장 태양광,금천구 공장 태양광,금천구-공장태양광,https://www.solarlink.co.kr/?k=%EA%B8%88%EC%B2%9C%EA%B5%AC-%EA%B3%B5%EC%9E%A5%ED%83%9C%EC%96%91%EA%B4%91,https://www.solarlink.co.kr/?k=금천구-공장태양광,N
63,서울,서울구,금천구,지붕 태양광 임대,금천구 지붕 태양광 임대,금천구-지붕태양광임대,https://www.solarlink.co.kr/?k=%EA%B8%88%EC%B2%9C%EA%B5%AC-%EC%A7%80%EB%B6%95%ED%83%9C%EC%96%91%EA%B4%91%EC%9E%84%EB%8C%80,https://www.solarlink.co.kr/?k=금천구-지붕태양광임대,N
64,서울,서울구,금천구,태양광 발전사업,금천구 태양광 발전사업,금천구-태양광발전사업,https://www.solarlink.co.kr/?k=%EA%B8%88%EC%B2%9C%EA%B5%AC-%ED%83%9C%EC%96%91%EA%B4%91%EB%B0%9C%EC%A0%84%EC%82%AC%EC%97%85,https://www.solarlink.co.kr/?k=금천구-태양광발전사업,N
65,서울,서울구,노원구,태양광 설치,노원구 태양광 설치,노원구-태양광설치,https://www.solarlink.co.kr/?k=%EB%85%B8%EC%9B%90%EA%B5%AC-%ED%83%9C%EC%96%91%EA%B4%91%EC%84%A4%EC%B9%98,https://www.solarlink.co.kr/?k=노원구-태양광설치,N
66,서울,서울구,노원구,태양광 업체,노원구 태양광 업체,노원구-태양광업체,https://www.solarlink.co.kr/?k=%EB%85%B8%EC%9B%90%EA%B5%AC-%ED%83%9C%EC%96%91%EA%B4%91%EC%97%85%EC%B2%B4,https://www.solarlink.co.kr/?k=노원구-태양광업체,N
67,서울,서울구,노원구,건물 태양광,노원구 건물 태양광,노원구-건물태양광,https://www.solarlink.co.kr/?k=%EB%85%B8%EC%9B%90%EA%B5%AC-%EA%B1%B4%EB%AC%BC%ED%83%9C%EC%96%91%EA%B4%91,https://www.solarlink.co.kr/?k=노원구-건물태양광,N
68,서울,서울구,노원구,옥상 태양광,노원구 옥상 태양광,노원구-옥상태양광,https://www.solarlink.co.kr/?k=%EB%85%B8%EC%9B%90%EA%B5%AC-%EC%98%A5%EC%83%81%ED%83%9C%EC%96%91%EA%B4%91,https://www.solarlink.co.kr/?k=노원구-옥상태양광,N
69,서울,서울구,노원구,상가 태양광,노원구 상가 태양광,노원구-상가태양광,https://www.solarlink.co.kr/?k=%EB%85%B8%EC%9B%90%EA%B5%AC-%EC%83%81%EA%B0%80%ED%83%9C%EC%96%91%EA%B4%91,https://www.solarlink.co.kr/?k=노원구-상가태양광,N
70,서울,서울구,노원구,공장 태양광,노원구 공장 태양광,노원구-공장태양광,https://www.solarlink.co.kr/?k=%EB%85%B8%EC%9B%90%EA%B5%AC-%EA%B3%B5%EC%9E%A5%ED%83%9C%EC%96%91%EA%B4%91,https://www.solarlink.co.kr/?k=노원구-공장태양광,N
71,서울,서울구,노원구,지붕 태양광 임대,노원구 지붕 태양광 임대,노원구-지붕태양광임대,https://www.solarlink.co.kr/?k=%EB%85%B8%EC%9B%90%EA%B5%AC-%EC%A7%80%EB%B6%95%ED%83%9C%EC%96%91%EA%B4%91%EC%9E%84%EB%8C%80,https://www.solarlink.co.kr/?k=노원구-지붕태양광임대,N
72,서울,서울구,노원구,태양광 발전사업,노원구 태양광 발전사업,노원구-태양광발전사업,https://www.solarlink.co.kr/?k=%EB%85%B8%EC%9B%90%EA%B5%AC-%ED%83%9C%EC%96%91%EA%B4%91%EB%B0%9C%EC%A0%84%EC%82%AC%EC%97%85,https://www.solarlink.co.kr/?k=노원구-태양광발전사업,N
73,서울,서울구,도봉구,태양광 설치,도봉구 태양광 설치,도봉구-태양광설치,https://www.solarlink.co.kr/?k=%EB%8F%84%EB%B4%89%EA%B5%AC-%ED%83%9C%EC%96%91%EA%B4%91%EC%84%A4%EC%B9%98,https://www.solarlink.co.kr/?k=도봉구-태양광설치,N
74,서울,서울구,도봉구,태양광 업체,도봉구 태양광 업체,도봉구-태양광업체,https://www.solarlink.co.kr/?k=%EB%8F%84%EB%B4%89%EA%B5%AC-%ED%83%9C%EC%96%91%EA%B4%91%EC%97%85%EC%B2%B4,https://www.solarlink.co.kr/?k=도봉구-태양광업체,N
75,서울,서울구,도봉구,건물 태양광,도봉구 건물 태양광,도봉구-건물태양광,https://www.solarlink.co.kr/?k=%EB%8F%84%EB%B4%89%EA%B5%AC-%EA%B1%B4%EB%AC%BC%ED%83%9C%EC%96%91%EA%B4%91,https://www.solarlink.co.kr/?k=도봉구-건물태양광,N
76,서울,서울구,도봉구,옥상 태양광,도봉구 옥상 태양광,도봉구-옥상태양광,https://www.solarlink.co.kr/?k=%EB%8F%84%EB%B4%89%EA%B5%AC-%EC%98%A5%EC%83%81%ED%83%9C%EC%96%91%EA%B4%91,https://www.solarlink.co.kr/?k=도봉구-옥상태양광,N
77,서울,서울구,도봉구,상가 태양광,도봉구 상가 태양광,도봉구-상가태양광,https://www.solarlink.co.kr/?k=%EB%8F%84%EB%B4%89%EA%B5%AC-%EC%83%81%EA%B0%80%ED%83%9C%EC%96%91%EA%B4%91,https://www.solarlink.co.kr/?k=도봉구-상가태양광,N
78,서울,서울구,도봉구,공장 태양광,도봉구 공장 태양광,도봉구-공장태양광,https://www.solarlink.co.kr/?k=%EB%8F%84%EB%B4%89%EA%B5%AC-%EA%B3%B5%EC%9E%A5%ED%83%9C%EC%96%91%EA%B4%91,https://www.solarlink.co.kr/?k=도봉구-공장태양광,N
79,서울,서울구,도봉구,지붕 태양광 임대,도봉구 지붕 태양광 임대,도봉구-지붕태양광임대,https://www.solarlink.co.kr/?k=%EB%8F%84%EB%B4%89%EA%B5%AC-%EC%A7%80%EB%B6%95%ED%83%9C%EC%96%91%EA%B4%91%EC%9E%84%EB%8C%80,https://www.solarlink.co.kr/?k=도봉구-지붕태양광임대,N
80,서울,서울구,도봉구,태양광 발전사업,도봉구 태양광 발전사업,도봉구-태양광발전사업,https://www.solarlink.co.kr/?k=%EB%8F%84%EB%B4%89%EA%B5%AC-%ED%83%9C%EC%96%91%EA%B4%91%EB%B0%9C%EC%A0%84%EC%82%AC%EC%97%85,https://www.solarlink.co.kr/?k=도봉구-태양광발전사업,N
81,서울,서울구,동대문구,태양광 설치,동대문구 태양광 설치,동대문구-태양광설치,https://www.solarlink.co.kr/?k=%EB%8F%99%EB%8C%80%EB%AC%B8%EA%B5%AC-%ED%83%9C%EC%96%91%EA%B4%91%EC%84%A4%EC%B9%98,https://www.solarlink.co.kr/?k=동대문구-태양광설치,N
82,서울,서울구,동대문구,태양광 업체,동대문구 태양광 업체,동대문구-태양광업체,https://www.solarlink.co.kr/?k=%EB%8F%99%EB%8C%80%EB%AC%B8%EA%B5%AC-%ED%83%9C%EC%96%91%EA%B4%91%EC%97%85%EC%B2%B4,https://www.solarlink.co.kr/?k=동대문구-태양광업체,N
83,서울,서울구,동대문구,건물 태양광,동대문구 건물 태양광,동대문구-건물태양광,https://www.solarlink.co.kr/?k=%EB%8F%99%EB%8C%80%EB%AC%B8%EA%B5%AC-%EA%B1%B4%EB%AC%BC%ED%83%9C%EC%96%91%EA%B4%91,https://www.solarlink.co.kr/?k=동대문구-건물태양광,N
84,서울,서울구,동대문구,옥상 태양광,동대문구 옥상 태양광,동대문구-옥상태양광,https://www.solarlink.co.kr/?k=%EB%8F%99%EB%8C%80%EB%AC%B8%EA%B5%AC-%EC%98%A5%EC%83%81%ED%83%9C%EC%96%91%EA%B4%91,https://www.solarlink.co.kr/?k=동대문구-옥상태양광,N
85,서울,서울구,동대문구,상가 태양광,동대문구 상가 태양광,동대문구-상가태양광,https://www.solarlink.co.kr/?k=%EB%8F%99%EB%8C%80%EB%AC%B8%EA%B5%AC-%EC%83%81%EA%B0%80%ED%83%9C%EC%96%91%EA%B4%91,https://www.solarlink.co.kr/?k=동대문구-상가태양광,N
86,서울,서울구,동대문구,공장 태양광,동대문구 공장 태양광,동대문구-공장태양광,https://www.solarlink.co.kr/?k=%EB%8F%99%EB%8C%80%EB%AC%B8%EA%B5%AC-%EA%B3%B5%EC%9E%A5%ED%83%9C%EC%96%91%EA%B4%91,https://www.solarlink.co.kr/?k=동대문구-공장태양광,N
87,서울,서울구,동대문구,지붕 태양광 임대,동대문구 지붕 태양광 임대,동대문구-지붕태양광임대,https://www.solarlink.co.kr/?k=%EB%8F%99%EB%8C%80%EB%AC%B8%EA%B5%AC-%EC%A7%80%EB%B6%95%ED%83%9C%EC%96%91%EA%B4%91%EC%9E%84%EB%8C%80,https://www.solarlink.co.kr/?k=동대문구-지붕태양광임대,N
88,서울,서울구,동대문구,태양광 발전사업,동대문구 태양광 발전사업,동대문구-태양광발전사업,https://www.solarlink.co.kr/?k=%EB%8F%99%EB%8C%80%EB%AC%B8%EA%B5%AC-%ED%83%9C%EC%96%91%EA%B4%91%EB%B0%9C%EC%A0%84%EC%82%AC%EC%97%85,https://www.solarlink.co.kr/?k=동대문구-태양광발전사업,N
89,서울,서울구,동작구,태양광 설치,동작구 태양광 설치,동작구-태양광설치,https://www.solarlink.co.kr/?k=%EB%8F%99%EC%9E%91%EA%B5%AC-%ED%83%9C%EC%96%91%EA%B4%91%EC%84%A4%EC%B9%98,https://www.solarlink.co.kr/?k=동작구-태양광설치,N
90,서울,서울구,동작구,태양광 업체,동작구 태양광 업체,동작구-태양광업체,https://www.solarlink.co.kr/?k=%EB%8F%99%EC%9E%91%EA%B5%AC-%ED%83%9C%EC%96%91%EA%B4%91%EC%97%85%EC%B2%B4,https://www.solarlink.co.kr/?k=동작구-태양광업체,N
91,서울,서울구,동작구,건물 태양광,동작구 건물 태양광,동작구-건물태양광,https://www.solarlink.co.kr/?k=%EB%8F%99%EC%9E%91%EA%B5%AC-%EA%B1%B4%EB%AC%BC%ED%83%9C%EC%96%91%EA%B4%91,https://www.solarlink.co.kr/?k=동작구-건물태양광,N
92,서울,서울구,동작구,옥상 태양광,동작구 옥상 태양광,동작구-옥상태양광,https://www.solarlink.co.kr/?k=%EB%8F%99%EC%9E%91%EA%B5%AC-%EC%98%A5%EC%83%81%ED%83%9C%EC%96%91%EA%B4%91,https://www.solarlink.co.kr/?k=동작구-옥상태양광,N
93,서울,서울구,동작구,상가 태양광,동작구 상가 태양광,동작구-상가태양광,https://www.solarlink.co.kr/?k=%EB%8F%99%EC%9E%91%EA%B5%AC-%EC%83%81%EA%B0%80%ED%83%9C%EC%96%91%EA%B4%91,https://www.solarlink.co.kr/?k=동작구-상가태양광,N
94,서울,서울구,동작구,공장 태양광,동작구 공장 태양광,동작구-공장태양광,https://www.solarlink.co.kr/?k=%EB%8F%99%EC%9E%91%EA%B5%AC-%EA%B3%B5%EC%9E%A5%ED%83%9C%EC%96%91%EA%B4%91,https://www.solarlink.co.kr/?k=동작구-공장태양광,N
95,서울,서울구,동작구,지붕 태양광 임대,동작구 지붕 태양광 임대,동작구-지붕태양광임대,https://www.solarlink.co.kr/?k=%EB%8F%99%EC%9E%91%EA%B5%AC-%EC%A7%80%EB%B6%95%ED%83%9C%EC%96%91%EA%B4%91%EC%9E%84%EB%8C%80,https://www.solarlink.co.kr/?k=동작구-지붕태양광임대,N
96,서울,서울구,동작구,태양광 발전사업,동작구 태양광 발전사업,동작구-태양광발전사업,https://www.solarlink.co.kr/?k=%EB%8F%99%EC%9E%91%EA%B5%AC-%ED%83%9C%EC%96%91%EA%B4%91%EB%B0%9C%EC%A0%84%EC%82%AC%EC%97%85,https://www.solarlink.co.kr/?k=동작구-태양광발전사업,N
97,서울,서울구,마포구,태양광 설치,마포구 태양광 설치,마포구-태양광설치,https://www.solarlink.co.kr/?k=%EB%A7%88%ED%8F%AC%EA%B5%AC-%ED%83%9C%EC%96%91%EA%B4%91%EC%84%A4%EC%B9%98,https://www.solarlink.co.kr/?k=마포구-태양광설치,N
98,서울,서울구,마포구,태양광 업체,마포구 태양광 업체,마포구-태양광업체,https://www.solarlink.co.kr/?k=%EB%A7%88%ED%8F%AC%EA%B5%AC-%ED%83%9C%EC%96%91%EA%B4%91%EC%97%85%EC%B2%B4,https://www.solarlink.co.kr/?k=마포구-태양광업체,N
99,서울,서울구,마포구,건물 태양광,마포구 건물 태양광,마포구-건물태양광,https://www.solarlink.co.kr/?k=%EB%A7%88%ED%8F%AC%EA%B5%AC-%EA%B1%B4%EB%AC%BC%ED%83%9C%EC%96%91%EA%B4%91,https://www.solarlink.co.kr/?k=마포구-건물태양광,N
100,서울,서울구,마포구,옥상 태양광,마포구 옥상 태양광,마포구-옥상태양광,https://www.solarlink.co.kr/?k=%EB%A7%88%ED%8F%AC%EA%B5%AC-%EC%98%A5%EC%83%81%ED%83%9C%EC%96%91%EA%B4%91,https://www.solarlink.co.kr/?k=마포구-옥상태양광,N
101,서울,서울구,마포구,상가 태양광,마포구 상가 태양광,마포구-상가태양광,https://www.solarlink.co.kr/?k=%EB%A7%88%ED%8F%AC%EA%B5%AC-%EC%83%81%EA%B0%80%ED%83%9C%EC%96%91%EA%B4%91,https://www.solarlink.co.kr/?k=마포구-상가태양광,N
102,서울,서울구,마포구,공장 태양광,마포구 공장 태양광,마포구-공장태양광,https://www.solarlink.co.kr/?k=%EB%A7%88%ED%8F%AC%EA%B5%AC-%EA%B3%B5%EC%9E%A5%ED%83%9C%EC%96%91%EA%B4%91,https://www.solarlink.co.kr/?k=마포구-공장태양광,N
103,서울,서울구,마포구,지붕 태양광 임대,마포구 지붕 태양광 임대,마포구-지붕태양광임대,https://www.solarlink.co.kr/?k=%EB%A7%88%ED%8F%AC%EA%B5%AC-%EC%A7%80%EB%B6%95%ED%83%9C%EC%96%91%EA%B4%91%EC%9E%84%EB%8C%80,https://www.solarlink.co.kr/?k=마포구-지붕태양광임대,N
104,서울,서울구,마포구,태양광 발전사업,마포구 태양광 발전사업,마포구-태양광발전사업,https://www.solarlink.co.kr/?k=%EB%A7%88%ED%8F%AC%EA%B5%AC-%ED%83%9C%EC%96%91%EA%B4%91%EB%B0%9C%EC%A0%84%EC%82%AC%EC%97%85,https://www.solarlink.co.kr/?k=마포구-태양광발전사업,N
105,서울,서울구,서대문구,태양광 설치,서대문구 태양광 설치,서대문구-태양광설치,https://www.solarlink.co.kr/?k=%EC%84%9C%EB%8C%80%EB%AC%B8%EA%B5%AC-%ED%83%9C%EC%96%91%EA%B4%91%EC%84%A4%EC%B9%98,https://www.solarlink.co.kr/?k=서대문구-태양광설치,N
106,서울,서울구,서대문구,태양광 업체,서대문구 태양광 업체,서대문구-태양광업체,https://www.solarlink.co.kr/?k=%EC%84%9C%EB%8C%80%EB%AC%B8%EA%B5%AC-%ED%83%9C%EC%96%91%EA%B4%91%EC%97%85%EC%B2%B4,https://www.solarlink.co.kr/?k=서대문구-태양광업체,N
107,서울,서울구,서대문구,건물 태양광,서대문구 건물 태양광,서대문구-건물태양광,https://www.solarlink.co.kr/?k=%EC%84%9C%EB%8C%80%EB%AC%B8%EA%B5%AC-%EA%B1%B4%EB%AC%BC%ED%83%9C%EC%96%91%EA%B4%91,https://www.solarlink.co.kr/?k=서대문구-건물태양광,N
108,서울,서울구,서대문구,옥상 태양광,서대문구 옥상 태양광,서대문구-옥상태양광,https://www.solarlink.co.kr/?k=%EC%84%9C%EB%8C%80%EB%AC%B8%EA%B5%AC-%EC%98%A5%EC%83%81%ED%83%9C%EC%96%91%EA%B4%91,https://www.solarlink.co.kr/?k=서대문구-옥상태양광,N
109,서울,서울구,서대문구,상가 태양광,서대문구 상가 태양광,서대문구-상가태양광,https://www.solarlink.co.kr/?k=%EC%84%9C%EB%8C%80%EB%AC%B8%EA%B5%AC-%EC%83%81%EA%B0%80%ED%83%9C%EC%96%91%EA%B4%91,https://www.solarlink.co.kr/?k=서대문구-상가태양광,N
110,서울,서울구,서대문구,공장 태양광,서대문구 공장 태양광,서대문구-공장태양광,https://www.solarlink.co.kr/?k=%EC%84%9C%EB%8C%80%EB%AC%B8%EA%B5%AC-%EA%B3%B5%EC%9E%A5%ED%83%9C%EC%96%91%EA%B4%91,https://www.solarlink.co.kr/?k=서대문구-공장태양광,N
111,서울,서울구,서대문구,지붕 태양광 임대,서대문구 지붕 태양광 임대,서대문구-지붕태양광임대,https://www.solarlink.co.kr/?k=%EC%84%9C%EB%8C%80%EB%AC%B8%EA%B5%AC-%EC%A7%80%EB%B6%95%ED%83%9C%EC%96%91%EA%B4%91%EC%9E%84%EB%8C%80,https://www.solarlink.co.kr/?k=서대문구-지붕태양광임대,N
112,서울,서울구,서대문구,태양광 발전사업,서대문구 태양광 발전사업,서대문구-태양광발전사업,https://www.solarlink.co.kr/?k=%EC%84%9C%EB%8C%80%EB%AC%B8%EA%B5%AC-%ED%83%9C%EC%96%91%EA%B4%91%EB%B0%9C%EC%A0%84%EC%82%AC%EC%97%85,https://www.solarlink.co.kr/?k=서대문구-태양광발전사업,N
113,서울,서울구,서초구,태양광 설치,서초구 태양광 설치,서초구-태양광설치,https://www.solarlink.co.kr/?k=%EC%84%9C%EC%B4%88%EA%B5%AC-%ED%83%9C%EC%96%91%EA%B4%91%EC%84%A4%EC%B9%98,https://www.solarlink.co.kr/?k=서초구-태양광설치,N
114,서울,서울구,서초구,태양광 업체,서초구 태양광 업체,서초구-태양광업체,https://www.solarlink.co.kr/?k=%EC%84%9C%EC%B4%88%EA%B5%AC-%ED%83%9C%EC%96%91%EA%B4%91%EC%97%85%EC%B2%B4,https://www.solarlink.co.kr/?k=서초구-태양광업체,N
115,서울,서울구,서초구,건물 태양광,서초구 건물 태양광,서초구-건물태양광,https://www.solarlink.co.kr/?k=%EC%84%9C%EC%B4%88%EA%B5%AC-%EA%B1%B4%EB%AC%BC%ED%83%9C%EC%96%91%EA%B4%91,https://www.solarlink.co.kr/?k=서초구-건물태양광,N
116,서울,서울구,서초구,옥상 태양광,서초구 옥상 태양광,서초구-옥상태양광,https://www.solarlink.co.kr/?k=%EC%84%9C%EC%B4%88%EA%B5%AC-%EC%98%A5%EC%83%81%ED%83%9C%EC%96%91%EA%B4%91,https://www.solarlink.co.kr/?k=서초구-옥상태양광,N
117,서울,서울구,서초구,상가 태양광,서초구 상가 태양광,서초구-상가태양광,https://www.solarlink.co.kr/?k=%EC%84%9C%EC%B4%88%EA%B5%AC-%EC%83%81%EA%B0%80%ED%83%9C%EC%96%91%EA%B4%91,https://www.solarlink.co.kr/?k=서초구-상가태양광,N
118,서울,서울구,서초구,공장 태양광,서초구 공장 태양광,서초구-공장태양광,https://www.solarlink.co.kr/?k=%EC%84%9C%EC%B4%88%EA%B5%AC-%EA%B3%B5%EC%9E%A5%ED%83%9C%EC%96%91%EA%B4%91,https://www.solarlink.co.kr/?k=서초구-공장태양광,N
119,서울,서울구,서초구,지붕 태양광 임대,서초구 지붕 태양광 임대,서초구-지붕태양광임대,https://www.solarlink.co.kr/?k=%EC%84%9C%EC%B4%88%EA%B5%AC-%EC%A7%80%EB%B6%95%ED%83%9C%EC%96%91%EA%B4%91%EC%9E%84%EB%8C%80,https://www.solarlink.co.kr/?k=서초구-지붕태양광임대,N
120,서울,서울구,서초구,태양광 발전사업,서초구 태양광 발전사업,서초구-태양광발전사업,https://www.solarlink.co.kr/?k=%EC%84%9C%EC%B4%88%EA%B5%AC-%ED%83%9C%EC%96%91%EA%B4%91%EB%B0%9C%EC%A0%84%EC%82%AC%EC%97%85,https://www.solarlink.co.kr/?k=서초구-태양광발전사업,N
121,서울,서울구,성동구,태양광 설치,성동구 태양광 설치,성동구-태양광설치,https://www.solarlink.co.kr/?k=%EC%84%B1%EB%8F%99%EA%B5%AC-%ED%83%9C%EC%96%91%EA%B4%91%EC%84%A4%EC%B9%98,https://www.solarlink.co.kr/?k=성동구-태양광설치,N
122,서울,서울구,성동구,태양광 업체,성동구 태양광 업체,성동구-태양광업체,https://www.solarlink.co.kr/?k=%EC%84%B1%EB%8F%99%EA%B5%AC-%ED%83%9C%EC%96%91%EA%B4%91%EC%97%85%EC%B2%B4,https://www.solarlink.co.kr/?k=성동구-태양광업체,N
123,서울,서울구,성동구,건물 태양광,성동구 건물 태양광,성동구-건물태양광,https://www.solarlink.co.kr/?k=%EC%84%B1%EB%8F%99%EA%B5%AC-%EA%B1%B4%EB%AC%BC%ED%83%9C%EC%96%91%EA%B4%91,https://www.solarlink.co.kr/?k=성동구-건물태양광,N
124,서울,서울구,성동구,옥상 태양광,성동구 옥상 태양광,성동구-옥상태양광,https://www.solarlink.co.kr/?k=%EC%84%B1%EB%8F%99%EA%B5%AC-%EC%98%A5%EC%83%81%ED%83%9C%EC%96%91%EA%B4%91,https://www.solarlink.co.kr/?k=성동구-옥상태양광,N
125,서울,서울구,성동구,상가 태양광,성동구 상가 태양광,성동구-상가태양광,https://www.solarlink.co.kr/?k=%EC%84%B1%EB%8F%99%EA%B5%AC-%EC%83%81%EA%B0%80%ED%83%9C%EC%96%91%EA%B4%91,https://www.solarlink.co.kr/?k=성동구-상가태양광,N
126,서울,서울구,성동구,공장 태양광,성동구 공장 태양광,성동구-공장태양광,https://www.solarlink.co.kr/?k=%EC%84%B1%EB%8F%99%EA%B5%AC-%EA%B3%B5%EC%9E%A5%ED%83%9C%EC%96%91%EA%B4%91,https://www.solarlink.co.kr/?k=성동구-공장태양광,N
127,서울,서울구,성동구,지붕 태양광 임대,성동구 지붕 태양광 임대,성동구-지붕태양광임대,https://www.solarlink.co.kr/?k=%EC%84%B1%EB%8F%99%EA%B5%AC-%EC%A7%80%EB%B6%95%ED%83%9C%EC%96%91%EA%B4%91%EC%9E%84%EB%8C%80,https://www.solarlink.co.kr/?k=성동구-지붕태양광임대,N
128,서울,서울구,성동구,태양광 발전사업,성동구 태양광 발전사업,성동구-태양광발전사업,https://www.solarlink.co.kr/?k=%EC%84%B1%EB%8F%99%EA%B5%AC-%ED%83%9C%EC%96%91%EA%B4%91%EB%B0%9C%EC%A0%84%EC%82%AC%EC%97%85,https://www.solarlink.co.kr/?k=성동구-태양광발전사업,N
129,서울,서울구,성북구,태양광 설치,성북구 태양광 설치,성북구-태양광설치,https://www.solarlink.co.kr/?k=%EC%84%B1%EB%B6%81%EA%B5%AC-%ED%83%9C%EC%96%91%EA%B4%91%EC%84%A4%EC%B9%98,https://www.solarlink.co.kr/?k=성북구-태양광설치,N
130,서울,서울구,성북구,태양광 업체,성북구 태양광 업체,성북구-태양광업체,https://www.solarlink.co.kr/?k=%EC%84%B1%EB%B6%81%EA%B5%AC-%ED%83%9C%EC%96%91%EA%B4%91%EC%97%85%EC%B2%B4,https://www.solarlink.co.kr/?k=성북구-태양광업체,N
131,서울,서울구,성북구,건물 태양광,성북구 건물 태양광,성북구-건물태양광,https://www.solarlink.co.kr/?k=%EC%84%B1%EB%B6%81%EA%B5%AC-%EA%B1%B4%EB%AC%BC%ED%83%9C%EC%96%91%EA%B4%91,https://www.solarlink.co.kr/?k=성북구-건물태양광,N
132,서울,서울구,성북구,옥상 태양광,성북구 옥상 태양광,성북구-옥상태양광,https://www.solarlink.co.kr/?k=%EC%84%B1%EB%B6%81%EA%B5%AC-%EC%98%A5%EC%83%81%ED%83%9C%EC%96%91%EA%B4%91,https://www.solarlink.co.kr/?k=성북구-옥상태양광,N
133,서울,서울구,성북구,상가 태양광,성북구 상가 태양광,성북구-상가태양광,https://www.solarlink.co.kr/?k=%EC%84%B1%EB%B6%81%EA%B5%AC-%EC%83%81%EA%B0%80%ED%83%9C%EC%96%91%EA%B4%91,https://www.solarlink.co.kr/?k=성북구-상가태양광,N
134,서울,서울구,성북구,공장 태양광,성북구 공장 태양광,성북구-공장태양광,https://www.solarlink.co.kr/?k=%EC%84%B1%EB%B6%81%EA%B5%AC-%EA%B3%B5%EC%9E%A5%ED%83%9C%EC%96%91%EA%B4%91,https://www.solarlink.co.kr/?k=성북구-공장태양광,N
135,서울,서울구,성북구,지붕 태양광 임대,성북구 지붕 태양광 임대,성북구-지붕태양광임대,https://www.solarlink.co.kr/?k=%EC%84%B1%EB%B6%81%EA%B5%AC-%EC%A7%80%EB%B6%95%ED%83%9C%EC%96%91%EA%B4%91%EC%9E%84%EB%8C%80,https://www.solarlink.co.kr/?k=성북구-지붕태양광임대,N
136,서울,서울구,성북구,태양광 발전사업,성북구 태양광 발전사업,성북구-태양광발전사업,https://www.solarlink.co.kr/?k=%EC%84%B1%EB%B6%81%EA%B5%AC-%ED%83%9C%EC%96%91%EA%B4%91%EB%B0%9C%EC%A0%84%EC%82%AC%EC%97%85,https://www.solarlink.co.kr/?k=성북구-태양광발전사업,N
137,서울,서울구,송파구,태양광 설치,송파구 태양광 설치,송파구-태양광설치,https://www.solarlink.co.kr/?k=%EC%86%A1%ED%8C%8C%EA%B5%AC-%ED%83%9C%EC%96%91%EA%B4%91%EC%84%A4%EC%B9%98,https://www.solarlink.co.kr/?k=송파구-태양광설치,N
138,서울,서울구,송파구,태양광 업체,송파구 태양광 업체,송파구-태양광업체,https://www.solarlink.co.kr/?k=%EC%86%A1%ED%8C%8C%EA%B5%AC-%ED%83%9C%EC%96%91%EA%B4%91%EC%97%85%EC%B2%B4,https://www.solarlink.co.kr/?k=송파구-태양광업체,N
139,서울,서울구,송파구,건물 태양광,송파구 건물 태양광,송파구-건물태양광,https://www.solarlink.co.kr/?k=%EC%86%A1%ED%8C%8C%EA%B5%AC-%EA%B1%B4%EB%AC%BC%ED%83%9C%EC%96%91%EA%B4%91,https://www.solarlink.co.kr/?k=송파구-건물태양광,N
140,서울,서울구,송파구,옥상 태양광,송파구 옥상 태양광,송파구-옥상태양광,https://www.solarlink.co.kr/?k=%EC%86%A1%ED%8C%8C%EA%B5%AC-%EC%98%A5%EC%83%81%ED%83%9C%EC%96%91%EA%B4%91,https://www.solarlink.co.kr/?k=송파구-옥상태양광,N
141,서울,서울구,송파구,상가 태양광,송파구 상가 태양광,송파구-상가태양광,https://www.solarlink.co.kr/?k=%EC%86%A1%ED%8C%8C%EA%B5%AC-%EC%83%81%EA%B0%80%ED%83%9C%EC%96%91%EA%B4%91,https://www.solarlink.co.kr/?k=송파구-상가태양광,N
142,서울,서울구,송파구,공장 태양광,송파구 공장 태양광,송파구-공장태양광,https://www.solarlink.co.kr/?k=%EC%86%A1%ED%8C%8C%EA%B5%AC-%EA%B3%B5%EC%9E%A5%ED%83%9C%EC%96%91%EA%B4%91,https://www.solarlink.co.kr/?k=송파구-공장태양광,N
143,서울,서울구,송파구,지붕 태양광 임대,송파구 지붕 태양광 임대,송파구-지붕태양광임대,https://www.solarlink.co.kr/?k=%EC%86%A1%ED%8C%8C%EA%B5%AC-%EC%A7%80%EB%B6%95%ED%83%9C%EC%96%91%EA%B4%91%EC%9E%84%EB%8C%80,https://www.solarlink.co.kr/?k=송파구-지붕태양광임대,N
144,서울,서울구,송파구,태양광 발전사업,송파구 태양광 발전사업,송파구-태양광발전사업,https://www.solarlink.co.kr/?k=%EC%86%A1%ED%8C%8C%EA%B5%AC-%ED%83%9C%EC%96%91%EA%B4%91%EB%B0%9C%EC%A0%84%EC%82%AC%EC%97%85,https://www.solarlink.co.kr/?k=송파구-태양광발전사업,N
145,서울,서울구,양천구,태양광 설치,양천구 태양광 설치,양천구-태양광설치,https://www.solarlink.co.kr/?k=%EC%96%91%EC%B2%9C%EA%B5%AC-%ED%83%9C%EC%96%91%EA%B4%91%EC%84%A4%EC%B9%98,https://www.solarlink.co.kr/?k=양천구-태양광설치,N
146,서울,서울구,양천구,태양광 업체,양천구 태양광 업체,양천구-태양광업체,https://www.solarlink.co.kr/?k=%EC%96%91%EC%B2%9C%EA%B5%AC-%ED%83%9C%EC%96%91%EA%B4%91%EC%97%85%EC%B2%B4,https://www.solarlink.co.kr/?k=양천구-태양광업체,N
147,서울,서울구,양천구,건물 태양광,양천구 건물 태양광,양천구-건물태양광,https://www.solarlink.co.kr/?k=%EC%96%91%EC%B2%9C%EA%B5%AC-%EA%B1%B4%EB%AC%BC%ED%83%9C%EC%96%91%EA%B4%91,https://www.solarlink.co.kr/?k=양천구-건물태양광,N
148,서울,서울구,양천구,옥상 태양광,양천구 옥상 태양광,양천구-옥상태양광,https://www.solarlink.co.kr/?k=%EC%96%91%EC%B2%9C%EA%B5%AC-%EC%98%A5%EC%83%81%ED%83%9C%EC%96%91%EA%B4%91,https://www.solarlink.co.kr/?k=양천구-옥상태양광,N
149,서울,서울구,양천구,상가 태양광,양천구 상가 태양광,양천구-상가태양광,https://www.solarlink.co.kr/?k=%EC%96%91%EC%B2%9C%EA%B5%AC-%EC%83%81%EA%B0%80%ED%83%9C%EC%96%91%EA%B4%91,https://www.solarlink.co.kr/?k=양천구-상가태양광,N
150,서울,서울구,양천구,공장 태양광,양천구 공장 태양광,양천구-공장태양광,https://www.solarlink.co.kr/?k=%EC%96%91%EC%B2%9C%EA%B5%AC-%EA%B3%B5%EC%9E%A5%ED%83%9C%EC%96%91%EA%B4%91,https://www.solarlink.co.kr/?k=양천구-공장태양광,N
151,서울,서울구,양천구,지붕 태양광 임대,양천구 지붕 태양광 임대,양천구-지붕태양광임대,https://www.solarlink.co.kr/?k=%EC%96%91%EC%B2%9C%EA%B5%AC-%EC%A7%80%EB%B6%95%ED%83%9C%EC%96%91%EA%B4%91%EC%9E%84%EB%8C%80,https://www.solarlink.co.kr/?k=양천구-지붕태양광임대,N
152,서울,서울구,양천구,태양광 발전사업,양천구 태양광 발전사업,양천구-태양광발전사업,https://www.solarlink.co.kr/?k=%EC%96%91%EC%B2%9C%EA%B5%AC-%ED%83%9C%EC%96%91%EA%B4%91%EB%B0%9C%EC%A0%84%EC%82%AC%EC%97%85,https://www.solarlink.co.kr/?k=양천구-태양광발전사업,N
153,서울,서울구,영등포구,태양광 설치,영등포구 태양광 설치,영등포구-태양광설치,https://www.solarlink.co.kr/?k=%EC%98%81%EB%93%B1%ED%8F%AC%EA%B5%AC-%ED%83%9C%EC%96%91%EA%B4%91%EC%84%A4%EC%B9%98,https://www.solarlink.co.kr/?k=영등포구-태양광설치,N
154,서울,서울구,영등포구,태양광 업체,영등포구 태양광 업체,영등포구-태양광업체,https://www.solarlink.co.kr/?k=%EC%98%81%EB%93%B1%ED%8F%AC%EA%B5%AC-%ED%83%9C%EC%96%91%EA%B4%91%EC%97%85%EC%B2%B4,https://www.solarlink.co.kr/?k=영등포구-태양광업체,N
155,서울,서울구,영등포구,건물 태양광,영등포구 건물 태양광,영등포구-건물태양광,https://www.solarlink.co.kr/?k=%EC%98%81%EB%93%B1%ED%8F%AC%EA%B5%AC-%EA%B1%B4%EB%AC%BC%ED%83%9C%EC%96%91%EA%B4%91,https://www.solarlink.co.kr/?k=영등포구-건물태양광,N
156,서울,서울구,영등포구,옥상 태양광,영등포구 옥상 태양광,영등포구-옥상태양광,https://www.solarlink.co.kr/?k=%EC%98%81%EB%93%B1%ED%8F%AC%EA%B5%AC-%EC%98%A5%EC%83%81%ED%83%9C%EC%96%91%EA%B4%91,https://www.solarlink.co.kr/?k=영등포구-옥상태양광,N
157,서울,서울구,영등포구,상가 태양광,영등포구 상가 태양광,영등포구-상가태양광,https://www.solarlink.co.kr/?k=%EC%98%81%EB%93%B1%ED%8F%AC%EA%B5%AC-%EC%83%81%EA%B0%80%ED%83%9C%EC%96%91%EA%B4%91,https://www.solarlink.co.kr/?k=영등포구-상가태양광,N
158,서울,서울구,영등포구,공장 태양광,영등포구 공장 태양광,영등포구-공장태양광,https://www.solarlink.co.kr/?k=%EC%98%81%EB%93%B1%ED%8F%AC%EA%B5%AC-%EA%B3%B5%EC%9E%A5%ED%83%9C%EC%96%91%EA%B4%91,https://www.solarlink.co.kr/?k=영등포구-공장태양광,N
159,서울,서울구,영등포구,지붕 태양광 임대,영등포구 지붕 태양광 임대,영등포구-지붕태양광임대,https://www.solarlink.co.kr/?k=%EC%98%81%EB%93%B1%ED%8F%AC%EA%B5%AC-%EC%A7%80%EB%B6%95%ED%83%9C%EC%96%91%EA%B4%91%EC%9E%84%EB%8C%80,https://www.solarlink.co.kr/?k=영등포구-지붕태양광임대,N
160,서울,서울구,영등포구,태양광 발전사업,영등포구 태양광 발전사업,영등포구-태양광발전사업,https://www.solarlink.co.kr/?k=%EC%98%81%EB%93%B1%ED%8F%AC%EA%B5%AC-%ED%83%9C%EC%96%91%EA%B4%91%EB%B0%9C%EC%A0%84%EC%82%AC%EC%97%85,https://www.solarlink.co.kr/?k=영등포구-태양광발전사업,N
161,서울,서울구,용산구,태양광 설치,용산구 태양광 설치,용산구-태양광설치,https://www.solarlink.co.kr/?k=%EC%9A%A9%EC%82%B0%EA%B5%AC-%ED%83%9C%EC%96%91%EA%B4%91%EC%84%A4%EC%B9%98,https://www.solarlink.co.kr/?k=용산구-태양광설치,N
162,서울,서울구,용산구,태양광 업체,용산구 태양광 업체,용산구-태양광업체,https://www.solarlink.co.kr/?k=%EC%9A%A9%EC%82%B0%EA%B5%AC-%ED%83%9C%EC%96%91%EA%B4%91%EC%97%85%EC%B2%B4,https://www.solarlink.co.kr/?k=용산구-태양광업체,N
163,서울,서울구,용산구,건물 태양광,용산구 건물 태양광,용산구-건물태양광,https://www.solarlink.co.kr/?k=%EC%9A%A9%EC%82%B0%EA%B5%AC-%EA%B1%B4%EB%AC%BC%ED%83%9C%EC%96%91%EA%B4%91,https://www.solarlink.co.kr/?k=용산구-건물태양광,N
164,서울,서울구,용산구,옥상 태양광,용산구 옥상 태양광,용산구-옥상태양광,https://www.solarlink.co.kr/?k=%EC%9A%A9%EC%82%B0%EA%B5%AC-%EC%98%A5%EC%83%81%ED%83%9C%EC%96%91%EA%B4%91,https://www.solarlink.co.kr/?k=용산구-옥상태양광,N
165,서울,서울구,용산구,상가 태양광,용산구 상가 태양광,용산구-상가태양광,https://www.solarlink.co.kr/?k=%EC%9A%A9%EC%82%B0%EA%B5%AC-%EC%83%81%EA%B0%80%ED%83%9C%EC%96%91%EA%B4%91,https://www.solarlink.co.kr/?k=용산구-상가태양광,N
166,서울,서울구,용산구,공장 태양광,용산구 공장 태양광,용산구-공장태양광,https://www.solarlink.co.kr/?k=%EC%9A%A9%EC%82%B0%EA%B5%AC-%EA%B3%B5%EC%9E%A5%ED%83%9C%EC%96%91%EA%B4%91,https://www.solarlink.co.kr/?k=용산구-공장태양광,N
167,서울,서울구,용산구,지붕 태양광 임대,용산구 지붕 태양광 임대,용산구-지붕태양광임대,https://www.solarlink.co.kr/?k=%EC%9A%A9%EC%82%B0%EA%B5%AC-%EC%A7%80%EB%B6%95%ED%83%9C%EC%96%91%EA%B4%91%EC%9E%84%EB%8C%80,https://www.solarlink.co.kr/?k=용산구-지붕태양광임대,N
168,서울,서울구,용산구,태양광 발전사업,용산구 태양광 발전사업,용산구-태양광발전사업,https://www.solarlink.co.kr/?k=%EC%9A%A9%EC%82%B0%EA%B5%AC-%ED%83%9C%EC%96%91%EA%B4%91%EB%B0%9C%EC%A0%84%EC%82%AC%EC%97%85,https://www.solarlink.co.kr/?k=용산구-태양광발전사업,N
169,서울,서울구,은평구,태양광 설치,은평구 태양광 설치,은평구-태양광설치,https://www.solarlink.co.kr/?k=%EC%9D%80%ED%8F%89%EA%B5%AC-%ED%83%9C%EC%96%91%EA%B4%91%EC%84%A4%EC%B9%98,https://www.solarlink.co.kr/?k=은평구-태양광설치,N
170,서울,서울구,은평구,태양광 업체,은평구 태양광 업체,은평구-태양광업체,https://www.solarlink.co.kr/?k=%EC%9D%80%ED%8F%89%EA%B5%AC-%ED%83%9C%EC%96%91%EA%B4%91%EC%97%85%EC%B2%B4,https://www.solarlink.co.kr/?k=은평구-태양광업체,N
171,서울,서울구,은평구,건물 태양광,은평구 건물 태양광,은평구-건물태양광,https://www.solarlink.co.kr/?k=%EC%9D%80%ED%8F%89%EA%B5%AC-%EA%B1%B4%EB%AC%BC%ED%83%9C%EC%96%91%EA%B4%91,https://www.solarlink.co.kr/?k=은평구-건물태양광,N
172,서울,서울구,은평구,옥상 태양광,은평구 옥상 태양광,은평구-옥상태양광,https://www.solarlink.co.kr/?k=%EC%9D%80%ED%8F%89%EA%B5%AC-%EC%98%A5%EC%83%81%ED%83%9C%EC%96%91%EA%B4%91,https://www.solarlink.co.kr/?k=은평구-옥상태양광,N
173,서울,서울구,은평구,상가 태양광,은평구 상가 태양광,은평구-상가태양광,https://www.solarlink.co.kr/?k=%EC%9D%80%ED%8F%89%EA%B5%AC-%EC%83%81%EA%B0%80%ED%83%9C%EC%96%91%EA%B4%91,https://www.solarlink.co.kr/?k=은평구-상가태양광,N
174,서울,서울구,은평구,공장 태양광,은평구 공장 태양광,은평구-공장태양광,https://www.solarlink.co.kr/?k=%EC%9D%80%ED%8F%89%EA%B5%AC-%EA%B3%B5%EC%9E%A5%ED%83%9C%EC%96%91%EA%B4%91,https://www.solarlink.co.kr/?k=은평구-공장태양광,N
175,서울,서울구,은평구,지붕 태양광 임대,은평구 지붕 태양광 임대,은평구-지붕태양광임대,https://www.solarlink.co.kr/?k=%EC%9D%80%ED%8F%89%EA%B5%AC-%EC%A7%80%EB%B6%95%ED%83%9C%EC%96%91%EA%B4%91%EC%9E%84%EB%8C%80,https://www.solarlink.co.kr/?k=은평구-지붕태양광임대,N
176,서울,서울구,은평구,태양광 발전사업,은평구 태양광 발전사업,은평구-태양광발전사업,https://www.solarlink.co.kr/?k=%EC%9D%80%ED%8F%89%EA%B5%AC-%ED%83%9C%EC%96%91%EA%B4%91%EB%B0%9C%EC%A0%84%EC%82%AC%EC%97%85,https://www.solarlink.co.kr/?k=은평구-태양광발전사업,N
177,서울,서울구,종로구,태양광 설치,종로구 태양광 설치,종로구-태양광설치,https://www.solarlink.co.kr/?k=%EC%A2%85%EB%A1%9C%EA%B5%AC-%ED%83%9C%EC%96%91%EA%B4%91%EC%84%A4%EC%B9%98,https://www.solarlink.co.kr/?k=종로구-태양광설치,N
178,서울,서울구,종로구,태양광 업체,종로구 태양광 업체,종로구-태양광업체,https://www.solarlink.co.kr/?k=%EC%A2%85%EB%A1%9C%EA%B5%AC-%ED%83%9C%EC%96%91%EA%B4%91%EC%97%85%EC%B2%B4,https://www.solarlink.co.kr/?k=종로구-태양광업체,N
179,서울,서울구,종로구,건물 태양광,종로구 건물 태양광,종로구-건물태양광,https://www.solarlink.co.kr/?k=%EC%A2%85%EB%A1%9C%EA%B5%AC-%EA%B1%B4%EB%AC%BC%ED%83%9C%EC%96%91%EA%B4%91,https://www.solarlink.co.kr/?k=종로구-건물태양광,N
180,서울,서울구,종로구,옥상 태양광,종로구 옥상 태양광,종로구-옥상태양광,https://www.solarlink.co.kr/?k=%EC%A2%85%EB%A1%9C%EA%B5%AC-%EC%98%A5%EC%83%81%ED%83%9C%EC%96%91%EA%B4%91,https://www.solarlink.co.kr/?k=종로구-옥상태양광,N
181,서울,서울구,종로구,상가 태양광,종로구 상가 태양광,종로구-상가태양광,https://www.solarlink.co.kr/?k=%EC%A2%85%EB%A1%9C%EA%B5%AC-%EC%83%81%EA%B0%80%ED%83%9C%EC%96%91%EA%B4%91,https://www.solarlink.co.kr/?k=종로구-상가태양광,N
182,서울,서울구,종로구,공장 태양광,종로구 공장 태양광,종로구-공장태양광,https://www.solarlink.co.kr/?k=%EC%A2%85%EB%A1%9C%EA%B5%AC-%EA%B3%B5%EC%9E%A5%ED%83%9C%EC%96%91%EA%B4%91,https://www.solarlink.co.kr/?k=종로구-공장태양광,N
183,서울,서울구,종로구,지붕 태양광 임대,종로구 지붕 태양광 임대,종로구-지붕태양광임대,https://www.solarlink.co.kr/?k=%EC%A2%85%EB%A1%9C%EA%B5%AC-%EC%A7%80%EB%B6%95%ED%83%9C%EC%96%91%EA%B4%91%EC%9E%84%EB%8C%80,https://www.solarlink.co.kr/?k=종로구-지붕태양광임대,N
184,서울,서울구,종로구,태양광 발전사업,종로구 태양광 발전사업,종로구-태양광발전사업,https://www.solarlink.co.kr/?k=%EC%A2%85%EB%A1%9C%EA%B5%AC-%ED%83%9C%EC%96%91%EA%B4%91%EB%B0%9C%EC%A0%84%EC%82%AC%EC%97%85,https://www.solarlink.co.kr/?k=종로구-태양광발전사업,N
185,서울,서울구,중구,태양광 설치,중구 태양광 설치,중구-태양광설치,https://www.solarlink.co.kr/?k=%EC%A4%91%EA%B5%AC-%ED%83%9C%EC%96%91%EA%B4%91%EC%84%A4%EC%B9%98,https://www.solarlink.co.kr/?k=중구-태양광설치,N
186,서울,서울구,중구,태양광 업체,중구 태양광 업체,중구-태양광업체,https://www.solarlink.co.kr/?k=%EC%A4%91%EA%B5%AC-%ED%83%9C%EC%96%91%EA%B4%91%EC%97%85%EC%B2%B4,https://www.solarlink.co.kr/?k=중구-태양광업체,N
187,서울,서울구,중구,건물 태양광,중구 건물 태양광,중구-건물태양광,https://www.solarlink.co.kr/?k=%EC%A4%91%EA%B5%AC-%EA%B1%B4%EB%AC%BC%ED%83%9C%EC%96%91%EA%B4%91,https://www.solarlink.co.kr/?k=중구-건물태양광,N
188,서울,서울구,중구,옥상 태양광,중구 옥상 태양광,중구-옥상태양광,https://www.solarlink.co.kr/?k=%EC%A4%91%EA%B5%AC-%EC%98%A5%EC%83%81%ED%83%9C%EC%96%91%EA%B4%91,https://www.solarlink.co.kr/?k=중구-옥상태양광,N
189,서울,서울구,중구,상가 태양광,중구 상가 태양광,중구-상가태양광,https://www.solarlink.co.kr/?k=%EC%A4%91%EA%B5%AC-%EC%83%81%EA%B0%80%ED%83%9C%EC%96%91%EA%B4%91,https://www.solarlink.co.kr/?k=중구-상가태양광,N
190,서울,서울구,중구,공장 태양광,중구 공장 태양광,중구-공장태양광,https://www.solarlink.co.kr/?k=%EC%A4%91%EA%B5%AC-%EA%B3%B5%EC%9E%A5%ED%83%9C%EC%96%91%EA%B4%91,https://www.solarlink.co.kr/?k=중구-공장태양광,N
191,서울,서울구,중구,지붕 태양광 임대,중구 지붕 태양광 임대,중구-지붕태양광임대,https://www.solarlink.co.kr/?k=%EC%A4%91%EA%B5%AC-%EC%A7%80%EB%B6%95%ED%83%9C%EC%96%91%EA%B4%91%EC%9E%84%EB%8C%80,https://www.solarlink.co.kr/?k=중구-지붕태양광임대,N
192,서울,서울구,중구,태양광 발전사업,중구 태양광 발전사업,중구-태양광발전사업,https://www.solarlink.co.kr/?k=%EC%A4%91%EA%B5%AC-%ED%83%9C%EC%96%91%EA%B4%91%EB%B0%9C%EC%A0%84%EC%82%AC%EC%97%85,https://www.solarlink.co.kr/?k=중구-태양광발전사업,N
193,서울,서울구,중랑구,태양광 설치,중랑구 태양광 설치,중랑구-태양광설치,https://www.solarlink.co.kr/?k=%EC%A4%91%EB%9E%91%EA%B5%AC-%ED%83%9C%EC%96%91%EA%B4%91%EC%84%A4%EC%B9%98,https://www.solarlink.co.kr/?k=중랑구-태양광설치,N
194,서울,서울구,중랑구,태양광 업체,중랑구 태양광 업체,중랑구-태양광업체,https://www.solarlink.co.kr/?k=%EC%A4%91%EB%9E%91%EA%B5%AC-%ED%83%9C%EC%96%91%EA%B4%91%EC%97%85%EC%B2%B4,https://www.solarlink.co.kr/?k=중랑구-태양광업체,N
195,서울,서울구,중랑구,건물 태양광,중랑구 건물 태양광,중랑구-건물태양광,https://www.solarlink.co.kr/?k=%EC%A4%91%EB%9E%91%EA%B5%AC-%EA%B1%B4%EB%AC%BC%ED%83%9C%EC%96%91%EA%B4%91,https://www.solarlink.co.kr/?k=중랑구-건물태양광,N
196,서울,서울구,중랑구,옥상 태양광,중랑구 옥상 태양광,중랑구-옥상태양광,https://www.solarlink.co.kr/?k=%EC%A4%91%EB%9E%91%EA%B5%AC-%EC%98%A5%EC%83%81%ED%83%9C%EC%96%91%EA%B4%91,https://www.solarlink.co.kr/?k=중랑구-옥상태양광,N
197,서울,서울구,중랑구,상가 태양광,중랑구 상가 태양광,중랑구-상가태양광,https://www.solarlink.co.kr/?k=%EC%A4%91%EB%9E%91%EA%B5%AC-%EC%83%81%EA%B0%80%ED%83%9C%EC%96%91%EA%B4%91,https://www.solarlink.co.kr/?k=중랑구-상가태양광,N
198,서울,서울구,중랑구,공장 태양광,중랑구 공장 태양광,중랑구-공장태양광,https://www.solarlink.co.kr/?k=%EC%A4%91%EB%9E%91%EA%B5%AC-%EA%B3%B5%EC%9E%A5%ED%83%9C%EC%96%91%EA%B4%91,https://www.solarlink.co.kr/?k=중랑구-공장태양광,N
199,서울,서울구,중랑구,지붕 태양광 임대,중랑구 지붕 태양광 임대,중랑구-지붕태양광임대,https://www.solarlink.co.kr/?k=%EC%A4%91%EB%9E%91%EA%B5%AC-%EC%A7%80%EB%B6%95%ED%83%9C%EC%96%91%EA%B4%91%EC%9E%84%EB%8C%80,https://www.solarlink.co.kr/?k=중랑구-지붕태양광임대,N
200,서울,서울구,중랑구,태양광 발전사업,중랑구 태양광 발전사업,중랑구-태양광발전사업,https://www.solarlink.co.kr/?k=%EC%A4%91%EB%9E%91%EA%B5%AC-%ED%83%9C%EC%96%91%EA%B4%91%EB%B0%9C%EC%A0%84%EC%82%AC%EC%97%85,https://www.solarlink.co.kr/?k=중랑구-태양광발전사업,N
201,경기,경기시군,수원,태양광 설치,수원 태양광 설치,수원-태양광설치,https://www.solarlink.co.kr/?k=%EC%88%98%EC%9B%90-%ED%83%9C%EC%96%91%EA%B4%91%EC%84%A4%EC%B9%98,https://www.solarlink.co.kr/?k=수원-태양광설치,N
202,경기,경기시군,수원,태양광 업체,수원 태양광 업체,수원-태양광업체,https://www.solarlink.co.kr/?k=%EC%88%98%EC%9B%90-%ED%83%9C%EC%96%91%EA%B4%91%EC%97%85%EC%B2%B4,https://www.solarlink.co.kr/?k=수원-태양광업체,N
203,경기,경기시군,수원,공장 태양광,수원 공장 태양광,수원-공장태양광,https://www.solarlink.co.kr/?k=%EC%88%98%EC%9B%90-%EA%B3%B5%EC%9E%A5%ED%83%9C%EC%96%91%EA%B4%91,https://www.solarlink.co.kr/?k=수원-공장태양광,N
204,경기,경기시군,수원,공장 지붕 태양광,수원 공장 지붕 태양광,수원-공장지붕태양광,https://www.solarlink.co.kr/?k=%EC%88%98%EC%9B%90-%EA%B3%B5%EC%9E%A5%EC%A7%80%EB%B6%95%ED%83%9C%EC%96%91%EA%B4%91,https://www.solarlink.co.kr/?k=수원-공장지붕태양광,N
205,경기,경기시군,수원,창고 태양광,수원 창고 태양광,수원-창고태양광,https://www.solarlink.co.kr/?k=%EC%88%98%EC%9B%90-%EC%B0%BD%EA%B3%A0%ED%83%9C%EC%96%91%EA%B4%91,https://www.solarlink.co.kr/?k=수원-창고태양광,N
206,경기,경기시군,수원,축사 태양광,수원 축사 태양광,수원-축사태양광,https://www.solarlink.co.kr/?k=%EC%88%98%EC%9B%90-%EC%B6%95%EC%82%AC%ED%83%9C%EC%96%91%EA%B4%91,https://www.solarlink.co.kr/?k=수원-축사태양광,N
207,경기,경기시군,수원,지붕 태양광 임대,수원 지붕 태양광 임대,수원-지붕태양광임대,https://www.solarlink.co.kr/?k=%EC%88%98%EC%9B%90-%EC%A7%80%EB%B6%95%ED%83%9C%EC%96%91%EA%B4%91%EC%9E%84%EB%8C%80,https://www.solarlink.co.kr/?k=수원-지붕태양광임대,N
208,경기,경기시군,수원,태양광 발전사업,수원 태양광 발전사업,수원-태양광발전사업,https://www.solarlink.co.kr/?k=%EC%88%98%EC%9B%90-%ED%83%9C%EC%96%91%EA%B4%91%EB%B0%9C%EC%A0%84%EC%82%AC%EC%97%85,https://www.solarlink.co.kr/?k=수원-태양광발전사업,N
209,경기,경기시군,성남,태양광 설치,성남 태양광 설치,성남-태양광설치,https://www.solarlink.co.kr/?k=%EC%84%B1%EB%82%A8-%ED%83%9C%EC%96%91%EA%B4%91%EC%84%A4%EC%B9%98,https://www.solarlink.co.kr/?k=성남-태양광설치,N
210,경기,경기시군,성남,태양광 업체,성남 태양광 업체,성남-태양광업체,https://www.solarlink.co.kr/?k=%EC%84%B1%EB%82%A8-%ED%83%9C%EC%96%91%EA%B4%91%EC%97%85%EC%B2%B4,https://www.solarlink.co.kr/?k=성남-태양광업체,N
211,경기,경기시군,성남,공장 태양광,성남 공장 태양광,성남-공장태양광,https://www.solarlink.co.kr/?k=%EC%84%B1%EB%82%A8-%EA%B3%B5%EC%9E%A5%ED%83%9C%EC%96%91%EA%B4%91,https://www.solarlink.co.kr/?k=성남-공장태양광,N
212,경기,경기시군,성남,공장 지붕 태양광,성남 공장 지붕 태양광,성남-공장지붕태양광,https://www.solarlink.co.kr/?k=%EC%84%B1%EB%82%A8-%EA%B3%B5%EC%9E%A5%EC%A7%80%EB%B6%95%ED%83%9C%EC%96%91%EA%B4%91,https://www.solarlink.co.kr/?k=성남-공장지붕태양광,N
213,경기,경기시군,성남,창고 태양광,성남 창고 태양광,성남-창고태양광,https://www.solarlink.co.kr/?k=%EC%84%B1%EB%82%A8-%EC%B0%BD%EA%B3%A0%ED%83%9C%EC%96%91%EA%B4%91,https://www.solarlink.co.kr/?k=성남-창고태양광,N
214,경기,경기시군,성남,축사 태양광,성남 축사 태양광,성남-축사태양광,https://www.solarlink.co.kr/?k=%EC%84%B1%EB%82%A8-%EC%B6%95%EC%82%AC%ED%83%9C%EC%96%91%EA%B4%91,https://www.solarlink.co.kr/?k=성남-축사태양광,N
215,경기,경기시군,성남,지붕 태양광 임대,성남 지붕 태양광 임대,성남-지붕태양광임대,https://www.solarlink.co.kr/?k=%EC%84%B1%EB%82%A8-%EC%A7%80%EB%B6%95%ED%83%9C%EC%96%91%EA%B4%91%EC%9E%84%EB%8C%80,https://www.solarlink.co.kr/?k=성남-지붕태양광임대,N
216,경기,경기시군,성남,태양광 발전사업,성남 태양광 발전사업,성남-태양광발전사업,https://www.solarlink.co.kr/?k=%EC%84%B1%EB%82%A8-%ED%83%9C%EC%96%91%EA%B4%91%EB%B0%9C%EC%A0%84%EC%82%AC%EC%97%85,https://www.solarlink.co.kr/?k=성남-태양광발전사업,N
217,경기,경기시군,고양,태양광 설치,고양 태양광 설치,고양-태양광설치,https://www.solarlink.co.kr/?k=%EA%B3%A0%EC%96%91-%ED%83%9C%EC%96%91%EA%B4%91%EC%84%A4%EC%B9%98,https://www.solarlink.co.kr/?k=고양-태양광설치,N
218,경기,경기시군,고양,태양광 업체,고양 태양광 업체,고양-태양광업체,https://www.solarlink.co.kr/?k=%EA%B3%A0%EC%96%91-%ED%83%9C%EC%96%91%EA%B4%91%EC%97%85%EC%B2%B4,https://www.solarlink.co.kr/?k=고양-태양광업체,N
219,경기,경기시군,고양,공장 태양광,고양 공장 태양광,고양-공장태양광,https://www.solarlink.co.kr/?k=%EA%B3%A0%EC%96%91-%EA%B3%B5%EC%9E%A5%ED%83%9C%EC%96%91%EA%B4%91,https://www.solarlink.co.kr/?k=고양-공장태양광,N
220,경기,경기시군,고양,공장 지붕 태양광,고양 공장 지붕 태양광,고양-공장지붕태양광,https://www.solarlink.co.kr/?k=%EA%B3%A0%EC%96%91-%EA%B3%B5%EC%9E%A5%EC%A7%80%EB%B6%95%ED%83%9C%EC%96%91%EA%B4%91,https://www.solarlink.co.kr/?k=고양-공장지붕태양광,N
221,경기,경기시군,고양,창고 태양광,고양 창고 태양광,고양-창고태양광,https://www.solarlink.co.kr/?k=%EA%B3%A0%EC%96%91-%EC%B0%BD%EA%B3%A0%ED%83%9C%EC%96%91%EA%B4%91,https://www.solarlink.co.kr/?k=고양-창고태양광,N
222,경기,경기시군,고양,축사 태양광,고양 축사 태양광,고양-축사태양광,https://www.solarlink.co.kr/?k=%EA%B3%A0%EC%96%91-%EC%B6%95%EC%82%AC%ED%83%9C%EC%96%91%EA%B4%91,https://www.solarlink.co.kr/?k=고양-축사태양광,N
223,경기,경기시군,고양,지붕 태양광 임대,고양 지붕 태양광 임대,고양-지붕태양광임대,https://www.solarlink.co.kr/?k=%EA%B3%A0%EC%96%91-%EC%A7%80%EB%B6%95%ED%83%9C%EC%96%91%EA%B4%91%EC%9E%84%EB%8C%80,https://www.solarlink.co.kr/?k=고양-지붕태양광임대,N
224,경기,경기시군,고양,태양광 발전사업,고양 태양광 발전사업,고양-태양광발전사업,https://www.solarlink.co.kr/?k=%EA%B3%A0%EC%96%91-%ED%83%9C%EC%96%91%EA%B4%91%EB%B0%9C%EC%A0%84%EC%82%AC%EC%97%85,https://www.solarlink.co.kr/?k=고양-태양광발전사업,N
225,경기,경기시군,용인,태양광 설치,용인 태양광 설치,용인-태양광설치,https://www.solarlink.co.kr/?k=%EC%9A%A9%EC%9D%B8-%ED%83%9C%EC%96%91%EA%B4%91%EC%84%A4%EC%B9%98,https://www.solarlink.co.kr/?k=용인-태양광설치,N
226,경기,경기시군,용인,태양광 업체,용인 태양광 업체,용인-태양광업체,https://www.solarlink.co.kr/?k=%EC%9A%A9%EC%9D%B8-%ED%83%9C%EC%96%91%EA%B4%91%EC%97%85%EC%B2%B4,https://www.solarlink.co.kr/?k=용인-태양광업체,N
227,경기,경기시군,용인,공장 태양광,용인 공장 태양광,용인-공장태양광,https://www.solarlink.co.kr/?k=%EC%9A%A9%EC%9D%B8-%EA%B3%B5%EC%9E%A5%ED%83%9C%EC%96%91%EA%B4%91,https://www.solarlink.co.kr/?k=용인-공장태양광,N
228,경기,경기시군,용인,공장 지붕 태양광,용인 공장 지붕 태양광,용인-공장지붕태양광,https://www.solarlink.co.kr/?k=%EC%9A%A9%EC%9D%B8-%EA%B3%B5%EC%9E%A5%EC%A7%80%EB%B6%95%ED%83%9C%EC%96%91%EA%B4%91,https://www.solarlink.co.kr/?k=용인-공장지붕태양광,N
229,경기,경기시군,용인,창고 태양광,용인 창고 태양광,용인-창고태양광,https://www.solarlink.co.kr/?k=%EC%9A%A9%EC%9D%B8-%EC%B0%BD%EA%B3%A0%ED%83%9C%EC%96%91%EA%B4%91,https://www.solarlink.co.kr/?k=용인-창고태양광,N
230,경기,경기시군,용인,축사 태양광,용인 축사 태양광,용인-축사태양광,https://www.solarlink.co.kr/?k=%EC%9A%A9%EC%9D%B8-%EC%B6%95%EC%82%AC%ED%83%9C%EC%96%91%EA%B4%91,https://www.solarlink.co.kr/?k=용인-축사태양광,N
231,경기,경기시군,용인,지붕 태양광 임대,용인 지붕 태양광 임대,용인-지붕태양광임대,https://www.solarlink.co.kr/?k=%EC%9A%A9%EC%9D%B8-%EC%A7%80%EB%B6%95%ED%83%9C%EC%96%91%EA%B4%91%EC%9E%84%EB%8C%80,https://www.solarlink.co.kr/?k=용인-지붕태양광임대,N
232,경기,경기시군,용인,태양광 발전사업,용인 태양광 발전사업,용인-태양광발전사업,https://www.solarlink.co.kr/?k=%EC%9A%A9%EC%9D%B8-%ED%83%9C%EC%96%91%EA%B4%91%EB%B0%9C%EC%A0%84%EC%82%AC%EC%97%85,https://www.solarlink.co.kr/?k=용인-태양광발전사업,N
233,경기,경기시군,부천,태양광 설치,부천 태양광 설치,부천-태양광설치,https://www.solarlink.co.kr/?k=%EB%B6%80%EC%B2%9C-%ED%83%9C%EC%96%91%EA%B4%91%EC%84%A4%EC%B9%98,https://www.solarlink.co.kr/?k=부천-태양광설치,N
234,경기,경기시군,부천,태양광 업체,부천 태양광 업체,부천-태양광업체,https://www.solarlink.co.kr/?k=%EB%B6%80%EC%B2%9C-%ED%83%9C%EC%96%91%EA%B4%91%EC%97%85%EC%B2%B4,https://www.solarlink.co.kr/?k=부천-태양광업체,N
235,경기,경기시군,부천,공장 태양광,부천 공장 태양광,부천-공장태양광,https://www.solarlink.co.kr/?k=%EB%B6%80%EC%B2%9C-%EA%B3%B5%EC%9E%A5%ED%83%9C%EC%96%91%EA%B4%91,https://www.solarlink.co.kr/?k=부천-공장태양광,N
236,경기,경기시군,부천,공장 지붕 태양광,부천 공장 지붕 태양광,부천-공장지붕태양광,https://www.solarlink.co.kr/?k=%EB%B6%80%EC%B2%9C-%EA%B3%B5%EC%9E%A5%EC%A7%80%EB%B6%95%ED%83%9C%EC%96%91%EA%B4%91,https://www.solarlink.co.kr/?k=부천-공장지붕태양광,N
237,경기,경기시군,부천,창고 태양광,부천 창고 태양광,부천-창고태양광,https://www.solarlink.co.kr/?k=%EB%B6%80%EC%B2%9C-%EC%B0%BD%EA%B3%A0%ED%83%9C%EC%96%91%EA%B4%91,https://www.solarlink.co.kr/?k=부천-창고태양광,N
238,경기,경기시군,부천,축사 태양광,부천 축사 태양광,부천-축사태양광,https://www.solarlink.co.kr/?k=%EB%B6%80%EC%B2%9C-%EC%B6%95%EC%82%AC%ED%83%9C%EC%96%91%EA%B4%91,https://www.solarlink.co.kr/?k=부천-축사태양광,N
239,경기,경기시군,부천,지붕 태양광 임대,부천 지붕 태양광 임대,부천-지붕태양광임대,https://www.solarlink.co.kr/?k=%EB%B6%80%EC%B2%9C-%EC%A7%80%EB%B6%95%ED%83%9C%EC%96%91%EA%B4%91%EC%9E%84%EB%8C%80,https://www.solarlink.co.kr/?k=부천-지붕태양광임대,N
240,경기,경기시군,부천,태양광 발전사업,부천 태양광 발전사업,부천-태양광발전사업,https://www.solarlink.co.kr/?k=%EB%B6%80%EC%B2%9C-%ED%83%9C%EC%96%91%EA%B4%91%EB%B0%9C%EC%A0%84%EC%82%AC%EC%97%85,https://www.solarlink.co.kr/?k=부천-태양광발전사업,N
241,경기,경기시군,안산,태양광 설치,안산 태양광 설치,안산-태양광설치,https://www.solarlink.co.kr/?k=%EC%95%88%EC%82%B0-%ED%83%9C%EC%96%91%EA%B4%91%EC%84%A4%EC%B9%98,https://www.solarlink.co.kr/?k=안산-태양광설치,N
242,경기,경기시군,안산,태양광 업체,안산 태양광 업체,안산-태양광업체,https://www.solarlink.co.kr/?k=%EC%95%88%EC%82%B0-%ED%83%9C%EC%96%91%EA%B4%91%EC%97%85%EC%B2%B4,https://www.solarlink.co.kr/?k=안산-태양광업체,N
243,경기,경기시군,안산,공장 태양광,안산 공장 태양광,안산-공장태양광,https://www.solarlink.co.kr/?k=%EC%95%88%EC%82%B0-%EA%B3%B5%EC%9E%A5%ED%83%9C%EC%96%91%EA%B4%91,https://www.solarlink.co.kr/?k=안산-공장태양광,N
244,경기,경기시군,안산,공장 지붕 태양광,안산 공장 지붕 태양광,안산-공장지붕태양광,https://www.solarlink.co.kr/?k=%EC%95%88%EC%82%B0-%EA%B3%B5%EC%9E%A5%EC%A7%80%EB%B6%95%ED%83%9C%EC%96%91%EA%B4%91,https://www.solarlink.co.kr/?k=안산-공장지붕태양광,N
245,경기,경기시군,안산,창고 태양광,안산 창고 태양광,안산-창고태양광,https://www.solarlink.co.kr/?k=%EC%95%88%EC%82%B0-%EC%B0%BD%EA%B3%A0%ED%83%9C%EC%96%91%EA%B4%91,https://www.solarlink.co.kr/?k=안산-창고태양광,N
246,경기,경기시군,안산,축사 태양광,안산 축사 태양광,안산-축사태양광,https://www.solarlink.co.kr/?k=%EC%95%88%EC%82%B0-%EC%B6%95%EC%82%AC%ED%83%9C%EC%96%91%EA%B4%91,https://www.solarlink.co.kr/?k=안산-축사태양광,N
247,경기,경기시군,안산,지붕 태양광 임대,안산 지붕 태양광 임대,안산-지붕태양광임대,https://www.solarlink.co.kr/?k=%EC%95%88%EC%82%B0-%EC%A7%80%EB%B6%95%ED%83%9C%EC%96%91%EA%B4%91%EC%9E%84%EB%8C%80,https://www.solarlink.co.kr/?k=안산-지붕태양광임대,N
248,경기,경기시군,안산,태양광 발전사업,안산 태양광 발전사업,안산-태양광발전사업,https://www.solarlink.co.kr/?k=%EC%95%88%EC%82%B0-%ED%83%9C%EC%96%91%EA%B4%91%EB%B0%9C%EC%A0%84%EC%82%AC%EC%97%85,https://www.solarlink.co.kr/?k=안산-태양광발전사업,N
249,경기,경기시군,안양,태양광 설치,안양 태양광 설치,안양-태양광설치,https://www.solarlink.co.kr/?k=%EC%95%88%EC%96%91-%ED%83%9C%EC%96%91%EA%B4%91%EC%84%A4%EC%B9%98,https://www.solarlink.co.kr/?k=안양-태양광설치,N
250,경기,경기시군,안양,태양광 업체,안양 태양광 업체,안양-태양광업체,https://www.solarlink.co.kr/?k=%EC%95%88%EC%96%91-%ED%83%9C%EC%96%91%EA%B4%91%EC%97%85%EC%B2%B4,https://www.solarlink.co.kr/?k=안양-태양광업체,N
251,경기,경기시군,안양,공장 태양광,안양 공장 태양광,안양-공장태양광,https://www.solarlink.co.kr/?k=%EC%95%88%EC%96%91-%EA%B3%B5%EC%9E%A5%ED%83%9C%EC%96%91%EA%B4%91,https://www.solarlink.co.kr/?k=안양-공장태양광,N
252,경기,경기시군,안양,공장 지붕 태양광,안양 공장 지붕 태양광,안양-공장지붕태양광,https://www.solarlink.co.kr/?k=%EC%95%88%EC%96%91-%EA%B3%B5%EC%9E%A5%EC%A7%80%EB%B6%95%ED%83%9C%EC%96%91%EA%B4%91,https://www.solarlink.co.kr/?k=안양-공장지붕태양광,N
253,경기,경기시군,안양,창고 태양광,안양 창고 태양광,안양-창고태양광,https://www.solarlink.co.kr/?k=%EC%95%88%EC%96%91-%EC%B0%BD%EA%B3%A0%ED%83%9C%EC%96%91%EA%B4%91,https://www.solarlink.co.kr/?k=안양-창고태양광,N
254,경기,경기시군,안양,축사 태양광,안양 축사 태양광,안양-축사태양광,https://www.solarlink.co.kr/?k=%EC%95%88%EC%96%91-%EC%B6%95%EC%82%AC%ED%83%9C%EC%96%91%EA%B4%91,https://www.solarlink.co.kr/?k=안양-축사태양광,N
255,경기,경기시군,안양,지붕 태양광 임대,안양 지붕 태양광 임대,안양-지붕태양광임대,https://www.solarlink.co.kr/?k=%EC%95%88%EC%96%91-%EC%A7%80%EB%B6%95%ED%83%9C%EC%96%91%EA%B4%91%EC%9E%84%EB%8C%80,https://www.solarlink.co.kr/?k=안양-지붕태양광임대,N
256,경기,경기시군,안양,태양광 발전사업,안양 태양광 발전사업,안양-태양광발전사업,https://www.solarlink.co.kr/?k=%EC%95%88%EC%96%91-%ED%83%9C%EC%96%91%EA%B4%91%EB%B0%9C%EC%A0%84%EC%82%AC%EC%97%85,https://www.solarlink.co.kr/?k=안양-태양광발전사업,N
257,경기,경기시군,남양주,태양광 설치,남양주 태양광 설치,남양주-태양광설치,https://www.solarlink.co.kr/?k=%EB%82%A8%EC%96%91%EC%A3%BC-%ED%83%9C%EC%96%91%EA%B4%91%EC%84%A4%EC%B9%98,https://www.solarlink.co.kr/?k=남양주-태양광설치,N
258,경기,경기시군,남양주,태양광 업체,남양주 태양광 업체,남양주-태양광업체,https://www.solarlink.co.kr/?k=%EB%82%A8%EC%96%91%EC%A3%BC-%ED%83%9C%EC%96%91%EA%B4%91%EC%97%85%EC%B2%B4,https://www.solarlink.co.kr/?k=남양주-태양광업체,N
259,경기,경기시군,남양주,공장 태양광,남양주 공장 태양광,남양주-공장태양광,https://www.solarlink.co.kr/?k=%EB%82%A8%EC%96%91%EC%A3%BC-%EA%B3%B5%EC%9E%A5%ED%83%9C%EC%96%91%EA%B4%91,https://www.solarlink.co.kr/?k=남양주-공장태양광,N
260,경기,경기시군,남양주,공장 지붕 태양광,남양주 공장 지붕 태양광,남양주-공장지붕태양광,https://www.solarlink.co.kr/?k=%EB%82%A8%EC%96%91%EC%A3%BC-%EA%B3%B5%EC%9E%A5%EC%A7%80%EB%B6%95%ED%83%9C%EC%96%91%EA%B4%91,https://www.solarlink.co.kr/?k=남양주-공장지붕태양광,N
261,경기,경기시군,남양주,창고 태양광,남양주 창고 태양광,남양주-창고태양광,https://www.solarlink.co.kr/?k=%EB%82%A8%EC%96%91%EC%A3%BC-%EC%B0%BD%EA%B3%A0%ED%83%9C%EC%96%91%EA%B4%91,https://www.solarlink.co.kr/?k=남양주-창고태양광,N
262,경기,경기시군,남양주,축사 태양광,남양주 축사 태양광,남양주-축사태양광,https://www.solarlink.co.kr/?k=%EB%82%A8%EC%96%91%EC%A3%BC-%EC%B6%95%EC%82%AC%ED%83%9C%EC%96%91%EA%B4%91,https://www.solarlink.co.kr/?k=남양주-축사태양광,N
263,경기,경기시군,남양주,지붕 태양광 임대,남양주 지붕 태양광 임대,남양주-지붕태양광임대,https://www.solarlink.co.kr/?k=%EB%82%A8%EC%96%91%EC%A3%BC-%EC%A7%80%EB%B6%95%ED%83%9C%EC%96%91%EA%B4%91%EC%9E%84%EB%8C%80,https://www.solarlink.co.kr/?k=남양주-지붕태양광임대,N
264,경기,경기시군,남양주,태양광 발전사업,남양주 태양광 발전사업,남양주-태양광발전사업,https://www.solarlink.co.kr/?k=%EB%82%A8%EC%96%91%EC%A3%BC-%ED%83%9C%EC%96%91%EA%B4%91%EB%B0%9C%EC%A0%84%EC%82%AC%EC%97%85,https://www.solarlink.co.kr/?k=남양주-태양광발전사업,N
265,경기,경기시군,화성,태양광 설치,화성 태양광 설치,화성-태양광설치,https://www.solarlink.co.kr/?k=%ED%99%94%EC%84%B1-%ED%83%9C%EC%96%91%EA%B4%91%EC%84%A4%EC%B9%98,https://www.solarlink.co.kr/?k=화성-태양광설치,N
266,경기,경기시군,화성,태양광 업체,화성 태양광 업체,화성-태양광업체,https://www.solarlink.co.kr/?k=%ED%99%94%EC%84%B1-%ED%83%9C%EC%96%91%EA%B4%91%EC%97%85%EC%B2%B4,https://www.solarlink.co.kr/?k=화성-태양광업체,N
267,경기,경기시군,화성,공장 태양광,화성 공장 태양광,화성-공장태양광,https://www.solarlink.co.kr/?k=%ED%99%94%EC%84%B1-%EA%B3%B5%EC%9E%A5%ED%83%9C%EC%96%91%EA%B4%91,https://www.solarlink.co.kr/?k=화성-공장태양광,N
268,경기,경기시군,화성,공장 지붕 태양광,화성 공장 지붕 태양광,화성-공장지붕태양광,https://www.solarlink.co.kr/?k=%ED%99%94%EC%84%B1-%EA%B3%B5%EC%9E%A5%EC%A7%80%EB%B6%95%ED%83%9C%EC%96%91%EA%B4%91,https://www.solarlink.co.kr/?k=화성-공장지붕태양광,N
269,경기,경기시군,화성,창고 태양광,화성 창고 태양광,화성-창고태양광,https://www.solarlink.co.kr/?k=%ED%99%94%EC%84%B1-%EC%B0%BD%EA%B3%A0%ED%83%9C%EC%96%91%EA%B4%91,https://www.solarlink.co.kr/?k=화성-창고태양광,N
270,경기,경기시군,화성,축사 태양광,화성 축사 태양광,화성-축사태양광,https://www.solarlink.co.kr/?k=%ED%99%94%EC%84%B1-%EC%B6%95%EC%82%AC%ED%83%9C%EC%96%91%EA%B4%91,https://www.solarlink.co.kr/?k=화성-축사태양광,N
271,경기,경기시군,화성,지붕 태양광 임대,화성 지붕 태양광 임대,화성-지붕태양광임대,https://www.solarlink.co.kr/?k=%ED%99%94%EC%84%B1-%EC%A7%80%EB%B6%95%ED%83%9C%EC%96%91%EA%B4%91%EC%9E%84%EB%8C%80,https://www.solarlink.co.kr/?k=화성-지붕태양광임대,N
272,경기,경기시군,화성,태양광 발전사업,화성 태양광 발전사업,화성-태양광발전사업,https://www.solarlink.co.kr/?k=%ED%99%94%EC%84%B1-%ED%83%9C%EC%96%91%EA%B4%91%EB%B0%9C%EC%A0%84%EC%82%AC%EC%97%85,https://www.solarlink.co.kr/?k=화성-태양광발전사업,N
273,경기,경기시군,평택,태양광 설치,평택 태양광 설치,평택-태양광설치,https://www.solarlink.co.kr/?k=%ED%8F%89%ED%83%9D-%ED%83%9C%EC%96%91%EA%B4%91%EC%84%A4%EC%B9%98,https://www.solarlink.co.kr/?k=평택-태양광설치,N
274,경기,경기시군,평택,태양광 업체,평택 태양광 업체,평택-태양광업체,https://www.solarlink.co.kr/?k=%ED%8F%89%ED%83%9D-%ED%83%9C%EC%96%91%EA%B4%91%EC%97%85%EC%B2%B4,https://www.solarlink.co.kr/?k=평택-태양광업체,N
275,경기,경기시군,평택,공장 태양광,평택 공장 태양광,평택-공장태양광,https://www.solarlink.co.kr/?k=%ED%8F%89%ED%83%9D-%EA%B3%B5%EC%9E%A5%ED%83%9C%EC%96%91%EA%B4%91,https://www.solarlink.co.kr/?k=평택-공장태양광,N
276,경기,경기시군,평택,공장 지붕 태양광,평택 공장 지붕 태양광,평택-공장지붕태양광,https://www.solarlink.co.kr/?k=%ED%8F%89%ED%83%9D-%EA%B3%B5%EC%9E%A5%EC%A7%80%EB%B6%95%ED%83%9C%EC%96%91%EA%B4%91,https://www.solarlink.co.kr/?k=평택-공장지붕태양광,N
277,경기,경기시군,평택,창고 태양광,평택 창고 태양광,평택-창고태양광,https://www.solarlink.co.kr/?k=%ED%8F%89%ED%83%9D-%EC%B0%BD%EA%B3%A0%ED%83%9C%EC%96%91%EA%B4%91,https://www.solarlink.co.kr/?k=평택-창고태양광,N
278,경기,경기시군,평택,축사 태양광,평택 축사 태양광,평택-축사태양광,https://www.solarlink.co.kr/?k=%ED%8F%89%ED%83%9D-%EC%B6%95%EC%82%AC%ED%83%9C%EC%96%91%EA%B4%91,https://www.solarlink.co.kr/?k=평택-축사태양광,N
279,경기,경기시군,평택,지붕 태양광 임대,평택 지붕 태양광 임대,평택-지붕태양광임대,https://www.solarlink.co.kr/?k=%ED%8F%89%ED%83%9D-%EC%A7%80%EB%B6%95%ED%83%9C%EC%96%91%EA%B4%91%EC%9E%84%EB%8C%80,https://www.solarlink.co.kr/?k=평택-지붕태양광임대,N
280,경기,경기시군,평택,태양광 발전사업,평택 태양광 발전사업,평택-태양광발전사업,https://www.solarlink.co.kr/?k=%ED%8F%89%ED%83%9D-%ED%83%9C%EC%96%91%EA%B4%91%EB%B0%9C%EC%A0%84%EC%82%AC%EC%97%85,https://www.solarlink.co.kr/?k=평택-태양광발전사업,N
281,경기,경기시군,의정부,태양광 설치,의정부 태양광 설치,의정부-태양광설치,https://www.solarlink.co.kr/?k=%EC%9D%98%EC%A0%95%EB%B6%80-%ED%83%9C%EC%96%91%EA%B4%91%EC%84%A4%EC%B9%98,https://www.solarlink.co.kr/?k=의정부-태양광설치,N
282,경기,경기시군,의정부,태양광 업체,의정부 태양광 업체,의정부-태양광업체,https://www.solarlink.co.kr/?k=%EC%9D%98%EC%A0%95%EB%B6%80-%ED%83%9C%EC%96%91%EA%B4%91%EC%97%85%EC%B2%B4,https://www.solarlink.co.kr/?k=의정부-태양광업체,N
283,경기,경기시군,의정부,공장 태양광,의정부 공장 태양광,의정부-공장태양광,https://www.solarlink.co.kr/?k=%EC%9D%98%EC%A0%95%EB%B6%80-%EA%B3%B5%EC%9E%A5%ED%83%9C%EC%96%91%EA%B4%91,https://www.solarlink.co.kr/?k=의정부-공장태양광,N
284,경기,경기시군,의정부,공장 지붕 태양광,의정부 공장 지붕 태양광,의정부-공장지붕태양광,https://www.solarlink.co.kr/?k=%EC%9D%98%EC%A0%95%EB%B6%80-%EA%B3%B5%EC%9E%A5%EC%A7%80%EB%B6%95%ED%83%9C%EC%96%91%EA%B4%91,https://www.solarlink.co.kr/?k=의정부-공장지붕태양광,N
285,경기,경기시군,의정부,창고 태양광,의정부 창고 태양광,의정부-창고태양광,https://www.solarlink.co.kr/?k=%EC%9D%98%EC%A0%95%EB%B6%80-%EC%B0%BD%EA%B3%A0%ED%83%9C%EC%96%91%EA%B4%91,https://www.solarlink.co.kr/?k=의정부-창고태양광,N
286,경기,경기시군,의정부,축사 태양광,의정부 축사 태양광,의정부-축사태양광,https://www.solarlink.co.kr/?k=%EC%9D%98%EC%A0%95%EB%B6%80-%EC%B6%95%EC%82%AC%ED%83%9C%EC%96%91%EA%B4%91,https://www.solarlink.co.kr/?k=의정부-축사태양광,N
287,경기,경기시군,의정부,지붕 태양광 임대,의정부 지붕 태양광 임대,의정부-지붕태양광임대,https://www.solarlink.co.kr/?k=%EC%9D%98%EC%A0%95%EB%B6%80-%EC%A7%80%EB%B6%95%ED%83%9C%EC%96%91%EA%B4%91%EC%9E%84%EB%8C%80,https://www.solarlink.co.kr/?k=의정부-지붕태양광임대,N
288,경기,경기시군,의정부,태양광 발전사업,의정부 태양광 발전사업,의정부-태양광발전사업,https://www.solarlink.co.kr/?k=%EC%9D%98%EC%A0%95%EB%B6%80-%ED%83%9C%EC%96%91%EA%B4%91%EB%B0%9C%EC%A0%84%EC%82%AC%EC%97%85,https://www.solarlink.co.kr/?k=의정부-태양광발전사업,N
289,경기,경기시군,시흥,태양광 설치,시흥 태양광 설치,시흥-태양광설치,https://www.solarlink.co.kr/?k=%EC%8B%9C%ED%9D%A5-%ED%83%9C%EC%96%91%EA%B4%91%EC%84%A4%EC%B9%98,https://www.solarlink.co.kr/?k=시흥-태양광설치,N
290,경기,경기시군,시흥,태양광 업체,시흥 태양광 업체,시흥-태양광업체,https://www.solarlink.co.kr/?k=%EC%8B%9C%ED%9D%A5-%ED%83%9C%EC%96%91%EA%B4%91%EC%97%85%EC%B2%B4,https://www.solarlink.co.kr/?k=시흥-태양광업체,N
291,경기,경기시군,시흥,공장 태양광,시흥 공장 태양광,시흥-공장태양광,https://www.solarlink.co.kr/?k=%EC%8B%9C%ED%9D%A5-%EA%B3%B5%EC%9E%A5%ED%83%9C%EC%96%91%EA%B4%91,https://www.solarlink.co.kr/?k=시흥-공장태양광,N
292,경기,경기시군,시흥,공장 지붕 태양광,시흥 공장 지붕 태양광,시흥-공장지붕태양광,https://www.solarlink.co.kr/?k=%EC%8B%9C%ED%9D%A5-%EA%B3%B5%EC%9E%A5%EC%A7%80%EB%B6%95%ED%83%9C%EC%96%91%EA%B4%91,https://www.solarlink.co.kr/?k=시흥-공장지붕태양광,N
293,경기,경기시군,시흥,창고 태양광,시흥 창고 태양광,시흥-창고태양광,https://www.solarlink.co.kr/?k=%EC%8B%9C%ED%9D%A5-%EC%B0%BD%EA%B3%A0%ED%83%9C%EC%96%91%EA%B4%91,https://www.solarlink.co.kr/?k=시흥-창고태양광,N
294,경기,경기시군,시흥,축사 태양광,시흥 축사 태양광,시흥-축사태양광,https://www.solarlink.co.kr/?k=%EC%8B%9C%ED%9D%A5-%EC%B6%95%EC%82%AC%ED%83%9C%EC%96%91%EA%B4%91,https://www.solarlink.co.kr/?k=시흥-축사태양광,N
295,경기,경기시군,시흥,지붕 태양광 임대,시흥 지붕 태양광 임대,시흥-지붕태양광임대,https://www.solarlink.co.kr/?k=%EC%8B%9C%ED%9D%A5-%EC%A7%80%EB%B6%95%ED%83%9C%EC%96%91%EA%B4%91%EC%9E%84%EB%8C%80,https://www.solarlink.co.kr/?k=시흥-지붕태양광임대,N
296,경기,경기시군,시흥,태양광 발전사업,시흥 태양광 발전사업,시흥-태양광발전사업,https://www.solarlink.co.kr/?k=%EC%8B%9C%ED%9D%A5-%ED%83%9C%EC%96%91%EA%B4%91%EB%B0%9C%EC%A0%84%EC%82%AC%EC%97%85,https://www.solarlink.co.kr/?k=시흥-태양광발전사업,N
297,경기,경기시군,파주,태양광 설치,파주 태양광 설치,파주-태양광설치,https://www.solarlink.co.kr/?k=%ED%8C%8C%EC%A3%BC-%ED%83%9C%EC%96%91%EA%B4%91%EC%84%A4%EC%B9%98,https://www.solarlink.co.kr/?k=파주-태양광설치,N
298,경기,경기시군,파주,태양광 업체,파주 태양광 업체,파주-태양광업체,https://www.solarlink.co.kr/?k=%ED%8C%8C%EC%A3%BC-%ED%83%9C%EC%96%91%EA%B4%91%EC%97%85%EC%B2%B4,https://www.solarlink.co.kr/?k=파주-태양광업체,N
299,경기,경기시군,파주,공장 태양광,파주 공장 태양광,파주-공장태양광,https://www.solarlink.co.kr/?k=%ED%8C%8C%EC%A3%BC-%EA%B3%B5%EC%9E%A5%ED%83%9C%EC%96%91%EA%B4%91,https://www.solarlink.co.kr/?k=파주-공장태양광,N
300,경기,경기시군,파주,공장 지붕 태양광,파주 공장 지붕 태양광,파주-공장지붕태양광,https://www.solarlink.co.kr/?k=%ED%8C%8C%EC%A3%BC-%EA%B3%B5%EC%9E%A5%EC%A7%80%EB%B6%95%ED%83%9C%EC%96%91%EA%B4%91,https://www.solarlink.co.kr/?k=파주-공장지붕태양광,N
301,경기,경기시군,파주,창고 태양광,파주 창고 태양광,파주-창고태양광,https://www.solarlink.co.kr/?k=%ED%8C%8C%EC%A3%BC-%EC%B0%BD%EA%B3%A0%ED%83%9C%EC%96%91%EA%B4%91,https://www.solarlink.co.kr/?k=파주-창고태양광,N
302,경기,경기시군,파주,축사 태양광,파주 축사 태양광,파주-축사태양광,https://www.solarlink.co.kr/?k=%ED%8C%8C%EC%A3%BC-%EC%B6%95%EC%82%AC%ED%83%9C%EC%96%91%EA%B4%91,https://www.solarlink.co.kr/?k=파주-축사태양광,N
303,경기,경기시군,파주,지붕 태양광 임대,파주 지붕 태양광 임대,파주-지붕태양광임대,https://www.solarlink.co.kr/?k=%ED%8C%8C%EC%A3%BC-%EC%A7%80%EB%B6%95%ED%83%9C%EC%96%91%EA%B4%91%EC%9E%84%EB%8C%80,https://www.solarlink.co.kr/?k=파주-지붕태양광임대,N
304,경기,경기시군,파주,태양광 발전사업,파주 태양광 발전사업,파주-태양광발전사업,https://www.solarlink.co.kr/?k=%ED%8C%8C%EC%A3%BC-%ED%83%9C%EC%96%91%EA%B4%91%EB%B0%9C%EC%A0%84%EC%82%AC%EC%97%85,https://www.solarlink.co.kr/?k=파주-태양광발전사업,N
305,경기,경기시군,김포,태양광 설치,김포 태양광 설치,김포-태양광설치,https://www.solarlink.co.kr/?k=%EA%B9%80%ED%8F%AC-%ED%83%9C%EC%96%91%EA%B4%91%EC%84%A4%EC%B9%98,https://www.solarlink.co.kr/?k=김포-태양광설치,N
306,경기,경기시군,김포,태양광 업체,김포 태양광 업체,김포-태양광업체,https://www.solarlink.co.kr/?k=%EA%B9%80%ED%8F%AC-%ED%83%9C%EC%96%91%EA%B4%91%EC%97%85%EC%B2%B4,https://www.solarlink.co.kr/?k=김포-태양광업체,N
307,경기,경기시군,김포,공장 태양광,김포 공장 태양광,김포-공장태양광,https://www.solarlink.co.kr/?k=%EA%B9%80%ED%8F%AC-%EA%B3%B5%EC%9E%A5%ED%83%9C%EC%96%91%EA%B4%91,https://www.solarlink.co.kr/?k=김포-공장태양광,N
308,경기,경기시군,김포,공장 지붕 태양광,김포 공장 지붕 태양광,김포-공장지붕태양광,https://www.solarlink.co.kr/?k=%EA%B9%80%ED%8F%AC-%EA%B3%B5%EC%9E%A5%EC%A7%80%EB%B6%95%ED%83%9C%EC%96%91%EA%B4%91,https://www.solarlink.co.kr/?k=김포-공장지붕태양광,N
309,경기,경기시군,김포,창고 태양광,김포 창고 태양광,김포-창고태양광,https://www.solarlink.co.kr/?k=%EA%B9%80%ED%8F%AC-%EC%B0%BD%EA%B3%A0%ED%83%9C%EC%96%91%EA%B4%91,https://www.solarlink.co.kr/?k=김포-창고태양광,N
310,경기,경기시군,김포,축사 태양광,김포 축사 태양광,김포-축사태양광,https://www.solarlink.co.kr/?k=%EA%B9%80%ED%8F%AC-%EC%B6%95%EC%82%AC%ED%83%9C%EC%96%91%EA%B4%91,https://www.solarlink.co.kr/?k=김포-축사태양광,N
311,경기,경기시군,김포,지붕 태양광 임대,김포 지붕 태양광 임대,김포-지붕태양광임대,https://www.solarlink.co.kr/?k=%EA%B9%80%ED%8F%AC-%EC%A7%80%EB%B6%95%ED%83%9C%EC%96%91%EA%B4%91%EC%9E%84%EB%8C%80,https://www.solarlink.co.kr/?k=김포-지붕태양광임대,N
312,경기,경기시군,김포,태양광 발전사업,김포 태양광 발전사업,김포-태양광발전사업,https://www.solarlink.co.kr/?k=%EA%B9%80%ED%8F%AC-%ED%83%9C%EC%96%91%EA%B4%91%EB%B0%9C%EC%A0%84%EC%82%AC%EC%97%85,https://www.solarlink.co.kr/?k=김포-태양광발전사업,N
313,경기,경기시군,광명,태양광 설치,광명 태양광 설치,광명-태양광설치,https://www.solarlink.co.kr/?k=%EA%B4%91%EB%AA%85-%ED%83%9C%EC%96%91%EA%B4%91%EC%84%A4%EC%B9%98,https://www.solarlink.co.kr/?k=광명-태양광설치,N
314,경기,경기시군,광명,태양광 업체,광명 태양광 업체,광명-태양광업체,https://www.solarlink.co.kr/?k=%EA%B4%91%EB%AA%85-%ED%83%9C%EC%96%91%EA%B4%91%EC%97%85%EC%B2%B4,https://www.solarlink.co.kr/?k=광명-태양광업체,N
315,경기,경기시군,광명,공장 태양광,광명 공장 태양광,광명-공장태양광,https://www.solarlink.co.kr/?k=%EA%B4%91%EB%AA%85-%EA%B3%B5%EC%9E%A5%ED%83%9C%EC%96%91%EA%B4%91,https://www.solarlink.co.kr/?k=광명-공장태양광,N
316,경기,경기시군,광명,공장 지붕 태양광,광명 공장 지붕 태양광,광명-공장지붕태양광,https://www.solarlink.co.kr/?k=%EA%B4%91%EB%AA%85-%EA%B3%B5%EC%9E%A5%EC%A7%80%EB%B6%95%ED%83%9C%EC%96%91%EA%B4%91,https://www.solarlink.co.kr/?k=광명-공장지붕태양광,N
317,경기,경기시군,광명,창고 태양광,광명 창고 태양광,광명-창고태양광,https://www.solarlink.co.kr/?k=%EA%B4%91%EB%AA%85-%EC%B0%BD%EA%B3%A0%ED%83%9C%EC%96%91%EA%B4%91,https://www.solarlink.co.kr/?k=광명-창고태양광,N
318,경기,경기시군,광명,축사 태양광,광명 축사 태양광,광명-축사태양광,https://www.solarlink.co.kr/?k=%EA%B4%91%EB%AA%85-%EC%B6%95%EC%82%AC%ED%83%9C%EC%96%91%EA%B4%91,https://www.solarlink.co.kr/?k=광명-축사태양광,N
319,경기,경기시군,광명,지붕 태양광 임대,광명 지붕 태양광 임대,광명-지붕태양광임대,https://www.solarlink.co.kr/?k=%EA%B4%91%EB%AA%85-%EC%A7%80%EB%B6%95%ED%83%9C%EC%96%91%EA%B4%91%EC%9E%84%EB%8C%80,https://www.solarlink.co.kr/?k=광명-지붕태양광임대,N
320,경기,경기시군,광명,태양광 발전사업,광명 태양광 발전사업,광명-태양광발전사업,https://www.solarlink.co.kr/?k=%EA%B4%91%EB%AA%85-%ED%83%9C%EC%96%91%EA%B4%91%EB%B0%9C%EC%A0%84%EC%82%AC%EC%97%85,https://www.solarlink.co.kr/?k=광명-태양광발전사업,N
321,경기,경기시군,광주,태양광 설치,광주 태양광 설치,광주-태양광설치,https://www.solarlink.co.kr/?k=%EA%B4%91%EC%A3%BC-%ED%83%9C%EC%96%91%EA%B4%91%EC%84%A4%EC%B9%98,https://www.solarlink.co.kr/?k=광주-태양광설치,N
322,경기,경기시군,광주,태양광 업체,광주 태양광 업체,광주-태양광업체,https://www.solarlink.co.kr/?k=%EA%B4%91%EC%A3%BC-%ED%83%9C%EC%96%91%EA%B4%91%EC%97%85%EC%B2%B4,https://www.solarlink.co.kr/?k=광주-태양광업체,N
323,경기,경기시군,광주,공장 태양광,광주 공장 태양광,광주-공장태양광,https://www.solarlink.co.kr/?k=%EA%B4%91%EC%A3%BC-%EA%B3%B5%EC%9E%A5%ED%83%9C%EC%96%91%EA%B4%91,https://www.solarlink.co.kr/?k=광주-공장태양광,N
324,경기,경기시군,광주,공장 지붕 태양광,광주 공장 지붕 태양광,광주-공장지붕태양광,https://www.solarlink.co.kr/?k=%EA%B4%91%EC%A3%BC-%EA%B3%B5%EC%9E%A5%EC%A7%80%EB%B6%95%ED%83%9C%EC%96%91%EA%B4%91,https://www.solarlink.co.kr/?k=광주-공장지붕태양광,N
325,경기,경기시군,광주,창고 태양광,광주 창고 태양광,광주-창고태양광,https://www.solarlink.co.kr/?k=%EA%B4%91%EC%A3%BC-%EC%B0%BD%EA%B3%A0%ED%83%9C%EC%96%91%EA%B4%91,https://www.solarlink.co.kr/?k=광주-창고태양광,N
326,경기,경기시군,광주,축사 태양광,광주 축사 태양광,광주-축사태양광,https://www.solarlink.co.kr/?k=%EA%B4%91%EC%A3%BC-%EC%B6%95%EC%82%AC%ED%83%9C%EC%96%91%EA%B4%91,https://www.solarlink.co.kr/?k=광주-축사태양광,N
327,경기,경기시군,광주,지붕 태양광 임대,광주 지붕 태양광 임대,광주-지붕태양광임대,https://www.solarlink.co.kr/?k=%EA%B4%91%EC%A3%BC-%EC%A7%80%EB%B6%95%ED%83%9C%EC%96%91%EA%B4%91%EC%9E%84%EB%8C%80,https://www.solarlink.co.kr/?k=광주-지붕태양광임대,N
328,경기,경기시군,광주,태양광 발전사업,광주 태양광 발전사업,광주-태양광발전사업,https://www.solarlink.co.kr/?k=%EA%B4%91%EC%A3%BC-%ED%83%9C%EC%96%91%EA%B4%91%EB%B0%9C%EC%A0%84%EC%82%AC%EC%97%85,https://www.solarlink.co.kr/?k=광주-태양광발전사업,N
329,경기,경기시군,군포,태양광 설치,군포 태양광 설치,군포-태양광설치,https://www.solarlink.co.kr/?k=%EA%B5%B0%ED%8F%AC-%ED%83%9C%EC%96%91%EA%B4%91%EC%84%A4%EC%B9%98,https://www.solarlink.co.kr/?k=군포-태양광설치,N
330,경기,경기시군,군포,태양광 업체,군포 태양광 업체,군포-태양광업체,https://www.solarlink.co.kr/?k=%EA%B5%B0%ED%8F%AC-%ED%83%9C%EC%96%91%EA%B4%91%EC%97%85%EC%B2%B4,https://www.solarlink.co.kr/?k=군포-태양광업체,N
331,경기,경기시군,군포,공장 태양광,군포 공장 태양광,군포-공장태양광,https://www.solarlink.co.kr/?k=%EA%B5%B0%ED%8F%AC-%EA%B3%B5%EC%9E%A5%ED%83%9C%EC%96%91%EA%B4%91,https://www.solarlink.co.kr/?k=군포-공장태양광,N
332,경기,경기시군,군포,공장 지붕 태양광,군포 공장 지붕 태양광,군포-공장지붕태양광,https://www.solarlink.co.kr/?k=%EA%B5%B0%ED%8F%AC-%EA%B3%B5%EC%9E%A5%EC%A7%80%EB%B6%95%ED%83%9C%EC%96%91%EA%B4%91,https://www.solarlink.co.kr/?k=군포-공장지붕태양광,N
333,경기,경기시군,군포,창고 태양광,군포 창고 태양광,군포-창고태양광,https://www.solarlink.co.kr/?k=%EA%B5%B0%ED%8F%AC-%EC%B0%BD%EA%B3%A0%ED%83%9C%EC%96%91%EA%B4%91,https://www.solarlink.co.kr/?k=군포-창고태양광,N
334,경기,경기시군,군포,축사 태양광,군포 축사 태양광,군포-축사태양광,https://www.solarlink.co.kr/?k=%EA%B5%B0%ED%8F%AC-%EC%B6%95%EC%82%AC%ED%83%9C%EC%96%91%EA%B4%91,https://www.solarlink.co.kr/?k=군포-축사태양광,N
335,경기,경기시군,군포,지붕 태양광 임대,군포 지붕 태양광 임대,군포-지붕태양광임대,https://www.solarlink.co.kr/?k=%EA%B5%B0%ED%8F%AC-%EC%A7%80%EB%B6%95%ED%83%9C%EC%96%91%EA%B4%91%EC%9E%84%EB%8C%80,https://www.solarlink.co.kr/?k=군포-지붕태양광임대,N
336,경기,경기시군,군포,태양광 발전사업,군포 태양광 발전사업,군포-태양광발전사업,https://www.solarlink.co.kr/?k=%EA%B5%B0%ED%8F%AC-%ED%83%9C%EC%96%91%EA%B4%91%EB%B0%9C%EC%A0%84%EC%82%AC%EC%97%85,https://www.solarlink.co.kr/?k=군포-태양광발전사업,N
337,경기,경기시군,이천,태양광 설치,이천 태양광 설치,이천-태양광설치,https://www.solarlink.co.kr/?k=%EC%9D%B4%EC%B2%9C-%ED%83%9C%EC%96%91%EA%B4%91%EC%84%A4%EC%B9%98,https://www.solarlink.co.kr/?k=이천-태양광설치,N
338,경기,경기시군,이천,태양광 업체,이천 태양광 업체,이천-태양광업체,https://www.solarlink.co.kr/?k=%EC%9D%B4%EC%B2%9C-%ED%83%9C%EC%96%91%EA%B4%91%EC%97%85%EC%B2%B4,https://www.solarlink.co.kr/?k=이천-태양광업체,N
339,경기,경기시군,이천,공장 태양광,이천 공장 태양광,이천-공장태양광,https://www.solarlink.co.kr/?k=%EC%9D%B4%EC%B2%9C-%EA%B3%B5%EC%9E%A5%ED%83%9C%EC%96%91%EA%B4%91,https://www.solarlink.co.kr/?k=이천-공장태양광,N
340,경기,경기시군,이천,공장 지붕 태양광,이천 공장 지붕 태양광,이천-공장지붕태양광,https://www.solarlink.co.kr/?k=%EC%9D%B4%EC%B2%9C-%EA%B3%B5%EC%9E%A5%EC%A7%80%EB%B6%95%ED%83%9C%EC%96%91%EA%B4%91,https://www.solarlink.co.kr/?k=이천-공장지붕태양광,N
341,경기,경기시군,이천,창고 태양광,이천 창고 태양광,이천-창고태양광,https://www.solarlink.co.kr/?k=%EC%9D%B4%EC%B2%9C-%EC%B0%BD%EA%B3%A0%ED%83%9C%EC%96%91%EA%B4%91,https://www.solarlink.co.kr/?k=이천-창고태양광,N
342,경기,경기시군,이천,축사 태양광,이천 축사 태양광,이천-축사태양광,https://www.solarlink.co.kr/?k=%EC%9D%B4%EC%B2%9C-%EC%B6%95%EC%82%AC%ED%83%9C%EC%96%91%EA%B4%91,https://www.solarlink.co.kr/?k=이천-축사태양광,N
343,경기,경기시군,이천,지붕 태양광 임대,이천 지붕 태양광 임대,이천-지붕태양광임대,https://www.solarlink.co.kr/?k=%EC%9D%B4%EC%B2%9C-%EC%A7%80%EB%B6%95%ED%83%9C%EC%96%91%EA%B4%91%EC%9E%84%EB%8C%80,https://www.solarlink.co.kr/?k=이천-지붕태양광임대,N
344,경기,경기시군,이천,태양광 발전사업,이천 태양광 발전사업,이천-태양광발전사업,https://www.solarlink.co.kr/?k=%EC%9D%B4%EC%B2%9C-%ED%83%9C%EC%96%91%EA%B4%91%EB%B0%9C%EC%A0%84%EC%82%AC%EC%97%85,https://www.solarlink.co.kr/?k=이천-태양광발전사업,N
345,경기,경기시군,오산,태양광 설치,오산 태양광 설치,오산-태양광설치,https://www.solarlink.co.kr/?k=%EC%98%A4%EC%82%B0-%ED%83%9C%EC%96%91%EA%B4%91%EC%84%A4%EC%B9%98,https://www.solarlink.co.kr/?k=오산-태양광설치,N
346,경기,경기시군,오산,태양광 업체,오산 태양광 업체,오산-태양광업체,https://www.solarlink.co.kr/?k=%EC%98%A4%EC%82%B0-%ED%83%9C%EC%96%91%EA%B4%91%EC%97%85%EC%B2%B4,https://www.solarlink.co.kr/?k=오산-태양광업체,N
347,경기,경기시군,오산,공장 태양광,오산 공장 태양광,오산-공장태양광,https://www.solarlink.co.kr/?k=%EC%98%A4%EC%82%B0-%EA%B3%B5%EC%9E%A5%ED%83%9C%EC%96%91%EA%B4%91,https://www.solarlink.co.kr/?k=오산-공장태양광,N
348,경기,경기시군,오산,공장 지붕 태양광,오산 공장 지붕 태양광,오산-공장지붕태양광,https://www.solarlink.co.kr/?k=%EC%98%A4%EC%82%B0-%EA%B3%B5%EC%9E%A5%EC%A7%80%EB%B6%95%ED%83%9C%EC%96%91%EA%B4%91,https://www.solarlink.co.kr/?k=오산-공장지붕태양광,N
349,경기,경기시군,오산,창고 태양광,오산 창고 태양광,오산-창고태양광,https://www.solarlink.co.kr/?k=%EC%98%A4%EC%82%B0-%EC%B0%BD%EA%B3%A0%ED%83%9C%EC%96%91%EA%B4%91,https://www.solarlink.co.kr/?k=오산-창고태양광,N
350,경기,경기시군,오산,축사 태양광,오산 축사 태양광,오산-축사태양광,https://www.solarlink.co.kr/?k=%EC%98%A4%EC%82%B0-%EC%B6%95%EC%82%AC%ED%83%9C%EC%96%91%EA%B4%91,https://www.solarlink.co.kr/?k=오산-축사태양광,N
351,경기,경기시군,오산,지붕 태양광 임대,오산 지붕 태양광 임대,오산-지붕태양광임대,https://www.solarlink.co.kr/?k=%EC%98%A4%EC%82%B0-%EC%A7%80%EB%B6%95%ED%83%9C%EC%96%91%EA%B4%91%EC%9E%84%EB%8C%80,https://www.solarlink.co.kr/?k=오산-지붕태양광임대,N
352,경기,경기시군,오산,태양광 발전사업,오산 태양광 발전사업,오산-태양광발전사업,https://www.solarlink.co.kr/?k=%EC%98%A4%EC%82%B0-%ED%83%9C%EC%96%91%EA%B4%91%EB%B0%9C%EC%A0%84%EC%82%AC%EC%97%85,https://www.solarlink.co.kr/?k=오산-태양광발전사업,N
353,경기,경기시군,하남,태양광 설치,하남 태양광 설치,하남-태양광설치,https://www.solarlink.co.kr/?k=%ED%95%98%EB%82%A8-%ED%83%9C%EC%96%91%EA%B4%91%EC%84%A4%EC%B9%98,https://www.solarlink.co.kr/?k=하남-태양광설치,N
354,경기,경기시군,하남,태양광 업체,하남 태양광 업체,하남-태양광업체,https://www.solarlink.co.kr/?k=%ED%95%98%EB%82%A8-%ED%83%9C%EC%96%91%EA%B4%91%EC%97%85%EC%B2%B4,https://www.solarlink.co.kr/?k=하남-태양광업체,N
355,경기,경기시군,하남,공장 태양광,하남 공장 태양광,하남-공장태양광,https://www.solarlink.co.kr/?k=%ED%95%98%EB%82%A8-%EA%B3%B5%EC%9E%A5%ED%83%9C%EC%96%91%EA%B4%91,https://www.solarlink.co.kr/?k=하남-공장태양광,N
356,경기,경기시군,하남,공장 지붕 태양광,하남 공장 지붕 태양광,하남-공장지붕태양광,https://www.solarlink.co.kr/?k=%ED%95%98%EB%82%A8-%EA%B3%B5%EC%9E%A5%EC%A7%80%EB%B6%95%ED%83%9C%EC%96%91%EA%B4%91,https://www.solarlink.co.kr/?k=하남-공장지붕태양광,N
357,경기,경기시군,하남,창고 태양광,하남 창고 태양광,하남-창고태양광,https://www.solarlink.co.kr/?k=%ED%95%98%EB%82%A8-%EC%B0%BD%EA%B3%A0%ED%83%9C%EC%96%91%EA%B4%91,https://www.solarlink.co.kr/?k=하남-창고태양광,N
358,경기,경기시군,하남,축사 태양광,하남 축사 태양광,하남-축사태양광,https://www.solarlink.co.kr/?k=%ED%95%98%EB%82%A8-%EC%B6%95%EC%82%AC%ED%83%9C%EC%96%91%EA%B4%91,https://www.solarlink.co.kr/?k=하남-축사태양광,N
359,경기,경기시군,하남,지붕 태양광 임대,하남 지붕 태양광 임대,하남-지붕태양광임대,https://www.solarlink.co.kr/?k=%ED%95%98%EB%82%A8-%EC%A7%80%EB%B6%95%ED%83%9C%EC%96%91%EA%B4%91%EC%9E%84%EB%8C%80,https://www.solarlink.co.kr/?k=하남-지붕태양광임대,N
360,경기,경기시군,하남,태양광 발전사업,하남 태양광 발전사업,하남-태양광발전사업,https://www.solarlink.co.kr/?k=%ED%95%98%EB%82%A8-%ED%83%9C%EC%96%91%EA%B4%91%EB%B0%9C%EC%A0%84%EC%82%AC%EC%97%85,https://www.solarlink.co.kr/?k=하남-태양광발전사업,N
361,경기,경기시군,양주,태양광 설치,양주 태양광 설치,양주-태양광설치,https://www.solarlink.co.kr/?k=%EC%96%91%EC%A3%BC-%ED%83%9C%EC%96%91%EA%B4%91%EC%84%A4%EC%B9%98,https://www.solarlink.co.kr/?k=양주-태양광설치,N
362,경기,경기시군,양주,태양광 업체,양주 태양광 업체,양주-태양광업체,https://www.solarlink.co.kr/?k=%EC%96%91%EC%A3%BC-%ED%83%9C%EC%96%91%EA%B4%91%EC%97%85%EC%B2%B4,https://www.solarlink.co.kr/?k=양주-태양광업체,N
363,경기,경기시군,양주,공장 태양광,양주 공장 태양광,양주-공장태양광,https://www.solarlink.co.kr/?k=%EC%96%91%EC%A3%BC-%EA%B3%B5%EC%9E%A5%ED%83%9C%EC%96%91%EA%B4%91,https://www.solarlink.co.kr/?k=양주-공장태양광,N
364,경기,경기시군,양주,공장 지붕 태양광,양주 공장 지붕 태양광,양주-공장지붕태양광,https://www.solarlink.co.kr/?k=%EC%96%91%EC%A3%BC-%EA%B3%B5%EC%9E%A5%EC%A7%80%EB%B6%95%ED%83%9C%EC%96%91%EA%B4%91,https://www.solarlink.co.kr/?k=양주-공장지붕태양광,N
365,경기,경기시군,양주,창고 태양광,양주 창고 태양광,양주-창고태양광,https://www.solarlink.co.kr/?k=%EC%96%91%EC%A3%BC-%EC%B0%BD%EA%B3%A0%ED%83%9C%EC%96%91%EA%B4%91,https://www.solarlink.co.kr/?k=양주-창고태양광,N
366,경기,경기시군,양주,축사 태양광,양주 축사 태양광,양주-축사태양광,https://www.solarlink.co.kr/?k=%EC%96%91%EC%A3%BC-%EC%B6%95%EC%82%AC%ED%83%9C%EC%96%91%EA%B4%91,https://www.solarlink.co.kr/?k=양주-축사태양광,N
367,경기,경기시군,양주,지붕 태양광 임대,양주 지붕 태양광 임대,양주-지붕태양광임대,https://www.solarlink.co.kr/?k=%EC%96%91%EC%A3%BC-%EC%A7%80%EB%B6%95%ED%83%9C%EC%96%91%EA%B4%91%EC%9E%84%EB%8C%80,https://www.solarlink.co.kr/?k=양주-지붕태양광임대,N
368,경기,경기시군,양주,태양광 발전사업,양주 태양광 발전사업,양주-태양광발전사업,https://www.solarlink.co.kr/?k=%EC%96%91%EC%A3%BC-%ED%83%9C%EC%96%91%EA%B4%91%EB%B0%9C%EC%A0%84%EC%82%AC%EC%97%85,https://www.solarlink.co.kr/?k=양주-태양광발전사업,N
369,경기,경기시군,구리,태양광 설치,구리 태양광 설치,구리-태양광설치,https://www.solarlink.co.kr/?k=%EA%B5%AC%EB%A6%AC-%ED%83%9C%EC%96%91%EA%B4%91%EC%84%A4%EC%B9%98,https://www.solarlink.co.kr/?k=구리-태양광설치,N
370,경기,경기시군,구리,태양광 업체,구리 태양광 업체,구리-태양광업체,https://www.solarlink.co.kr/?k=%EA%B5%AC%EB%A6%AC-%ED%83%9C%EC%96%91%EA%B4%91%EC%97%85%EC%B2%B4,https://www.solarlink.co.kr/?k=구리-태양광업체,N
371,경기,경기시군,구리,공장 태양광,구리 공장 태양광,구리-공장태양광,https://www.solarlink.co.kr/?k=%EA%B5%AC%EB%A6%AC-%EA%B3%B5%EC%9E%A5%ED%83%9C%EC%96%91%EA%B4%91,https://www.solarlink.co.kr/?k=구리-공장태양광,N
372,경기,경기시군,구리,공장 지붕 태양광,구리 공장 지붕 태양광,구리-공장지붕태양광,https://www.solarlink.co.kr/?k=%EA%B5%AC%EB%A6%AC-%EA%B3%B5%EC%9E%A5%EC%A7%80%EB%B6%95%ED%83%9C%EC%96%91%EA%B4%91,https://www.solarlink.co.kr/?k=구리-공장지붕태양광,N
373,경기,경기시군,구리,창고 태양광,구리 창고 태양광,구리-창고태양광,https://www.solarlink.co.kr/?k=%EA%B5%AC%EB%A6%AC-%EC%B0%BD%EA%B3%A0%ED%83%9C%EC%96%91%EA%B4%91,https://www.solarlink.co.kr/?k=구리-창고태양광,N
374,경기,경기시군,구리,축사 태양광,구리 축사 태양광,구리-축사태양광,https://www.solarlink.co.kr/?k=%EA%B5%AC%EB%A6%AC-%EC%B6%95%EC%82%AC%ED%83%9C%EC%96%91%EA%B4%91,https://www.solarlink.co.kr/?k=구리-축사태양광,N
375,경기,경기시군,구리,지붕 태양광 임대,구리 지붕 태양광 임대,구리-지붕태양광임대,https://www.solarlink.co.kr/?k=%EA%B5%AC%EB%A6%AC-%EC%A7%80%EB%B6%95%ED%83%9C%EC%96%91%EA%B4%91%EC%9E%84%EB%8C%80,https://www.solarlink.co.kr/?k=구리-지붕태양광임대,N
376,경기,경기시군,구리,태양광 발전사업,구리 태양광 발전사업,구리-태양광발전사업,https://www.solarlink.co.kr/?k=%EA%B5%AC%EB%A6%AC-%ED%83%9C%EC%96%91%EA%B4%91%EB%B0%9C%EC%A0%84%EC%82%AC%EC%97%85,https://www.solarlink.co.kr/?k=구리-태양광발전사업,N
377,경기,경기시군,안성,태양광 설치,안성 태양광 설치,안성-태양광설치,https://www.solarlink.co.kr/?k=%EC%95%88%EC%84%B1-%ED%83%9C%EC%96%91%EA%B4%91%EC%84%A4%EC%B9%98,https://www.solarlink.co.kr/?k=안성-태양광설치,N
378,경기,경기시군,안성,태양광 업체,안성 태양광 업체,안성-태양광업체,https://www.solarlink.co.kr/?k=%EC%95%88%EC%84%B1-%ED%83%9C%EC%96%91%EA%B4%91%EC%97%85%EC%B2%B4,https://www.solarlink.co.kr/?k=안성-태양광업체,N
379,경기,경기시군,안성,공장 태양광,안성 공장 태양광,안성-공장태양광,https://www.solarlink.co.kr/?k=%EC%95%88%EC%84%B1-%EA%B3%B5%EC%9E%A5%ED%83%9C%EC%96%91%EA%B4%91,https://www.solarlink.co.kr/?k=안성-공장태양광,N
380,경기,경기시군,안성,공장 지붕 태양광,안성 공장 지붕 태양광,안성-공장지붕태양광,https://www.solarlink.co.kr/?k=%EC%95%88%EC%84%B1-%EA%B3%B5%EC%9E%A5%EC%A7%80%EB%B6%95%ED%83%9C%EC%96%91%EA%B4%91,https://www.solarlink.co.kr/?k=안성-공장지붕태양광,N
381,경기,경기시군,안성,창고 태양광,안성 창고 태양광,안성-창고태양광,https://www.solarlink.co.kr/?k=%EC%95%88%EC%84%B1-%EC%B0%BD%EA%B3%A0%ED%83%9C%EC%96%91%EA%B4%91,https://www.solarlink.co.kr/?k=안성-창고태양광,N
382,경기,경기시군,안성,축사 태양광,안성 축사 태양광,안성-축사태양광,https://www.solarlink.co.kr/?k=%EC%95%88%EC%84%B1-%EC%B6%95%EC%82%AC%ED%83%9C%EC%96%91%EA%B4%91,https://www.solarlink.co.kr/?k=안성-축사태양광,N
383,경기,경기시군,안성,지붕 태양광 임대,안성 지붕 태양광 임대,안성-지붕태양광임대,https://www.solarlink.co.kr/?k=%EC%95%88%EC%84%B1-%EC%A7%80%EB%B6%95%ED%83%9C%EC%96%91%EA%B4%91%EC%9E%84%EB%8C%80,https://www.solarlink.co.kr/?k=안성-지붕태양광임대,N
384,경기,경기시군,안성,태양광 발전사업,안성 태양광 발전사업,안성-태양광발전사업,https://www.solarlink.co.kr/?k=%EC%95%88%EC%84%B1-%ED%83%9C%EC%96%91%EA%B4%91%EB%B0%9C%EC%A0%84%EC%82%AC%EC%97%85,https://www.solarlink.co.kr/?k=안성-태양광발전사업,N
385,경기,경기시군,포천,태양광 설치,포천 태양광 설치,포천-태양광설치,https://www.solarlink.co.kr/?k=%ED%8F%AC%EC%B2%9C-%ED%83%9C%EC%96%91%EA%B4%91%EC%84%A4%EC%B9%98,https://www.solarlink.co.kr/?k=포천-태양광설치,N
386,경기,경기시군,포천,태양광 업체,포천 태양광 업체,포천-태양광업체,https://www.solarlink.co.kr/?k=%ED%8F%AC%EC%B2%9C-%ED%83%9C%EC%96%91%EA%B4%91%EC%97%85%EC%B2%B4,https://www.solarlink.co.kr/?k=포천-태양광업체,N
387,경기,경기시군,포천,공장 태양광,포천 공장 태양광,포천-공장태양광,https://www.solarlink.co.kr/?k=%ED%8F%AC%EC%B2%9C-%EA%B3%B5%EC%9E%A5%ED%83%9C%EC%96%91%EA%B4%91,https://www.solarlink.co.kr/?k=포천-공장태양광,N
388,경기,경기시군,포천,공장 지붕 태양광,포천 공장 지붕 태양광,포천-공장지붕태양광,https://www.solarlink.co.kr/?k=%ED%8F%AC%EC%B2%9C-%EA%B3%B5%EC%9E%A5%EC%A7%80%EB%B6%95%ED%83%9C%EC%96%91%EA%B4%91,https://www.solarlink.co.kr/?k=포천-공장지붕태양광,N
389,경기,경기시군,포천,창고 태양광,포천 창고 태양광,포천-창고태양광,https://www.solarlink.co.kr/?k=%ED%8F%AC%EC%B2%9C-%EC%B0%BD%EA%B3%A0%ED%83%9C%EC%96%91%EA%B4%91,https://www.solarlink.co.kr/?k=포천-창고태양광,N
390,경기,경기시군,포천,축사 태양광,포천 축사 태양광,포천-축사태양광,https://www.solarlink.co.kr/?k=%ED%8F%AC%EC%B2%9C-%EC%B6%95%EC%82%AC%ED%83%9C%EC%96%91%EA%B4%91,https://www.solarlink.co.kr/?k=포천-축사태양광,N
391,경기,경기시군,포천,지붕 태양광 임대,포천 지붕 태양광 임대,포천-지붕태양광임대,https://www.solarlink.co.kr/?k=%ED%8F%AC%EC%B2%9C-%EC%A7%80%EB%B6%95%ED%83%9C%EC%96%91%EA%B4%91%EC%9E%84%EB%8C%80,https://www.solarlink.co.kr/?k=포천-지붕태양광임대,N
392,경기,경기시군,포천,태양광 발전사업,포천 태양광 발전사업,포천-태양광발전사업,https://www.solarlink.co.kr/?k=%ED%8F%AC%EC%B2%9C-%ED%83%9C%EC%96%91%EA%B4%91%EB%B0%9C%EC%A0%84%EC%82%AC%EC%97%85,https://www.solarlink.co.kr/?k=포천-태양광발전사업,N
393,경기,경기시군,의왕,태양광 설치,의왕 태양광 설치,의왕-태양광설치,https://www.solarlink.co.kr/?k=%EC%9D%98%EC%99%95-%ED%83%9C%EC%96%91%EA%B4%91%EC%84%A4%EC%B9%98,https://www.solarlink.co.kr/?k=의왕-태양광설치,N
394,경기,경기시군,의왕,태양광 업체,의왕 태양광 업체,의왕-태양광업체,https://www.solarlink.co.kr/?k=%EC%9D%98%EC%99%95-%ED%83%9C%EC%96%91%EA%B4%91%EC%97%85%EC%B2%B4,https://www.solarlink.co.kr/?k=의왕-태양광업체,N
395,경기,경기시군,의왕,공장 태양광,의왕 공장 태양광,의왕-공장태양광,https://www.solarlink.co.kr/?k=%EC%9D%98%EC%99%95-%EA%B3%B5%EC%9E%A5%ED%83%9C%EC%96%91%EA%B4%91,https://www.solarlink.co.kr/?k=의왕-공장태양광,N
396,경기,경기시군,의왕,공장 지붕 태양광,의왕 공장 지붕 태양광,의왕-공장지붕태양광,https://www.solarlink.co.kr/?k=%EC%9D%98%EC%99%95-%EA%B3%B5%EC%9E%A5%EC%A7%80%EB%B6%95%ED%83%9C%EC%96%91%EA%B4%91,https://www.solarlink.co.kr/?k=의왕-공장지붕태양광,N
397,경기,경기시군,의왕,창고 태양광,의왕 창고 태양광,의왕-창고태양광,https://www.solarlink.co.kr/?k=%EC%9D%98%EC%99%95-%EC%B0%BD%EA%B3%A0%ED%83%9C%EC%96%91%EA%B4%91,https://www.solarlink.co.kr/?k=의왕-창고태양광,N
398,경기,경기시군,의왕,축사 태양광,의왕 축사 태양광,의왕-축사태양광,https://www.solarlink.co.kr/?k=%EC%9D%98%EC%99%95-%EC%B6%95%EC%82%AC%ED%83%9C%EC%96%91%EA%B4%91,https://www.solarlink.co.kr/?k=의왕-축사태양광,N
399,경기,경기시군,의왕,지붕 태양광 임대,의왕 지붕 태양광 임대,의왕-지붕태양광임대,https://www.solarlink.co.kr/?k=%EC%9D%98%EC%99%95-%EC%A7%80%EB%B6%95%ED%83%9C%EC%96%91%EA%B4%91%EC%9E%84%EB%8C%80,https://www.solarlink.co.kr/?k=의왕-지붕태양광임대,N
400,경기,경기시군,의왕,태양광 발전사업,의왕 태양광 발전사업,의왕-태양광발전사업,https://www.solarlink.co.kr/?k=%EC%9D%98%EC%99%95-%ED%83%9C%EC%96%91%EA%B4%91%EB%B0%9C%EC%A0%84%EC%82%AC%EC%97%85,https://www.solarlink.co.kr/?k=의왕-태양광발전사업,N
401,경기,경기시군,여주,태양광 설치,여주 태양광 설치,여주-태양광설치,https://www.solarlink.co.kr/?k=%EC%97%AC%EC%A3%BC-%ED%83%9C%EC%96%91%EA%B4%91%EC%84%A4%EC%B9%98,https://www.solarlink.co.kr/?k=여주-태양광설치,N
402,경기,경기시군,여주,태양광 업체,여주 태양광 업체,여주-태양광업체,https://www.solarlink.co.kr/?k=%EC%97%AC%EC%A3%BC-%ED%83%9C%EC%96%91%EA%B4%91%EC%97%85%EC%B2%B4,https://www.solarlink.co.kr/?k=여주-태양광업체,N
403,경기,경기시군,여주,공장 태양광,여주 공장 태양광,여주-공장태양광,https://www.solarlink.co.kr/?k=%EC%97%AC%EC%A3%BC-%EA%B3%B5%EC%9E%A5%ED%83%9C%EC%96%91%EA%B4%91,https://www.solarlink.co.kr/?k=여주-공장태양광,N
404,경기,경기시군,여주,공장 지붕 태양광,여주 공장 지붕 태양광,여주-공장지붕태양광,https://www.solarlink.co.kr/?k=%EC%97%AC%EC%A3%BC-%EA%B3%B5%EC%9E%A5%EC%A7%80%EB%B6%95%ED%83%9C%EC%96%91%EA%B4%91,https://www.solarlink.co.kr/?k=여주-공장지붕태양광,N
405,경기,경기시군,여주,창고 태양광,여주 창고 태양광,여주-창고태양광,https://www.solarlink.co.kr/?k=%EC%97%AC%EC%A3%BC-%EC%B0%BD%EA%B3%A0%ED%83%9C%EC%96%91%EA%B4%91,https://www.solarlink.co.kr/?k=여주-창고태양광,N
406,경기,경기시군,여주,축사 태양광,여주 축사 태양광,여주-축사태양광,https://www.solarlink.co.kr/?k=%EC%97%AC%EC%A3%BC-%EC%B6%95%EC%82%AC%ED%83%9C%EC%96%91%EA%B4%91,https://www.solarlink.co.kr/?k=여주-축사태양광,N
407,경기,경기시군,여주,지붕 태양광 임대,여주 지붕 태양광 임대,여주-지붕태양광임대,https://www.solarlink.co.kr/?k=%EC%97%AC%EC%A3%BC-%EC%A7%80%EB%B6%95%ED%83%9C%EC%96%91%EA%B4%91%EC%9E%84%EB%8C%80,https://www.solarlink.co.kr/?k=여주-지붕태양광임대,N
408,경기,경기시군,여주,태양광 발전사업,여주 태양광 발전사업,여주-태양광발전사업,https://www.solarlink.co.kr/?k=%EC%97%AC%EC%A3%BC-%ED%83%9C%EC%96%91%EA%B4%91%EB%B0%9C%EC%A0%84%EC%82%AC%EC%97%85,https://www.solarlink.co.kr/?k=여주-태양광발전사업,N
409,경기,경기시군,동두천,태양광 설치,동두천 태양광 설치,동두천-태양광설치,https://www.solarlink.co.kr/?k=%EB%8F%99%EB%91%90%EC%B2%9C-%ED%83%9C%EC%96%91%EA%B4%91%EC%84%A4%EC%B9%98,https://www.solarlink.co.kr/?k=동두천-태양광설치,N
410,경기,경기시군,동두천,태양광 업체,동두천 태양광 업체,동두천-태양광업체,https://www.solarlink.co.kr/?k=%EB%8F%99%EB%91%90%EC%B2%9C-%ED%83%9C%EC%96%91%EA%B4%91%EC%97%85%EC%B2%B4,https://www.solarlink.co.kr/?k=동두천-태양광업체,N
411,경기,경기시군,동두천,공장 태양광,동두천 공장 태양광,동두천-공장태양광,https://www.solarlink.co.kr/?k=%EB%8F%99%EB%91%90%EC%B2%9C-%EA%B3%B5%EC%9E%A5%ED%83%9C%EC%96%91%EA%B4%91,https://www.solarlink.co.kr/?k=동두천-공장태양광,N
412,경기,경기시군,동두천,공장 지붕 태양광,동두천 공장 지붕 태양광,동두천-공장지붕태양광,https://www.solarlink.co.kr/?k=%EB%8F%99%EB%91%90%EC%B2%9C-%EA%B3%B5%EC%9E%A5%EC%A7%80%EB%B6%95%ED%83%9C%EC%96%91%EA%B4%91,https://www.solarlink.co.kr/?k=동두천-공장지붕태양광,N
413,경기,경기시군,동두천,창고 태양광,동두천 창고 태양광,동두천-창고태양광,https://www.solarlink.co.kr/?k=%EB%8F%99%EB%91%90%EC%B2%9C-%EC%B0%BD%EA%B3%A0%ED%83%9C%EC%96%91%EA%B4%91,https://www.solarlink.co.kr/?k=동두천-창고태양광,N
414,경기,경기시군,동두천,축사 태양광,동두천 축사 태양광,동두천-축사태양광,https://www.solarlink.co.kr/?k=%EB%8F%99%EB%91%90%EC%B2%9C-%EC%B6%95%EC%82%AC%ED%83%9C%EC%96%91%EA%B4%91,https://www.solarlink.co.kr/?k=동두천-축사태양광,N
415,경기,경기시군,동두천,지붕 태양광 임대,동두천 지붕 태양광 임대,동두천-지붕태양광임대,https://www.solarlink.co.kr/?k=%EB%8F%99%EB%91%90%EC%B2%9C-%EC%A7%80%EB%B6%95%ED%83%9C%EC%96%91%EA%B4%91%EC%9E%84%EB%8C%80,https://www.solarlink.co.kr/?k=동두천-지붕태양광임대,N
416,경기,경기시군,동두천,태양광 발전사업,동두천 태양광 발전사업,동두천-태양광발전사업,https://www.solarlink.co.kr/?k=%EB%8F%99%EB%91%90%EC%B2%9C-%ED%83%9C%EC%96%91%EA%B4%91%EB%B0%9C%EC%A0%84%EC%82%AC%EC%97%85,https://www.solarlink.co.kr/?k=동두천-태양광발전사업,N
417,경기,경기시군,과천,태양광 설치,과천 태양광 설치,과천-태양광설치,https://www.solarlink.co.kr/?k=%EA%B3%BC%EC%B2%9C-%ED%83%9C%EC%96%91%EA%B4%91%EC%84%A4%EC%B9%98,https://www.solarlink.co.kr/?k=과천-태양광설치,N
418,경기,경기시군,과천,태양광 업체,과천 태양광 업체,과천-태양광업체,https://www.solarlink.co.kr/?k=%EA%B3%BC%EC%B2%9C-%ED%83%9C%EC%96%91%EA%B4%91%EC%97%85%EC%B2%B4,https://www.solarlink.co.kr/?k=과천-태양광업체,N
419,경기,경기시군,과천,공장 태양광,과천 공장 태양광,과천-공장태양광,https://www.solarlink.co.kr/?k=%EA%B3%BC%EC%B2%9C-%EA%B3%B5%EC%9E%A5%ED%83%9C%EC%96%91%EA%B4%91,https://www.solarlink.co.kr/?k=과천-공장태양광,N
420,경기,경기시군,과천,공장 지붕 태양광,과천 공장 지붕 태양광,과천-공장지붕태양광,https://www.solarlink.co.kr/?k=%EA%B3%BC%EC%B2%9C-%EA%B3%B5%EC%9E%A5%EC%A7%80%EB%B6%95%ED%83%9C%EC%96%91%EA%B4%91,https://www.solarlink.co.kr/?k=과천-공장지붕태양광,N
421,경기,경기시군,과천,창고 태양광,과천 창고 태양광,과천-창고태양광,https://www.solarlink.co.kr/?k=%EA%B3%BC%EC%B2%9C-%EC%B0%BD%EA%B3%A0%ED%83%9C%EC%96%91%EA%B4%91,https://www.solarlink.co.kr/?k=과천-창고태양광,N
422,경기,경기시군,과천,축사 태양광,과천 축사 태양광,과천-축사태양광,https://www.solarlink.co.kr/?k=%EA%B3%BC%EC%B2%9C-%EC%B6%95%EC%82%AC%ED%83%9C%EC%96%91%EA%B4%91,https://www.solarlink.co.kr/?k=과천-축사태양광,N
423,경기,경기시군,과천,지붕 태양광 임대,과천 지붕 태양광 임대,과천-지붕태양광임대,https://www.solarlink.co.kr/?k=%EA%B3%BC%EC%B2%9C-%EC%A7%80%EB%B6%95%ED%83%9C%EC%96%91%EA%B4%91%EC%9E%84%EB%8C%80,https://www.solarlink.co.kr/?k=과천-지붕태양광임대,N
424,경기,경기시군,과천,태양광 발전사업,과천 태양광 발전사업,과천-태양광발전사업,https://www.solarlink.co.kr/?k=%EA%B3%BC%EC%B2%9C-%ED%83%9C%EC%96%91%EA%B4%91%EB%B0%9C%EC%A0%84%EC%82%AC%EC%97%85,https://www.solarlink.co.kr/?k=과천-태양광발전사업,N
425,경기,경기시군,가평,태양광 설치,가평 태양광 설치,가평-태양광설치,https://www.solarlink.co.kr/?k=%EA%B0%80%ED%8F%89-%ED%83%9C%EC%96%91%EA%B4%91%EC%84%A4%EC%B9%98,https://www.solarlink.co.kr/?k=가평-태양광설치,N
426,경기,경기시군,가평,태양광 업체,가평 태양광 업체,가평-태양광업체,https://www.solarlink.co.kr/?k=%EA%B0%80%ED%8F%89-%ED%83%9C%EC%96%91%EA%B4%91%EC%97%85%EC%B2%B4,https://www.solarlink.co.kr/?k=가평-태양광업체,N
427,경기,경기시군,가평,공장 태양광,가평 공장 태양광,가평-공장태양광,https://www.solarlink.co.kr/?k=%EA%B0%80%ED%8F%89-%EA%B3%B5%EC%9E%A5%ED%83%9C%EC%96%91%EA%B4%91,https://www.solarlink.co.kr/?k=가평-공장태양광,N
428,경기,경기시군,가평,공장 지붕 태양광,가평 공장 지붕 태양광,가평-공장지붕태양광,https://www.solarlink.co.kr/?k=%EA%B0%80%ED%8F%89-%EA%B3%B5%EC%9E%A5%EC%A7%80%EB%B6%95%ED%83%9C%EC%96%91%EA%B4%91,https://www.solarlink.co.kr/?k=가평-공장지붕태양광,N
429,경기,경기시군,가평,창고 태양광,가평 창고 태양광,가평-창고태양광,https://www.solarlink.co.kr/?k=%EA%B0%80%ED%8F%89-%EC%B0%BD%EA%B3%A0%ED%83%9C%EC%96%91%EA%B4%91,https://www.solarlink.co.kr/?k=가평-창고태양광,N
430,경기,경기시군,가평,축사 태양광,가평 축사 태양광,가평-축사태양광,https://www.solarlink.co.kr/?k=%EA%B0%80%ED%8F%89-%EC%B6%95%EC%82%AC%ED%83%9C%EC%96%91%EA%B4%91,https://www.solarlink.co.kr/?k=가평-축사태양광,N
431,경기,경기시군,가평,지붕 태양광 임대,가평 지붕 태양광 임대,가평-지붕태양광임대,https://www.solarlink.co.kr/?k=%EA%B0%80%ED%8F%89-%EC%A7%80%EB%B6%95%ED%83%9C%EC%96%91%EA%B4%91%EC%9E%84%EB%8C%80,https://www.solarlink.co.kr/?k=가평-지붕태양광임대,N
432,경기,경기시군,가평,태양광 발전사업,가평 태양광 발전사업,가평-태양광발전사업,https://www.solarlink.co.kr/?k=%EA%B0%80%ED%8F%89-%ED%83%9C%EC%96%91%EA%B4%91%EB%B0%9C%EC%A0%84%EC%82%AC%EC%97%85,https://www.solarlink.co.kr/?k=가평-태양광발전사업,N
433,경기,경기시군,양평,태양광 설치,양평 태양광 설치,양평-태양광설치,https://www.solarlink.co.kr/?k=%EC%96%91%ED%8F%89-%ED%83%9C%EC%96%91%EA%B4%91%EC%84%A4%EC%B9%98,https://www.solarlink.co.kr/?k=양평-태양광설치,N
434,경기,경기시군,양평,태양광 업체,양평 태양광 업체,양평-태양광업체,https://www.solarlink.co.kr/?k=%EC%96%91%ED%8F%89-%ED%83%9C%EC%96%91%EA%B4%91%EC%97%85%EC%B2%B4,https://www.solarlink.co.kr/?k=양평-태양광업체,N
435,경기,경기시군,양평,공장 태양광,양평 공장 태양광,양평-공장태양광,https://www.solarlink.co.kr/?k=%EC%96%91%ED%8F%89-%EA%B3%B5%EC%9E%A5%ED%83%9C%EC%96%91%EA%B4%91,https://www.solarlink.co.kr/?k=양평-공장태양광,N
436,경기,경기시군,양평,공장 지붕 태양광,양평 공장 지붕 태양광,양평-공장지붕태양광,https://www.solarlink.co.kr/?k=%EC%96%91%ED%8F%89-%EA%B3%B5%EC%9E%A5%EC%A7%80%EB%B6%95%ED%83%9C%EC%96%91%EA%B4%91,https://www.solarlink.co.kr/?k=양평-공장지붕태양광,N
437,경기,경기시군,양평,창고 태양광,양평 창고 태양광,양평-창고태양광,https://www.solarlink.co.kr/?k=%EC%96%91%ED%8F%89-%EC%B0%BD%EA%B3%A0%ED%83%9C%EC%96%91%EA%B4%91,https://www.solarlink.co.kr/?k=양평-창고태양광,N
438,경기,경기시군,양평,축사 태양광,양평 축사 태양광,양평-축사태양광,https://www.solarlink.co.kr/?k=%EC%96%91%ED%8F%89-%EC%B6%95%EC%82%AC%ED%83%9C%EC%96%91%EA%B4%91,https://www.solarlink.co.kr/?k=양평-축사태양광,N
439,경기,경기시군,양평,지붕 태양광 임대,양평 지붕 태양광 임대,양평-지붕태양광임대,https://www.solarlink.co.kr/?k=%EC%96%91%ED%8F%89-%EC%A7%80%EB%B6%95%ED%83%9C%EC%96%91%EA%B4%91%EC%9E%84%EB%8C%80,https://www.solarlink.co.kr/?k=양평-지붕태양광임대,N
440,경기,경기시군,양평,태양광 발전사업,양평 태양광 발전사업,양평-태양광발전사업,https://www.solarlink.co.kr/?k=%EC%96%91%ED%8F%89-%ED%83%9C%EC%96%91%EA%B4%91%EB%B0%9C%EC%A0%84%EC%82%AC%EC%97%85,https://www.solarlink.co.kr/?k=양평-태양광발전사업,N
441,경기,경기시군,연천,태양광 설치,연천 태양광 설치,연천-태양광설치,https://www.solarlink.co.kr/?k=%EC%97%B0%EC%B2%9C-%ED%83%9C%EC%96%91%EA%B4%91%EC%84%A4%EC%B9%98,https://www.solarlink.co.kr/?k=연천-태양광설치,N
442,경기,경기시군,연천,태양광 업체,연천 태양광 업체,연천-태양광업체,https://www.solarlink.co.kr/?k=%EC%97%B0%EC%B2%9C-%ED%83%9C%EC%96%91%EA%B4%91%EC%97%85%EC%B2%B4,https://www.solarlink.co.kr/?k=연천-태양광업체,N
443,경기,경기시군,연천,공장 태양광,연천 공장 태양광,연천-공장태양광,https://www.solarlink.co.kr/?k=%EC%97%B0%EC%B2%9C-%EA%B3%B5%EC%9E%A5%ED%83%9C%EC%96%91%EA%B4%91,https://www.solarlink.co.kr/?k=연천-공장태양광,N
444,경기,경기시군,연천,공장 지붕 태양광,연천 공장 지붕 태양광,연천-공장지붕태양광,https://www.solarlink.co.kr/?k=%EC%97%B0%EC%B2%9C-%EA%B3%B5%EC%9E%A5%EC%A7%80%EB%B6%95%ED%83%9C%EC%96%91%EA%B4%91,https://www.solarlink.co.kr/?k=연천-공장지붕태양광,N
445,경기,경기시군,연천,창고 태양광,연천 창고 태양광,연천-창고태양광,https://www.solarlink.co.kr/?k=%EC%97%B0%EC%B2%9C-%EC%B0%BD%EA%B3%A0%ED%83%9C%EC%96%91%EA%B4%91,https://www.solarlink.co.kr/?k=연천-창고태양광,N
446,경기,경기시군,연천,축사 태양광,연천 축사 태양광,연천-축사태양광,https://www.solarlink.co.kr/?k=%EC%97%B0%EC%B2%9C-%EC%B6%95%EC%82%AC%ED%83%9C%EC%96%91%EA%B4%91,https://www.solarlink.co.kr/?k=연천-축사태양광,N
447,경기,경기시군,연천,지붕 태양광 임대,연천 지붕 태양광 임대,연천-지붕태양광임대,https://www.solarlink.co.kr/?k=%EC%97%B0%EC%B2%9C-%EC%A7%80%EB%B6%95%ED%83%9C%EC%96%91%EA%B4%91%EC%9E%84%EB%8C%80,https://www.solarlink.co.kr/?k=연천-지붕태양광임대,N
448,경기,경기시군,연천,태양광 발전사업,연천 태양광 발전사업,연천-태양광발전사업,https://www.solarlink.co.kr/?k=%EC%97%B0%EC%B2%9C-%ED%83%9C%EC%96%91%EA%B4%91%EB%B0%9C%EC%A0%84%EC%82%AC%EC%97%85,https://www.solarlink.co.kr/?k=연천-태양광발전사업,N
449,인천,인천구군,인천 중구,태양광 설치,인천 중구 태양광 설치,인천중구-태양광설치,https://www.solarlink.co.kr/?k=%EC%9D%B8%EC%B2%9C%EC%A4%91%EA%B5%AC-%ED%83%9C%EC%96%91%EA%B4%91%EC%84%A4%EC%B9%98,https://www.solarlink.co.kr/?k=인천중구-태양광설치,N
450,인천,인천구군,인천 중구,태양광 업체,인천 중구 태양광 업체,인천중구-태양광업체,https://www.solarlink.co.kr/?k=%EC%9D%B8%EC%B2%9C%EC%A4%91%EA%B5%AC-%ED%83%9C%EC%96%91%EA%B4%91%EC%97%85%EC%B2%B4,https://www.solarlink.co.kr/?k=인천중구-태양광업체,N
451,인천,인천구군,인천 중구,공장 태양광,인천 중구 공장 태양광,인천중구-공장태양광,https://www.solarlink.co.kr/?k=%EC%9D%B8%EC%B2%9C%EC%A4%91%EA%B5%AC-%EA%B3%B5%EC%9E%A5%ED%83%9C%EC%96%91%EA%B4%91,https://www.solarlink.co.kr/?k=인천중구-공장태양광,N
452,인천,인천구군,인천 중구,공장 지붕 태양광,인천 중구 공장 지붕 태양광,인천중구-공장지붕태양광,https://www.solarlink.co.kr/?k=%EC%9D%B8%EC%B2%9C%EC%A4%91%EA%B5%AC-%EA%B3%B5%EC%9E%A5%EC%A7%80%EB%B6%95%ED%83%9C%EC%96%91%EA%B4%91,https://www.solarlink.co.kr/?k=인천중구-공장지붕태양광,N
453,인천,인천구군,인천 중구,창고 태양광,인천 중구 창고 태양광,인천중구-창고태양광,https://www.solarlink.co.kr/?k=%EC%9D%B8%EC%B2%9C%EC%A4%91%EA%B5%AC-%EC%B0%BD%EA%B3%A0%ED%83%9C%EC%96%91%EA%B4%91,https://www.solarlink.co.kr/?k=인천중구-창고태양광,N
454,인천,인천구군,인천 중구,축사 태양광,인천 중구 축사 태양광,인천중구-축사태양광,https://www.solarlink.co.kr/?k=%EC%9D%B8%EC%B2%9C%EC%A4%91%EA%B5%AC-%EC%B6%95%EC%82%AC%ED%83%9C%EC%96%91%EA%B4%91,https://www.solarlink.co.kr/?k=인천중구-축사태양광,N
455,인천,인천구군,인천 중구,지붕 태양광 임대,인천 중구 지붕 태양광 임대,인천중구-지붕태양광임대,https://www.solarlink.co.kr/?k=%EC%9D%B8%EC%B2%9C%EC%A4%91%EA%B5%AC-%EC%A7%80%EB%B6%95%ED%83%9C%EC%96%91%EA%B4%91%EC%9E%84%EB%8C%80,https://www.solarlink.co.kr/?k=인천중구-지붕태양광임대,N
456,인천,인천구군,인천 중구,태양광 발전사업,인천 중구 태양광 발전사업,인천중구-태양광발전사업,https://www.solarlink.co.kr/?k=%EC%9D%B8%EC%B2%9C%EC%A4%91%EA%B5%AC-%ED%83%9C%EC%96%91%EA%B4%91%EB%B0%9C%EC%A0%84%EC%82%AC%EC%97%85,https://www.solarlink.co.kr/?k=인천중구-태양광발전사업,N
457,인천,인천구군,인천 동구,태양광 설치,인천 동구 태양광 설치,인천동구-태양광설치,https://www.solarlink.co.kr/?k=%EC%9D%B8%EC%B2%9C%EB%8F%99%EA%B5%AC-%ED%83%9C%EC%96%91%EA%B4%91%EC%84%A4%EC%B9%98,https://www.solarlink.co.kr/?k=인천동구-태양광설치,N
458,인천,인천구군,인천 동구,태양광 업체,인천 동구 태양광 업체,인천동구-태양광업체,https://www.solarlink.co.kr/?k=%EC%9D%B8%EC%B2%9C%EB%8F%99%EA%B5%AC-%ED%83%9C%EC%96%91%EA%B4%91%EC%97%85%EC%B2%B4,https://www.solarlink.co.kr/?k=인천동구-태양광업체,N
459,인천,인천구군,인천 동구,공장 태양광,인천 동구 공장 태양광,인천동구-공장태양광,https://www.solarlink.co.kr/?k=%EC%9D%B8%EC%B2%9C%EB%8F%99%EA%B5%AC-%EA%B3%B5%EC%9E%A5%ED%83%9C%EC%96%91%EA%B4%91,https://www.solarlink.co.kr/?k=인천동구-공장태양광,N
460,인천,인천구군,인천 동구,공장 지붕 태양광,인천 동구 공장 지붕 태양광,인천동구-공장지붕태양광,https://www.solarlink.co.kr/?k=%EC%9D%B8%EC%B2%9C%EB%8F%99%EA%B5%AC-%EA%B3%B5%EC%9E%A5%EC%A7%80%EB%B6%95%ED%83%9C%EC%96%91%EA%B4%91,https://www.solarlink.co.kr/?k=인천동구-공장지붕태양광,N
461,인천,인천구군,인천 동구,창고 태양광,인천 동구 창고 태양광,인천동구-창고태양광,https://www.solarlink.co.kr/?k=%EC%9D%B8%EC%B2%9C%EB%8F%99%EA%B5%AC-%EC%B0%BD%EA%B3%A0%ED%83%9C%EC%96%91%EA%B4%91,https://www.solarlink.co.kr/?k=인천동구-창고태양광,N
462,인천,인천구군,인천 동구,축사 태양광,인천 동구 축사 태양광,인천동구-축사태양광,https://www.solarlink.co.kr/?k=%EC%9D%B8%EC%B2%9C%EB%8F%99%EA%B5%AC-%EC%B6%95%EC%82%AC%ED%83%9C%EC%96%91%EA%B4%91,https://www.solarlink.co.kr/?k=인천동구-축사태양광,N
463,인천,인천구군,인천 동구,지붕 태양광 임대,인천 동구 지붕 태양광 임대,인천동구-지붕태양광임대,https://www.solarlink.co.kr/?k=%EC%9D%B8%EC%B2%9C%EB%8F%99%EA%B5%AC-%EC%A7%80%EB%B6%95%ED%83%9C%EC%96%91%EA%B4%91%EC%9E%84%EB%8C%80,https://www.solarlink.co.kr/?k=인천동구-지붕태양광임대,N
464,인천,인천구군,인천 동구,태양광 발전사업,인천 동구 태양광 발전사업,인천동구-태양광발전사업,https://www.solarlink.co.kr/?k=%EC%9D%B8%EC%B2%9C%EB%8F%99%EA%B5%AC-%ED%83%9C%EC%96%91%EA%B4%91%EB%B0%9C%EC%A0%84%EC%82%AC%EC%97%85,https://www.solarlink.co.kr/?k=인천동구-태양광발전사업,N
465,인천,인천구군,인천 미추홀구,태양광 설치,인천 미추홀구 태양광 설치,인천미추홀구-태양광설치,https://www.solarlink.co.kr/?k=%EC%9D%B8%EC%B2%9C%EB%AF%B8%EC%B6%94%ED%99%80%EA%B5%AC-%ED%83%9C%EC%96%91%EA%B4%91%EC%84%A4%EC%B9%98,https://www.solarlink.co.kr/?k=인천미추홀구-태양광설치,N
466,인천,인천구군,인천 미추홀구,태양광 업체,인천 미추홀구 태양광 업체,인천미추홀구-태양광업체,https://www.solarlink.co.kr/?k=%EC%9D%B8%EC%B2%9C%EB%AF%B8%EC%B6%94%ED%99%80%EA%B5%AC-%ED%83%9C%EC%96%91%EA%B4%91%EC%97%85%EC%B2%B4,https://www.solarlink.co.kr/?k=인천미추홀구-태양광업체,N
467,인천,인천구군,인천 미추홀구,공장 태양광,인천 미추홀구 공장 태양광,인천미추홀구-공장태양광,https://www.solarlink.co.kr/?k=%EC%9D%B8%EC%B2%9C%EB%AF%B8%EC%B6%94%ED%99%80%EA%B5%AC-%EA%B3%B5%EC%9E%A5%ED%83%9C%EC%96%91%EA%B4%91,https://www.solarlink.co.kr/?k=인천미추홀구-공장태양광,N
468,인천,인천구군,인천 미추홀구,공장 지붕 태양광,인천 미추홀구 공장 지붕 태양광,인천미추홀구-공장지붕태양광,https://www.solarlink.co.kr/?k=%EC%9D%B8%EC%B2%9C%EB%AF%B8%EC%B6%94%ED%99%80%EA%B5%AC-%EA%B3%B5%EC%9E%A5%EC%A7%80%EB%B6%95%ED%83%9C%EC%96%91%EA%B4%91,https://www.solarlink.co.kr/?k=인천미추홀구-공장지붕태양광,N
469,인천,인천구군,인천 미추홀구,창고 태양광,인천 미추홀구 창고 태양광,인천미추홀구-창고태양광,https://www.solarlink.co.kr/?k=%EC%9D%B8%EC%B2%9C%EB%AF%B8%EC%B6%94%ED%99%80%EA%B5%AC-%EC%B0%BD%EA%B3%A0%ED%83%9C%EC%96%91%EA%B4%91,https://www.solarlink.co.kr/?k=인천미추홀구-창고태양광,N
470,인천,인천구군,인천 미추홀구,축사 태양광,인천 미추홀구 축사 태양광,인천미추홀구-축사태양광,https://www.solarlink.co.kr/?k=%EC%9D%B8%EC%B2%9C%EB%AF%B8%EC%B6%94%ED%99%80%EA%B5%AC-%EC%B6%95%EC%82%AC%ED%83%9C%EC%96%91%EA%B4%91,https://www.solarlink.co.kr/?k=인천미추홀구-축사태양광,N
471,인천,인천구군,인천 미추홀구,지붕 태양광 임대,인천 미추홀구 지붕 태양광 임대,인천미추홀구-지붕태양광임대,https://www.solarlink.co.kr/?k=%EC%9D%B8%EC%B2%9C%EB%AF%B8%EC%B6%94%ED%99%80%EA%B5%AC-%EC%A7%80%EB%B6%95%ED%83%9C%EC%96%91%EA%B4%91%EC%9E%84%EB%8C%80,https://www.solarlink.co.kr/?k=인천미추홀구-지붕태양광임대,N
472,인천,인천구군,인천 미추홀구,태양광 발전사업,인천 미추홀구 태양광 발전사업,인천미추홀구-태양광발전사업,https://www.solarlink.co.kr/?k=%EC%9D%B8%EC%B2%9C%EB%AF%B8%EC%B6%94%ED%99%80%EA%B5%AC-%ED%83%9C%EC%96%91%EA%B4%91%EB%B0%9C%EC%A0%84%EC%82%AC%EC%97%85,https://www.solarlink.co.kr/?k=인천미추홀구-태양광발전사업,N
473,인천,인천구군,인천 연수구,태양광 설치,인천 연수구 태양광 설치,인천연수구-태양광설치,https://www.solarlink.co.kr/?k=%EC%9D%B8%EC%B2%9C%EC%97%B0%EC%88%98%EA%B5%AC-%ED%83%9C%EC%96%91%EA%B4%91%EC%84%A4%EC%B9%98,https://www.solarlink.co.kr/?k=인천연수구-태양광설치,N
474,인천,인천구군,인천 연수구,태양광 업체,인천 연수구 태양광 업체,인천연수구-태양광업체,https://www.solarlink.co.kr/?k=%EC%9D%B8%EC%B2%9C%EC%97%B0%EC%88%98%EA%B5%AC-%ED%83%9C%EC%96%91%EA%B4%91%EC%97%85%EC%B2%B4,https://www.solarlink.co.kr/?k=인천연수구-태양광업체,N
475,인천,인천구군,인천 연수구,공장 태양광,인천 연수구 공장 태양광,인천연수구-공장태양광,https://www.solarlink.co.kr/?k=%EC%9D%B8%EC%B2%9C%EC%97%B0%EC%88%98%EA%B5%AC-%EA%B3%B5%EC%9E%A5%ED%83%9C%EC%96%91%EA%B4%91,https://www.solarlink.co.kr/?k=인천연수구-공장태양광,N
476,인천,인천구군,인천 연수구,공장 지붕 태양광,인천 연수구 공장 지붕 태양광,인천연수구-공장지붕태양광,https://www.solarlink.co.kr/?k=%EC%9D%B8%EC%B2%9C%EC%97%B0%EC%88%98%EA%B5%AC-%EA%B3%B5%EC%9E%A5%EC%A7%80%EB%B6%95%ED%83%9C%EC%96%91%EA%B4%91,https://www.solarlink.co.kr/?k=인천연수구-공장지붕태양광,N
477,인천,인천구군,인천 연수구,창고 태양광,인천 연수구 창고 태양광,인천연수구-창고태양광,https://www.solarlink.co.kr/?k=%EC%9D%B8%EC%B2%9C%EC%97%B0%EC%88%98%EA%B5%AC-%EC%B0%BD%EA%B3%A0%ED%83%9C%EC%96%91%EA%B4%91,https://www.solarlink.co.kr/?k=인천연수구-창고태양광,N
478,인천,인천구군,인천 연수구,축사 태양광,인천 연수구 축사 태양광,인천연수구-축사태양광,https://www.solarlink.co.kr/?k=%EC%9D%B8%EC%B2%9C%EC%97%B0%EC%88%98%EA%B5%AC-%EC%B6%95%EC%82%AC%ED%83%9C%EC%96%91%EA%B4%91,https://www.solarlink.co.kr/?k=인천연수구-축사태양광,N
479,인천,인천구군,인천 연수구,지붕 태양광 임대,인천 연수구 지붕 태양광 임대,인천연수구-지붕태양광임대,https://www.solarlink.co.kr/?k=%EC%9D%B8%EC%B2%9C%EC%97%B0%EC%88%98%EA%B5%AC-%EC%A7%80%EB%B6%95%ED%83%9C%EC%96%91%EA%B4%91%EC%9E%84%EB%8C%80,https://www.solarlink.co.kr/?k=인천연수구-지붕태양광임대,N
480,인천,인천구군,인천 연수구,태양광 발전사업,인천 연수구 태양광 발전사업,인천연수구-태양광발전사업,https://www.solarlink.co.kr/?k=%EC%9D%B8%EC%B2%9C%EC%97%B0%EC%88%98%EA%B5%AC-%ED%83%9C%EC%96%91%EA%B4%91%EB%B0%9C%EC%A0%84%EC%82%AC%EC%97%85,https://www.solarlink.co.kr/?k=인천연수구-태양광발전사업,N
481,인천,인천구군,인천 남동구,태양광 설치,인천 남동구 태양광 설치,인천남동구-태양광설치,https://www.solarlink.co.kr/?k=%EC%9D%B8%EC%B2%9C%EB%82%A8%EB%8F%99%EA%B5%AC-%ED%83%9C%EC%96%91%EA%B4%91%EC%84%A4%EC%B9%98,https://www.solarlink.co.kr/?k=인천남동구-태양광설치,N
482,인천,인천구군,인천 남동구,태양광 업체,인천 남동구 태양광 업체,인천남동구-태양광업체,https://www.solarlink.co.kr/?k=%EC%9D%B8%EC%B2%9C%EB%82%A8%EB%8F%99%EA%B5%AC-%ED%83%9C%EC%96%91%EA%B4%91%EC%97%85%EC%B2%B4,https://www.solarlink.co.kr/?k=인천남동구-태양광업체,N
483,인천,인천구군,인천 남동구,공장 태양광,인천 남동구 공장 태양광,인천남동구-공장태양광,https://www.solarlink.co.kr/?k=%EC%9D%B8%EC%B2%9C%EB%82%A8%EB%8F%99%EA%B5%AC-%EA%B3%B5%EC%9E%A5%ED%83%9C%EC%96%91%EA%B4%91,https://www.solarlink.co.kr/?k=인천남동구-공장태양광,N
484,인천,인천구군,인천 남동구,공장 지붕 태양광,인천 남동구 공장 지붕 태양광,인천남동구-공장지붕태양광,https://www.solarlink.co.kr/?k=%EC%9D%B8%EC%B2%9C%EB%82%A8%EB%8F%99%EA%B5%AC-%EA%B3%B5%EC%9E%A5%EC%A7%80%EB%B6%95%ED%83%9C%EC%96%91%EA%B4%91,https://www.solarlink.co.kr/?k=인천남동구-공장지붕태양광,N
485,인천,인천구군,인천 남동구,창고 태양광,인천 남동구 창고 태양광,인천남동구-창고태양광,https://www.solarlink.co.kr/?k=%EC%9D%B8%EC%B2%9C%EB%82%A8%EB%8F%99%EA%B5%AC-%EC%B0%BD%EA%B3%A0%ED%83%9C%EC%96%91%EA%B4%91,https://www.solarlink.co.kr/?k=인천남동구-창고태양광,N
486,인천,인천구군,인천 남동구,축사 태양광,인천 남동구 축사 태양광,인천남동구-축사태양광,https://www.solarlink.co.kr/?k=%EC%9D%B8%EC%B2%9C%EB%82%A8%EB%8F%99%EA%B5%AC-%EC%B6%95%EC%82%AC%ED%83%9C%EC%96%91%EA%B4%91,https://www.solarlink.co.kr/?k=인천남동구-축사태양광,N
487,인천,인천구군,인천 남동구,지붕 태양광 임대,인천 남동구 지붕 태양광 임대,인천남동구-지붕태양광임대,https://www.solarlink.co.kr/?k=%EC%9D%B8%EC%B2%9C%EB%82%A8%EB%8F%99%EA%B5%AC-%EC%A7%80%EB%B6%95%ED%83%9C%EC%96%91%EA%B4%91%EC%9E%84%EB%8C%80,https://www.solarlink.co.kr/?k=인천남동구-지붕태양광임대,N
488,인천,인천구군,인천 남동구,태양광 발전사업,인천 남동구 태양광 발전사업,인천남동구-태양광발전사업,https://www.solarlink.co.kr/?k=%EC%9D%B8%EC%B2%9C%EB%82%A8%EB%8F%99%EA%B5%AC-%ED%83%9C%EC%96%91%EA%B4%91%EB%B0%9C%EC%A0%84%EC%82%AC%EC%97%85,https://www.solarlink.co.kr/?k=인천남동구-태양광발전사업,N
489,인천,인천구군,인천 부평구,태양광 설치,인천 부평구 태양광 설치,인천부평구-태양광설치,https://www.solarlink.co.kr/?k=%EC%9D%B8%EC%B2%9C%EB%B6%80%ED%8F%89%EA%B5%AC-%ED%83%9C%EC%96%91%EA%B4%91%EC%84%A4%EC%B9%98,https://www.solarlink.co.kr/?k=인천부평구-태양광설치,N
490,인천,인천구군,인천 부평구,태양광 업체,인천 부평구 태양광 업체,인천부평구-태양광업체,https://www.solarlink.co.kr/?k=%EC%9D%B8%EC%B2%9C%EB%B6%80%ED%8F%89%EA%B5%AC-%ED%83%9C%EC%96%91%EA%B4%91%EC%97%85%EC%B2%B4,https://www.solarlink.co.kr/?k=인천부평구-태양광업체,N
491,인천,인천구군,인천 부평구,공장 태양광,인천 부평구 공장 태양광,인천부평구-공장태양광,https://www.solarlink.co.kr/?k=%EC%9D%B8%EC%B2%9C%EB%B6%80%ED%8F%89%EA%B5%AC-%EA%B3%B5%EC%9E%A5%ED%83%9C%EC%96%91%EA%B4%91,https://www.solarlink.co.kr/?k=인천부평구-공장태양광,N
492,인천,인천구군,인천 부평구,공장 지붕 태양광,인천 부평구 공장 지붕 태양광,인천부평구-공장지붕태양광,https://www.solarlink.co.kr/?k=%EC%9D%B8%EC%B2%9C%EB%B6%80%ED%8F%89%EA%B5%AC-%EA%B3%B5%EC%9E%A5%EC%A7%80%EB%B6%95%ED%83%9C%EC%96%91%EA%B4%91,https://www.solarlink.co.kr/?k=인천부평구-공장지붕태양광,N
493,인천,인천구군,인천 부평구,창고 태양광,인천 부평구 창고 태양광,인천부평구-창고태양광,https://www.solarlink.co.kr/?k=%EC%9D%B8%EC%B2%9C%EB%B6%80%ED%8F%89%EA%B5%AC-%EC%B0%BD%EA%B3%A0%ED%83%9C%EC%96%91%EA%B4%91,https://www.solarlink.co.kr/?k=인천부평구-창고태양광,N
494,인천,인천구군,인천 부평구,축사 태양광,인천 부평구 축사 태양광,인천부평구-축사태양광,https://www.solarlink.co.kr/?k=%EC%9D%B8%EC%B2%9C%EB%B6%80%ED%8F%89%EA%B5%AC-%EC%B6%95%EC%82%AC%ED%83%9C%EC%96%91%EA%B4%91,https://www.solarlink.co.kr/?k=인천부평구-축사태양광,N
495,인천,인천구군,인천 부평구,지붕 태양광 임대,인천 부평구 지붕 태양광 임대,인천부평구-지붕태양광임대,https://www.solarlink.co.kr/?k=%EC%9D%B8%EC%B2%9C%EB%B6%80%ED%8F%89%EA%B5%AC-%EC%A7%80%EB%B6%95%ED%83%9C%EC%96%91%EA%B4%91%EC%9E%84%EB%8C%80,https://www.solarlink.co.kr/?k=인천부평구-지붕태양광임대,N
496,인천,인천구군,인천 부평구,태양광 발전사업,인천 부평구 태양광 발전사업,인천부평구-태양광발전사업,https://www.solarlink.co.kr/?k=%EC%9D%B8%EC%B2%9C%EB%B6%80%ED%8F%89%EA%B5%AC-%ED%83%9C%EC%96%91%EA%B4%91%EB%B0%9C%EC%A0%84%EC%82%AC%EC%97%85,https://www.solarlink.co.kr/?k=인천부평구-태양광발전사업,N
497,인천,인천구군,인천 계양구,태양광 설치,인천 계양구 태양광 설치,인천계양구-태양광설치,https://www.solarlink.co.kr/?k=%EC%9D%B8%EC%B2%9C%EA%B3%84%EC%96%91%EA%B5%AC-%ED%83%9C%EC%96%91%EA%B4%91%EC%84%A4%EC%B9%98,https://www.solarlink.co.kr/?k=인천계양구-태양광설치,N
498,인천,인천구군,인천 계양구,태양광 업체,인천 계양구 태양광 업체,인천계양구-태양광업체,https://www.solarlink.co.kr/?k=%EC%9D%B8%EC%B2%9C%EA%B3%84%EC%96%91%EA%B5%AC-%ED%83%9C%EC%96%91%EA%B4%91%EC%97%85%EC%B2%B4,https://www.solarlink.co.kr/?k=인천계양구-태양광업체,N
499,인천,인천구군,인천 계양구,공장 태양광,인천 계양구 공장 태양광,인천계양구-공장태양광,https://www.solarlink.co.kr/?k=%EC%9D%B8%EC%B2%9C%EA%B3%84%EC%96%91%EA%B5%AC-%EA%B3%B5%EC%9E%A5%ED%83%9C%EC%96%91%EA%B4%91,https://www.solarlink.co.kr/?k=인천계양구-공장태양광,N
500,인천,인천구군,인천 계양구,공장 지붕 태양광,인천 계양구 공장 지붕 태양광,인천계양구-공장지붕태양광,https://www.solarlink.co.kr/?k=%EC%9D%B8%EC%B2%9C%EA%B3%84%EC%96%91%EA%B5%AC-%EA%B3%B5%EC%9E%A5%EC%A7%80%EB%B6%95%ED%83%9C%EC%96%91%EA%B4%91,https://www.solarlink.co.kr/?k=인천계양구-공장지붕태양광,N
501,인천,인천구군,인천 계양구,창고 태양광,인천 계양구 창고 태양광,인천계양구-창고태양광,https://www.solarlink.co.kr/?k=%EC%9D%B8%EC%B2%9C%EA%B3%84%EC%96%91%EA%B5%AC-%EC%B0%BD%EA%B3%A0%ED%83%9C%EC%96%91%EA%B4%91,https://www.solarlink.co.kr/?k=인천계양구-창고태양광,N
502,인천,인천구군,인천 계양구,축사 태양광,인천 계양구 축사 태양광,인천계양구-축사태양광,https://www.solarlink.co.kr/?k=%EC%9D%B8%EC%B2%9C%EA%B3%84%EC%96%91%EA%B5%AC-%EC%B6%95%EC%82%AC%ED%83%9C%EC%96%91%EA%B4%91,https://www.solarlink.co.kr/?k=인천계양구-축사태양광,N
503,인천,인천구군,인천 계양구,지붕 태양광 임대,인천 계양구 지붕 태양광 임대,인천계양구-지붕태양광임대,https://www.solarlink.co.kr/?k=%EC%9D%B8%EC%B2%9C%EA%B3%84%EC%96%91%EA%B5%AC-%EC%A7%80%EB%B6%95%ED%83%9C%EC%96%91%EA%B4%91%EC%9E%84%EB%8C%80,https://www.solarlink.co.kr/?k=인천계양구-지붕태양광임대,N
504,인천,인천구군,인천 계양구,태양광 발전사업,인천 계양구 태양광 발전사업,인천계양구-태양광발전사업,https://www.solarlink.co.kr/?k=%EC%9D%B8%EC%B2%9C%EA%B3%84%EC%96%91%EA%B5%AC-%ED%83%9C%EC%96%91%EA%B4%91%EB%B0%9C%EC%A0%84%EC%82%AC%EC%97%85,https://www.solarlink.co.kr/?k=인천계양구-태양광발전사업,N
505,인천,인천구군,인천 서구,태양광 설치,인천 서구 태양광 설치,인천서구-태양광설치,https://www.solarlink.co.kr/?k=%EC%9D%B8%EC%B2%9C%EC%84%9C%EA%B5%AC-%ED%83%9C%EC%96%91%EA%B4%91%EC%84%A4%EC%B9%98,https://www.solarlink.co.kr/?k=인천서구-태양광설치,N
506,인천,인천구군,인천 서구,태양광 업체,인천 서구 태양광 업체,인천서구-태양광업체,https://www.solarlink.co.kr/?k=%EC%9D%B8%EC%B2%9C%EC%84%9C%EA%B5%AC-%ED%83%9C%EC%96%91%EA%B4%91%EC%97%85%EC%B2%B4,https://www.solarlink.co.kr/?k=인천서구-태양광업체,N
507,인천,인천구군,인천 서구,공장 태양광,인천 서구 공장 태양광,인천서구-공장태양광,https://www.solarlink.co.kr/?k=%EC%9D%B8%EC%B2%9C%EC%84%9C%EA%B5%AC-%EA%B3%B5%EC%9E%A5%ED%83%9C%EC%96%91%EA%B4%91,https://www.solarlink.co.kr/?k=인천서구-공장태양광,N
508,인천,인천구군,인천 서구,공장 지붕 태양광,인천 서구 공장 지붕 태양광,인천서구-공장지붕태양광,https://www.solarlink.co.kr/?k=%EC%9D%B8%EC%B2%9C%EC%84%9C%EA%B5%AC-%EA%B3%B5%EC%9E%A5%EC%A7%80%EB%B6%95%ED%83%9C%EC%96%91%EA%B4%91,https://www.solarlink.co.kr/?k=인천서구-공장지붕태양광,N
509,인천,인천구군,인천 서구,창고 태양광,인천 서구 창고 태양광,인천서구-창고태양광,https://www.solarlink.co.kr/?k=%EC%9D%B8%EC%B2%9C%EC%84%9C%EA%B5%AC-%EC%B0%BD%EA%B3%A0%ED%83%9C%EC%96%91%EA%B4%91,https://www.solarlink.co.kr/?k=인천서구-창고태양광,N
510,인천,인천구군,인천 서구,축사 태양광,인천 서구 축사 태양광,인천서구-축사태양광,https://www.solarlink.co.kr/?k=%EC%9D%B8%EC%B2%9C%EC%84%9C%EA%B5%AC-%EC%B6%95%EC%82%AC%ED%83%9C%EC%96%91%EA%B4%91,https://www.solarlink.co.kr/?k=인천서구-축사태양광,N
511,인천,인천구군,인천 서구,지붕 태양광 임대,인천 서구 지붕 태양광 임대,인천서구-지붕태양광임대,https://www.solarlink.co.kr/?k=%EC%9D%B8%EC%B2%9C%EC%84%9C%EA%B5%AC-%EC%A7%80%EB%B6%95%ED%83%9C%EC%96%91%EA%B4%91%EC%9E%84%EB%8C%80,https://www.solarlink.co.kr/?k=인천서구-지붕태양광임대,N
512,인천,인천구군,인천 서구,태양광 발전사업,인천 서구 태양광 발전사업,인천서구-태양광발전사업,https://www.solarlink.co.kr/?k=%EC%9D%B8%EC%B2%9C%EC%84%9C%EA%B5%AC-%ED%83%9C%EC%96%91%EA%B4%91%EB%B0%9C%EC%A0%84%EC%82%AC%EC%97%85,https://www.solarlink.co.kr/?k=인천서구-태양광발전사업,N
513,인천,인천구군,인천 강화군,태양광 설치,인천 강화군 태양광 설치,인천강화군-태양광설치,https://www.solarlink.co.kr/?k=%EC%9D%B8%EC%B2%9C%EA%B0%95%ED%99%94%EA%B5%B0-%ED%83%9C%EC%96%91%EA%B4%91%EC%84%A4%EC%B9%98,https://www.solarlink.co.kr/?k=인천강화군-태양광설치,N
514,인천,인천구군,인천 강화군,태양광 업체,인천 강화군 태양광 업체,인천강화군-태양광업체,https://www.solarlink.co.kr/?k=%EC%9D%B8%EC%B2%9C%EA%B0%95%ED%99%94%EA%B5%B0-%ED%83%9C%EC%96%91%EA%B4%91%EC%97%85%EC%B2%B4,https://www.solarlink.co.kr/?k=인천강화군-태양광업체,N
515,인천,인천구군,인천 강화군,공장 태양광,인천 강화군 공장 태양광,인천강화군-공장태양광,https://www.solarlink.co.kr/?k=%EC%9D%B8%EC%B2%9C%EA%B0%95%ED%99%94%EA%B5%B0-%EA%B3%B5%EC%9E%A5%ED%83%9C%EC%96%91%EA%B4%91,https://www.solarlink.co.kr/?k=인천강화군-공장태양광,N
516,인천,인천구군,인천 강화군,공장 지붕 태양광,인천 강화군 공장 지붕 태양광,인천강화군-공장지붕태양광,https://www.solarlink.co.kr/?k=%EC%9D%B8%EC%B2%9C%EA%B0%95%ED%99%94%EA%B5%B0-%EA%B3%B5%EC%9E%A5%EC%A7%80%EB%B6%95%ED%83%9C%EC%96%91%EA%B4%91,https://www.solarlink.co.kr/?k=인천강화군-공장지붕태양광,N
517,인천,인천구군,인천 강화군,창고 태양광,인천 강화군 창고 태양광,인천강화군-창고태양광,https://www.solarlink.co.kr/?k=%EC%9D%B8%EC%B2%9C%EA%B0%95%ED%99%94%EA%B5%B0-%EC%B0%BD%EA%B3%A0%ED%83%9C%EC%96%91%EA%B4%91,https://www.solarlink.co.kr/?k=인천강화군-창고태양광,N
518,인천,인천구군,인천 강화군,축사 태양광,인천 강화군 축사 태양광,인천강화군-축사태양광,https://www.solarlink.co.kr/?k=%EC%9D%B8%EC%B2%9C%EA%B0%95%ED%99%94%EA%B5%B0-%EC%B6%95%EC%82%AC%ED%83%9C%EC%96%91%EA%B4%91,https://www.solarlink.co.kr/?k=인천강화군-축사태양광,N
519,인천,인천구군,인천 강화군,지붕 태양광 임대,인천 강화군 지붕 태양광 임대,인천강화군-지붕태양광임대,https://www.solarlink.co.kr/?k=%EC%9D%B8%EC%B2%9C%EA%B0%95%ED%99%94%EA%B5%B0-%EC%A7%80%EB%B6%95%ED%83%9C%EC%96%91%EA%B4%91%EC%9E%84%EB%8C%80,https://www.solarlink.co.kr/?k=인천강화군-지붕태양광임대,N
520,인천,인천구군,인천 강화군,태양광 발전사업,인천 강화군 태양광 발전사업,인천강화군-태양광발전사업,https://www.solarlink.co.kr/?k=%EC%9D%B8%EC%B2%9C%EA%B0%95%ED%99%94%EA%B5%B0-%ED%83%9C%EC%96%91%EA%B4%91%EB%B0%9C%EC%A0%84%EC%82%AC%EC%97%85,https://www.solarlink.co.kr/?k=인천강화군-태양광발전사업,N
521,인천,인천구군,인천 옹진군,태양광 설치,인천 옹진군 태양광 설치,인천옹진군-태양광설치,https://www.solarlink.co.kr/?k=%EC%9D%B8%EC%B2%9C%EC%98%B9%EC%A7%84%EA%B5%B0-%ED%83%9C%EC%96%91%EA%B4%91%EC%84%A4%EC%B9%98,https://www.solarlink.co.kr/?k=인천옹진군-태양광설치,N
522,인천,인천구군,인천 옹진군,태양광 업체,인천 옹진군 태양광 업체,인천옹진군-태양광업체,https://www.solarlink.co.kr/?k=%EC%9D%B8%EC%B2%9C%EC%98%B9%EC%A7%84%EA%B5%B0-%ED%83%9C%EC%96%91%EA%B4%91%EC%97%85%EC%B2%B4,https://www.solarlink.co.kr/?k=인천옹진군-태양광업체,N
523,인천,인천구군,인천 옹진군,공장 태양광,인천 옹진군 공장 태양광,인천옹진군-공장태양광,https://www.solarlink.co.kr/?k=%EC%9D%B8%EC%B2%9C%EC%98%B9%EC%A7%84%EA%B5%B0-%EA%B3%B5%EC%9E%A5%ED%83%9C%EC%96%91%EA%B4%91,https://www.solarlink.co.kr/?k=인천옹진군-공장태양광,N
524,인천,인천구군,인천 옹진군,공장 지붕 태양광,인천 옹진군 공장 지붕 태양광,인천옹진군-공장지붕태양광,https://www.solarlink.co.kr/?k=%EC%9D%B8%EC%B2%9C%EC%98%B9%EC%A7%84%EA%B5%B0-%EA%B3%B5%EC%9E%A5%EC%A7%80%EB%B6%95%ED%83%9C%EC%96%91%EA%B4%91,https://www.solarlink.co.kr/?k=인천옹진군-공장지붕태양광,N
525,인천,인천구군,인천 옹진군,창고 태양광,인천 옹진군 창고 태양광,인천옹진군-창고태양광,https://www.solarlink.co.kr/?k=%EC%9D%B8%EC%B2%9C%EC%98%B9%EC%A7%84%EA%B5%B0-%EC%B0%BD%EA%B3%A0%ED%83%9C%EC%96%91%EA%B4%91,https://www.solarlink.co.kr/?k=인천옹진군-창고태양광,N
526,인천,인천구군,인천 옹진군,축사 태양광,인천 옹진군 축사 태양광,인천옹진군-축사태양광,https://www.solarlink.co.kr/?k=%EC%9D%B8%EC%B2%9C%EC%98%B9%EC%A7%84%EA%B5%B0-%EC%B6%95%EC%82%AC%ED%83%9C%EC%96%91%EA%B4%91,https://www.solarlink.co.kr/?k=인천옹진군-축사태양광,N
527,인천,인천구군,인천 옹진군,지붕 태양광 임대,인천 옹진군 지붕 태양광 임대,인천옹진군-지붕태양광임대,https://www.solarlink.co.kr/?k=%EC%9D%B8%EC%B2%9C%EC%98%B9%EC%A7%84%EA%B5%B0-%EC%A7%80%EB%B6%95%ED%83%9C%EC%96%91%EA%B4%91%EC%9E%84%EB%8C%80,https://www.solarlink.co.kr/?k=인천옹진군-지붕태양광임대,N
528,인천,인천구군,인천 옹진군,태양광 발전사업,인천 옹진군 태양광 발전사업,인천옹진군-태양광발전사업,https://www.solarlink.co.kr/?k=%EC%9D%B8%EC%B2%9C%EC%98%B9%EC%A7%84%EA%B5%B0-%ED%83%9C%EC%96%91%EA%B4%91%EB%B0%9C%EC%A0%84%EC%82%AC%EC%97%85,https://www.solarlink.co.kr/?k=인천옹진군-태양광발전사업,N
529,충남,충남시군,천안,태양광 설치,천안 태양광 설치,천안-태양광설치,https://www.solarlink.co.kr/?k=%EC%B2%9C%EC%95%88-%ED%83%9C%EC%96%91%EA%B4%91%EC%84%A4%EC%B9%98,https://www.solarlink.co.kr/?k=천안-태양광설치,N
530,충남,충남시군,천안,태양광 업체,천안 태양광 업체,천안-태양광업체,https://www.solarlink.co.kr/?k=%EC%B2%9C%EC%95%88-%ED%83%9C%EC%96%91%EA%B4%91%EC%97%85%EC%B2%B4,https://www.solarlink.co.kr/?k=천안-태양광업체,N
531,충남,충남시군,천안,공장 태양광,천안 공장 태양광,천안-공장태양광,https://www.solarlink.co.kr/?k=%EC%B2%9C%EC%95%88-%EA%B3%B5%EC%9E%A5%ED%83%9C%EC%96%91%EA%B4%91,https://www.solarlink.co.kr/?k=천안-공장태양광,N
532,충남,충남시군,천안,공장 지붕 태양광,천안 공장 지붕 태양광,천안-공장지붕태양광,https://www.solarlink.co.kr/?k=%EC%B2%9C%EC%95%88-%EA%B3%B5%EC%9E%A5%EC%A7%80%EB%B6%95%ED%83%9C%EC%96%91%EA%B4%91,https://www.solarlink.co.kr/?k=천안-공장지붕태양광,N
533,충남,충남시군,천안,창고 태양광,천안 창고 태양광,천안-창고태양광,https://www.solarlink.co.kr/?k=%EC%B2%9C%EC%95%88-%EC%B0%BD%EA%B3%A0%ED%83%9C%EC%96%91%EA%B4%91,https://www.solarlink.co.kr/?k=천안-창고태양광,N
534,충남,충남시군,천안,축사 태양광,천안 축사 태양광,천안-축사태양광,https://www.solarlink.co.kr/?k=%EC%B2%9C%EC%95%88-%EC%B6%95%EC%82%AC%ED%83%9C%EC%96%91%EA%B4%91,https://www.solarlink.co.kr/?k=천안-축사태양광,N
535,충남,충남시군,천안,지붕 태양광 임대,천안 지붕 태양광 임대,천안-지붕태양광임대,https://www.solarlink.co.kr/?k=%EC%B2%9C%EC%95%88-%EC%A7%80%EB%B6%95%ED%83%9C%EC%96%91%EA%B4%91%EC%9E%84%EB%8C%80,https://www.solarlink.co.kr/?k=천안-지붕태양광임대,N
536,충남,충남시군,천안,태양광 발전사업,천안 태양광 발전사업,천안-태양광발전사업,https://www.solarlink.co.kr/?k=%EC%B2%9C%EC%95%88-%ED%83%9C%EC%96%91%EA%B4%91%EB%B0%9C%EC%A0%84%EC%82%AC%EC%97%85,https://www.solarlink.co.kr/?k=천안-태양광발전사업,N
537,충남,충남시군,공주,태양광 설치,공주 태양광 설치,공주-태양광설치,https://www.solarlink.co.kr/?k=%EA%B3%B5%EC%A3%BC-%ED%83%9C%EC%96%91%EA%B4%91%EC%84%A4%EC%B9%98,https://www.solarlink.co.kr/?k=공주-태양광설치,N
538,충남,충남시군,공주,태양광 업체,공주 태양광 업체,공주-태양광업체,https://www.solarlink.co.kr/?k=%EA%B3%B5%EC%A3%BC-%ED%83%9C%EC%96%91%EA%B4%91%EC%97%85%EC%B2%B4,https://www.solarlink.co.kr/?k=공주-태양광업체,N
539,충남,충남시군,공주,공장 태양광,공주 공장 태양광,공주-공장태양광,https://www.solarlink.co.kr/?k=%EA%B3%B5%EC%A3%BC-%EA%B3%B5%EC%9E%A5%ED%83%9C%EC%96%91%EA%B4%91,https://www.solarlink.co.kr/?k=공주-공장태양광,N
540,충남,충남시군,공주,공장 지붕 태양광,공주 공장 지붕 태양광,공주-공장지붕태양광,https://www.solarlink.co.kr/?k=%EA%B3%B5%EC%A3%BC-%EA%B3%B5%EC%9E%A5%EC%A7%80%EB%B6%95%ED%83%9C%EC%96%91%EA%B4%91,https://www.solarlink.co.kr/?k=공주-공장지붕태양광,N
541,충남,충남시군,공주,창고 태양광,공주 창고 태양광,공주-창고태양광,https://www.solarlink.co.kr/?k=%EA%B3%B5%EC%A3%BC-%EC%B0%BD%EA%B3%A0%ED%83%9C%EC%96%91%EA%B4%91,https://www.solarlink.co.kr/?k=공주-창고태양광,N
542,충남,충남시군,공주,축사 태양광,공주 축사 태양광,공주-축사태양광,https://www.solarlink.co.kr/?k=%EA%B3%B5%EC%A3%BC-%EC%B6%95%EC%82%AC%ED%83%9C%EC%96%91%EA%B4%91,https://www.solarlink.co.kr/?k=공주-축사태양광,N
543,충남,충남시군,공주,지붕 태양광 임대,공주 지붕 태양광 임대,공주-지붕태양광임대,https://www.solarlink.co.kr/?k=%EA%B3%B5%EC%A3%BC-%EC%A7%80%EB%B6%95%ED%83%9C%EC%96%91%EA%B4%91%EC%9E%84%EB%8C%80,https://www.solarlink.co.kr/?k=공주-지붕태양광임대,N
544,충남,충남시군,공주,태양광 발전사업,공주 태양광 발전사업,공주-태양광발전사업,https://www.solarlink.co.kr/?k=%EA%B3%B5%EC%A3%BC-%ED%83%9C%EC%96%91%EA%B4%91%EB%B0%9C%EC%A0%84%EC%82%AC%EC%97%85,https://www.solarlink.co.kr/?k=공주-태양광발전사업,N
545,충남,충남시군,보령,태양광 설치,보령 태양광 설치,보령-태양광설치,https://www.solarlink.co.kr/?k=%EB%B3%B4%EB%A0%B9-%ED%83%9C%EC%96%91%EA%B4%91%EC%84%A4%EC%B9%98,https://www.solarlink.co.kr/?k=보령-태양광설치,N
546,충남,충남시군,보령,태양광 업체,보령 태양광 업체,보령-태양광업체,https://www.solarlink.co.kr/?k=%EB%B3%B4%EB%A0%B9-%ED%83%9C%EC%96%91%EA%B4%91%EC%97%85%EC%B2%B4,https://www.solarlink.co.kr/?k=보령-태양광업체,N
547,충남,충남시군,보령,공장 태양광,보령 공장 태양광,보령-공장태양광,https://www.solarlink.co.kr/?k=%EB%B3%B4%EB%A0%B9-%EA%B3%B5%EC%9E%A5%ED%83%9C%EC%96%91%EA%B4%91,https://www.solarlink.co.kr/?k=보령-공장태양광,N
548,충남,충남시군,보령,공장 지붕 태양광,보령 공장 지붕 태양광,보령-공장지붕태양광,https://www.solarlink.co.kr/?k=%EB%B3%B4%EB%A0%B9-%EA%B3%B5%EC%9E%A5%EC%A7%80%EB%B6%95%ED%83%9C%EC%96%91%EA%B4%91,https://www.solarlink.co.kr/?k=보령-공장지붕태양광,N
549,충남,충남시군,보령,창고 태양광,보령 창고 태양광,보령-창고태양광,https://www.solarlink.co.kr/?k=%EB%B3%B4%EB%A0%B9-%EC%B0%BD%EA%B3%A0%ED%83%9C%EC%96%91%EA%B4%91,https://www.solarlink.co.kr/?k=보령-창고태양광,N
550,충남,충남시군,보령,축사 태양광,보령 축사 태양광,보령-축사태양광,https://www.solarlink.co.kr/?k=%EB%B3%B4%EB%A0%B9-%EC%B6%95%EC%82%AC%ED%83%9C%EC%96%91%EA%B4%91,https://www.solarlink.co.kr/?k=보령-축사태양광,N
551,충남,충남시군,보령,지붕 태양광 임대,보령 지붕 태양광 임대,보령-지붕태양광임대,https://www.solarlink.co.kr/?k=%EB%B3%B4%EB%A0%B9-%EC%A7%80%EB%B6%95%ED%83%9C%EC%96%91%EA%B4%91%EC%9E%84%EB%8C%80,https://www.solarlink.co.kr/?k=보령-지붕태양광임대,N
552,충남,충남시군,보령,태양광 발전사업,보령 태양광 발전사업,보령-태양광발전사업,https://www.solarlink.co.kr/?k=%EB%B3%B4%EB%A0%B9-%ED%83%9C%EC%96%91%EA%B4%91%EB%B0%9C%EC%A0%84%EC%82%AC%EC%97%85,https://www.solarlink.co.kr/?k=보령-태양광발전사업,N
553,충남,충남시군,아산,태양광 설치,아산 태양광 설치,아산-태양광설치,https://www.solarlink.co.kr/?k=%EC%95%84%EC%82%B0-%ED%83%9C%EC%96%91%EA%B4%91%EC%84%A4%EC%B9%98,https://www.solarlink.co.kr/?k=아산-태양광설치,N
554,충남,충남시군,아산,태양광 업체,아산 태양광 업체,아산-태양광업체,https://www.solarlink.co.kr/?k=%EC%95%84%EC%82%B0-%ED%83%9C%EC%96%91%EA%B4%91%EC%97%85%EC%B2%B4,https://www.solarlink.co.kr/?k=아산-태양광업체,N
555,충남,충남시군,아산,공장 태양광,아산 공장 태양광,아산-공장태양광,https://www.solarlink.co.kr/?k=%EC%95%84%EC%82%B0-%EA%B3%B5%EC%9E%A5%ED%83%9C%EC%96%91%EA%B4%91,https://www.solarlink.co.kr/?k=아산-공장태양광,N
556,충남,충남시군,아산,공장 지붕 태양광,아산 공장 지붕 태양광,아산-공장지붕태양광,https://www.solarlink.co.kr/?k=%EC%95%84%EC%82%B0-%EA%B3%B5%EC%9E%A5%EC%A7%80%EB%B6%95%ED%83%9C%EC%96%91%EA%B4%91,https://www.solarlink.co.kr/?k=아산-공장지붕태양광,N
557,충남,충남시군,아산,창고 태양광,아산 창고 태양광,아산-창고태양광,https://www.solarlink.co.kr/?k=%EC%95%84%EC%82%B0-%EC%B0%BD%EA%B3%A0%ED%83%9C%EC%96%91%EA%B4%91,https://www.solarlink.co.kr/?k=아산-창고태양광,N
558,충남,충남시군,아산,축사 태양광,아산 축사 태양광,아산-축사태양광,https://www.solarlink.co.kr/?k=%EC%95%84%EC%82%B0-%EC%B6%95%EC%82%AC%ED%83%9C%EC%96%91%EA%B4%91,https://www.solarlink.co.kr/?k=아산-축사태양광,N
559,충남,충남시군,아산,지붕 태양광 임대,아산 지붕 태양광 임대,아산-지붕태양광임대,https://www.solarlink.co.kr/?k=%EC%95%84%EC%82%B0-%EC%A7%80%EB%B6%95%ED%83%9C%EC%96%91%EA%B4%91%EC%9E%84%EB%8C%80,https://www.solarlink.co.kr/?k=아산-지붕태양광임대,N
560,충남,충남시군,아산,태양광 발전사업,아산 태양광 발전사업,아산-태양광발전사업,https://www.solarlink.co.kr/?k=%EC%95%84%EC%82%B0-%ED%83%9C%EC%96%91%EA%B4%91%EB%B0%9C%EC%A0%84%EC%82%AC%EC%97%85,https://www.solarlink.co.kr/?k=아산-태양광발전사업,N
561,충남,충남시군,서산,태양광 설치,서산 태양광 설치,서산-태양광설치,https://www.solarlink.co.kr/?k=%EC%84%9C%EC%82%B0-%ED%83%9C%EC%96%91%EA%B4%91%EC%84%A4%EC%B9%98,https://www.solarlink.co.kr/?k=서산-태양광설치,N
562,충남,충남시군,서산,태양광 업체,서산 태양광 업체,서산-태양광업체,https://www.solarlink.co.kr/?k=%EC%84%9C%EC%82%B0-%ED%83%9C%EC%96%91%EA%B4%91%EC%97%85%EC%B2%B4,https://www.solarlink.co.kr/?k=서산-태양광업체,N
563,충남,충남시군,서산,공장 태양광,서산 공장 태양광,서산-공장태양광,https://www.solarlink.co.kr/?k=%EC%84%9C%EC%82%B0-%EA%B3%B5%EC%9E%A5%ED%83%9C%EC%96%91%EA%B4%91,https://www.solarlink.co.kr/?k=서산-공장태양광,N
564,충남,충남시군,서산,공장 지붕 태양광,서산 공장 지붕 태양광,서산-공장지붕태양광,https://www.solarlink.co.kr/?k=%EC%84%9C%EC%82%B0-%EA%B3%B5%EC%9E%A5%EC%A7%80%EB%B6%95%ED%83%9C%EC%96%91%EA%B4%91,https://www.solarlink.co.kr/?k=서산-공장지붕태양광,N
565,충남,충남시군,서산,창고 태양광,서산 창고 태양광,서산-창고태양광,https://www.solarlink.co.kr/?k=%EC%84%9C%EC%82%B0-%EC%B0%BD%EA%B3%A0%ED%83%9C%EC%96%91%EA%B4%91,https://www.solarlink.co.kr/?k=서산-창고태양광,N
566,충남,충남시군,서산,축사 태양광,서산 축사 태양광,서산-축사태양광,https://www.solarlink.co.kr/?k=%EC%84%9C%EC%82%B0-%EC%B6%95%EC%82%AC%ED%83%9C%EC%96%91%EA%B4%91,https://www.solarlink.co.kr/?k=서산-축사태양광,N
567,충남,충남시군,서산,지붕 태양광 임대,서산 지붕 태양광 임대,서산-지붕태양광임대,https://www.solarlink.co.kr/?k=%EC%84%9C%EC%82%B0-%EC%A7%80%EB%B6%95%ED%83%9C%EC%96%91%EA%B4%91%EC%9E%84%EB%8C%80,https://www.solarlink.co.kr/?k=서산-지붕태양광임대,N
568,충남,충남시군,서산,태양광 발전사업,서산 태양광 발전사업,서산-태양광발전사업,https://www.solarlink.co.kr/?k=%EC%84%9C%EC%82%B0-%ED%83%9C%EC%96%91%EA%B4%91%EB%B0%9C%EC%A0%84%EC%82%AC%EC%97%85,https://www.solarlink.co.kr/?k=서산-태양광발전사업,N
569,충남,충남시군,논산,태양광 설치,논산 태양광 설치,논산-태양광설치,https://www.solarlink.co.kr/?k=%EB%85%BC%EC%82%B0-%ED%83%9C%EC%96%91%EA%B4%91%EC%84%A4%EC%B9%98,https://www.solarlink.co.kr/?k=논산-태양광설치,N
570,충남,충남시군,논산,태양광 업체,논산 태양광 업체,논산-태양광업체,https://www.solarlink.co.kr/?k=%EB%85%BC%EC%82%B0-%ED%83%9C%EC%96%91%EA%B4%91%EC%97%85%EC%B2%B4,https://www.solarlink.co.kr/?k=논산-태양광업체,N
571,충남,충남시군,논산,공장 태양광,논산 공장 태양광,논산-공장태양광,https://www.solarlink.co.kr/?k=%EB%85%BC%EC%82%B0-%EA%B3%B5%EC%9E%A5%ED%83%9C%EC%96%91%EA%B4%91,https://www.solarlink.co.kr/?k=논산-공장태양광,N
572,충남,충남시군,논산,공장 지붕 태양광,논산 공장 지붕 태양광,논산-공장지붕태양광,https://www.solarlink.co.kr/?k=%EB%85%BC%EC%82%B0-%EA%B3%B5%EC%9E%A5%EC%A7%80%EB%B6%95%ED%83%9C%EC%96%91%EA%B4%91,https://www.solarlink.co.kr/?k=논산-공장지붕태양광,N
573,충남,충남시군,논산,창고 태양광,논산 창고 태양광,논산-창고태양광,https://www.solarlink.co.kr/?k=%EB%85%BC%EC%82%B0-%EC%B0%BD%EA%B3%A0%ED%83%9C%EC%96%91%EA%B4%91,https://www.solarlink.co.kr/?k=논산-창고태양광,N
574,충남,충남시군,논산,축사 태양광,논산 축사 태양광,논산-축사태양광,https://www.solarlink.co.kr/?k=%EB%85%BC%EC%82%B0-%EC%B6%95%EC%82%AC%ED%83%9C%EC%96%91%EA%B4%91,https://www.solarlink.co.kr/?k=논산-축사태양광,N
575,충남,충남시군,논산,지붕 태양광 임대,논산 지붕 태양광 임대,논산-지붕태양광임대,https://www.solarlink.co.kr/?k=%EB%85%BC%EC%82%B0-%EC%A7%80%EB%B6%95%ED%83%9C%EC%96%91%EA%B4%91%EC%9E%84%EB%8C%80,https://www.solarlink.co.kr/?k=논산-지붕태양광임대,N
576,충남,충남시군,논산,태양광 발전사업,논산 태양광 발전사업,논산-태양광발전사업,https://www.solarlink.co.kr/?k=%EB%85%BC%EC%82%B0-%ED%83%9C%EC%96%91%EA%B4%91%EB%B0%9C%EC%A0%84%EC%82%AC%EC%97%85,https://www.solarlink.co.kr/?k=논산-태양광발전사업,N
577,충남,충남시군,계룡,태양광 설치,계룡 태양광 설치,계룡-태양광설치,https://www.solarlink.co.kr/?k=%EA%B3%84%EB%A3%A1-%ED%83%9C%EC%96%91%EA%B4%91%EC%84%A4%EC%B9%98,https://www.solarlink.co.kr/?k=계룡-태양광설치,N
578,충남,충남시군,계룡,태양광 업체,계룡 태양광 업체,계룡-태양광업체,https://www.solarlink.co.kr/?k=%EA%B3%84%EB%A3%A1-%ED%83%9C%EC%96%91%EA%B4%91%EC%97%85%EC%B2%B4,https://www.solarlink.co.kr/?k=계룡-태양광업체,N
579,충남,충남시군,계룡,공장 태양광,계룡 공장 태양광,계룡-공장태양광,https://www.solarlink.co.kr/?k=%EA%B3%84%EB%A3%A1-%EA%B3%B5%EC%9E%A5%ED%83%9C%EC%96%91%EA%B4%91,https://www.solarlink.co.kr/?k=계룡-공장태양광,N
580,충남,충남시군,계룡,공장 지붕 태양광,계룡 공장 지붕 태양광,계룡-공장지붕태양광,https://www.solarlink.co.kr/?k=%EA%B3%84%EB%A3%A1-%EA%B3%B5%EC%9E%A5%EC%A7%80%EB%B6%95%ED%83%9C%EC%96%91%EA%B4%91,https://www.solarlink.co.kr/?k=계룡-공장지붕태양광,N
581,충남,충남시군,계룡,창고 태양광,계룡 창고 태양광,계룡-창고태양광,https://www.solarlink.co.kr/?k=%EA%B3%84%EB%A3%A1-%EC%B0%BD%EA%B3%A0%ED%83%9C%EC%96%91%EA%B4%91,https://www.solarlink.co.kr/?k=계룡-창고태양광,N
582,충남,충남시군,계룡,축사 태양광,계룡 축사 태양광,계룡-축사태양광,https://www.solarlink.co.kr/?k=%EA%B3%84%EB%A3%A1-%EC%B6%95%EC%82%AC%ED%83%9C%EC%96%91%EA%B4%91,https://www.solarlink.co.kr/?k=계룡-축사태양광,N
583,충남,충남시군,계룡,지붕 태양광 임대,계룡 지붕 태양광 임대,계룡-지붕태양광임대,https://www.solarlink.co.kr/?k=%EA%B3%84%EB%A3%A1-%EC%A7%80%EB%B6%95%ED%83%9C%EC%96%91%EA%B4%91%EC%9E%84%EB%8C%80,https://www.solarlink.co.kr/?k=계룡-지붕태양광임대,N
584,충남,충남시군,계룡,태양광 발전사업,계룡 태양광 발전사업,계룡-태양광발전사업,https://www.solarlink.co.kr/?k=%EA%B3%84%EB%A3%A1-%ED%83%9C%EC%96%91%EA%B4%91%EB%B0%9C%EC%A0%84%EC%82%AC%EC%97%85,https://www.solarlink.co.kr/?k=계룡-태양광발전사업,N
585,충남,충남시군,당진,태양광 설치,당진 태양광 설치,당진-태양광설치,https://www.solarlink.co.kr/?k=%EB%8B%B9%EC%A7%84-%ED%83%9C%EC%96%91%EA%B4%91%EC%84%A4%EC%B9%98,https://www.solarlink.co.kr/?k=당진-태양광설치,N
586,충남,충남시군,당진,태양광 업체,당진 태양광 업체,당진-태양광업체,https://www.solarlink.co.kr/?k=%EB%8B%B9%EC%A7%84-%ED%83%9C%EC%96%91%EA%B4%91%EC%97%85%EC%B2%B4,https://www.solarlink.co.kr/?k=당진-태양광업체,N
587,충남,충남시군,당진,공장 태양광,당진 공장 태양광,당진-공장태양광,https://www.solarlink.co.kr/?k=%EB%8B%B9%EC%A7%84-%EA%B3%B5%EC%9E%A5%ED%83%9C%EC%96%91%EA%B4%91,https://www.solarlink.co.kr/?k=당진-공장태양광,N
588,충남,충남시군,당진,공장 지붕 태양광,당진 공장 지붕 태양광,당진-공장지붕태양광,https://www.solarlink.co.kr/?k=%EB%8B%B9%EC%A7%84-%EA%B3%B5%EC%9E%A5%EC%A7%80%EB%B6%95%ED%83%9C%EC%96%91%EA%B4%91,https://www.solarlink.co.kr/?k=당진-공장지붕태양광,N
589,충남,충남시군,당진,창고 태양광,당진 창고 태양광,당진-창고태양광,https://www.solarlink.co.kr/?k=%EB%8B%B9%EC%A7%84-%EC%B0%BD%EA%B3%A0%ED%83%9C%EC%96%91%EA%B4%91,https://www.solarlink.co.kr/?k=당진-창고태양광,N
590,충남,충남시군,당진,축사 태양광,당진 축사 태양광,당진-축사태양광,https://www.solarlink.co.kr/?k=%EB%8B%B9%EC%A7%84-%EC%B6%95%EC%82%AC%ED%83%9C%EC%96%91%EA%B4%91,https://www.solarlink.co.kr/?k=당진-축사태양광,N
591,충남,충남시군,당진,지붕 태양광 임대,당진 지붕 태양광 임대,당진-지붕태양광임대,https://www.solarlink.co.kr/?k=%EB%8B%B9%EC%A7%84-%EC%A7%80%EB%B6%95%ED%83%9C%EC%96%91%EA%B4%91%EC%9E%84%EB%8C%80,https://www.solarlink.co.kr/?k=당진-지붕태양광임대,N
592,충남,충남시군,당진,태양광 발전사업,당진 태양광 발전사업,당진-태양광발전사업,https://www.solarlink.co.kr/?k=%EB%8B%B9%EC%A7%84-%ED%83%9C%EC%96%91%EA%B4%91%EB%B0%9C%EC%A0%84%EC%82%AC%EC%97%85,https://www.solarlink.co.kr/?k=당진-태양광발전사업,N
593,충남,충남시군,금산,태양광 설치,금산 태양광 설치,금산-태양광설치,https://www.solarlink.co.kr/?k=%EA%B8%88%EC%82%B0-%ED%83%9C%EC%96%91%EA%B4%91%EC%84%A4%EC%B9%98,https://www.solarlink.co.kr/?k=금산-태양광설치,N
594,충남,충남시군,금산,태양광 업체,금산 태양광 업체,금산-태양광업체,https://www.solarlink.co.kr/?k=%EA%B8%88%EC%82%B0-%ED%83%9C%EC%96%91%EA%B4%91%EC%97%85%EC%B2%B4,https://www.solarlink.co.kr/?k=금산-태양광업체,N
595,충남,충남시군,금산,공장 태양광,금산 공장 태양광,금산-공장태양광,https://www.solarlink.co.kr/?k=%EA%B8%88%EC%82%B0-%EA%B3%B5%EC%9E%A5%ED%83%9C%EC%96%91%EA%B4%91,https://www.solarlink.co.kr/?k=금산-공장태양광,N
596,충남,충남시군,금산,공장 지붕 태양광,금산 공장 지붕 태양광,금산-공장지붕태양광,https://www.solarlink.co.kr/?k=%EA%B8%88%EC%82%B0-%EA%B3%B5%EC%9E%A5%EC%A7%80%EB%B6%95%ED%83%9C%EC%96%91%EA%B4%91,https://www.solarlink.co.kr/?k=금산-공장지붕태양광,N
597,충남,충남시군,금산,창고 태양광,금산 창고 태양광,금산-창고태양광,https://www.solarlink.co.kr/?k=%EA%B8%88%EC%82%B0-%EC%B0%BD%EA%B3%A0%ED%83%9C%EC%96%91%EA%B4%91,https://www.solarlink.co.kr/?k=금산-창고태양광,N
598,충남,충남시군,금산,축사 태양광,금산 축사 태양광,금산-축사태양광,https://www.solarlink.co.kr/?k=%EA%B8%88%EC%82%B0-%EC%B6%95%EC%82%AC%ED%83%9C%EC%96%91%EA%B4%91,https://www.solarlink.co.kr/?k=금산-축사태양광,N
599,충남,충남시군,금산,지붕 태양광 임대,금산 지붕 태양광 임대,금산-지붕태양광임대,https://www.solarlink.co.kr/?k=%EA%B8%88%EC%82%B0-%EC%A7%80%EB%B6%95%ED%83%9C%EC%96%91%EA%B4%91%EC%9E%84%EB%8C%80,https://www.solarlink.co.kr/?k=금산-지붕태양광임대,N
600,충남,충남시군,금산,태양광 발전사업,금산 태양광 발전사업,금산-태양광발전사업,https://www.solarlink.co.kr/?k=%EA%B8%88%EC%82%B0-%ED%83%9C%EC%96%91%EA%B4%91%EB%B0%9C%EC%A0%84%EC%82%AC%EC%97%85,https://www.solarlink.co.kr/?k=금산-태양광발전사업,N
601,충남,충남시군,부여,태양광 설치,부여 태양광 설치,부여-태양광설치,https://www.solarlink.co.kr/?k=%EB%B6%80%EC%97%AC-%ED%83%9C%EC%96%91%EA%B4%91%EC%84%A4%EC%B9%98,https://www.solarlink.co.kr/?k=부여-태양광설치,N
602,충남,충남시군,부여,태양광 업체,부여 태양광 업체,부여-태양광업체,https://www.solarlink.co.kr/?k=%EB%B6%80%EC%97%AC-%ED%83%9C%EC%96%91%EA%B4%91%EC%97%85%EC%B2%B4,https://www.solarlink.co.kr/?k=부여-태양광업체,N
603,충남,충남시군,부여,공장 태양광,부여 공장 태양광,부여-공장태양광,https://www.solarlink.co.kr/?k=%EB%B6%80%EC%97%AC-%EA%B3%B5%EC%9E%A5%ED%83%9C%EC%96%91%EA%B4%91,https://www.solarlink.co.kr/?k=부여-공장태양광,N
604,충남,충남시군,부여,공장 지붕 태양광,부여 공장 지붕 태양광,부여-공장지붕태양광,https://www.solarlink.co.kr/?k=%EB%B6%80%EC%97%AC-%EA%B3%B5%EC%9E%A5%EC%A7%80%EB%B6%95%ED%83%9C%EC%96%91%EA%B4%91,https://www.solarlink.co.kr/?k=부여-공장지붕태양광,N
605,충남,충남시군,부여,창고 태양광,부여 창고 태양광,부여-창고태양광,https://www.solarlink.co.kr/?k=%EB%B6%80%EC%97%AC-%EC%B0%BD%EA%B3%A0%ED%83%9C%EC%96%91%EA%B4%91,https://www.solarlink.co.kr/?k=부여-창고태양광,N
606,충남,충남시군,부여,축사 태양광,부여 축사 태양광,부여-축사태양광,https://www.solarlink.co.kr/?k=%EB%B6%80%EC%97%AC-%EC%B6%95%EC%82%AC%ED%83%9C%EC%96%91%EA%B4%91,https://www.solarlink.co.kr/?k=부여-축사태양광,N
607,충남,충남시군,부여,지붕 태양광 임대,부여 지붕 태양광 임대,부여-지붕태양광임대,https://www.solarlink.co.kr/?k=%EB%B6%80%EC%97%AC-%EC%A7%80%EB%B6%95%ED%83%9C%EC%96%91%EA%B4%91%EC%9E%84%EB%8C%80,https://www.solarlink.co.kr/?k=부여-지붕태양광임대,N
608,충남,충남시군,부여,태양광 발전사업,부여 태양광 발전사업,부여-태양광발전사업,https://www.solarlink.co.kr/?k=%EB%B6%80%EC%97%AC-%ED%83%9C%EC%96%91%EA%B4%91%EB%B0%9C%EC%A0%84%EC%82%AC%EC%97%85,https://www.solarlink.co.kr/?k=부여-태양광발전사업,N
609,충남,충남시군,서천,태양광 설치,서천 태양광 설치,서천-태양광설치,https://www.solarlink.co.kr/?k=%EC%84%9C%EC%B2%9C-%ED%83%9C%EC%96%91%EA%B4%91%EC%84%A4%EC%B9%98,https://www.solarlink.co.kr/?k=서천-태양광설치,N
610,충남,충남시군,서천,태양광 업체,서천 태양광 업체,서천-태양광업체,https://www.solarlink.co.kr/?k=%EC%84%9C%EC%B2%9C-%ED%83%9C%EC%96%91%EA%B4%91%EC%97%85%EC%B2%B4,https://www.solarlink.co.kr/?k=서천-태양광업체,N
611,충남,충남시군,서천,공장 태양광,서천 공장 태양광,서천-공장태양광,https://www.solarlink.co.kr/?k=%EC%84%9C%EC%B2%9C-%EA%B3%B5%EC%9E%A5%ED%83%9C%EC%96%91%EA%B4%91,https://www.solarlink.co.kr/?k=서천-공장태양광,N
612,충남,충남시군,서천,공장 지붕 태양광,서천 공장 지붕 태양광,서천-공장지붕태양광,https://www.solarlink.co.kr/?k=%EC%84%9C%EC%B2%9C-%EA%B3%B5%EC%9E%A5%EC%A7%80%EB%B6%95%ED%83%9C%EC%96%91%EA%B4%91,https://www.solarlink.co.kr/?k=서천-공장지붕태양광,N
613,충남,충남시군,서천,창고 태양광,서천 창고 태양광,서천-창고태양광,https://www.solarlink.co.kr/?k=%EC%84%9C%EC%B2%9C-%EC%B0%BD%EA%B3%A0%ED%83%9C%EC%96%91%EA%B4%91,https://www.solarlink.co.kr/?k=서천-창고태양광,N
614,충남,충남시군,서천,축사 태양광,서천 축사 태양광,서천-축사태양광,https://www.solarlink.co.kr/?k=%EC%84%9C%EC%B2%9C-%EC%B6%95%EC%82%AC%ED%83%9C%EC%96%91%EA%B4%91,https://www.solarlink.co.kr/?k=서천-축사태양광,N
615,충남,충남시군,서천,지붕 태양광 임대,서천 지붕 태양광 임대,서천-지붕태양광임대,https://www.solarlink.co.kr/?k=%EC%84%9C%EC%B2%9C-%EC%A7%80%EB%B6%95%ED%83%9C%EC%96%91%EA%B4%91%EC%9E%84%EB%8C%80,https://www.solarlink.co.kr/?k=서천-지붕태양광임대,N
616,충남,충남시군,서천,태양광 발전사업,서천 태양광 발전사업,서천-태양광발전사업,https://www.solarlink.co.kr/?k=%EC%84%9C%EC%B2%9C-%ED%83%9C%EC%96%91%EA%B4%91%EB%B0%9C%EC%A0%84%EC%82%AC%EC%97%85,https://www.solarlink.co.kr/?k=서천-태양광발전사업,N
617,충남,충남시군,청양,태양광 설치,청양 태양광 설치,청양-태양광설치,https://www.solarlink.co.kr/?k=%EC%B2%AD%EC%96%91-%ED%83%9C%EC%96%91%EA%B4%91%EC%84%A4%EC%B9%98,https://www.solarlink.co.kr/?k=청양-태양광설치,N
618,충남,충남시군,청양,태양광 업체,청양 태양광 업체,청양-태양광업체,https://www.solarlink.co.kr/?k=%EC%B2%AD%EC%96%91-%ED%83%9C%EC%96%91%EA%B4%91%EC%97%85%EC%B2%B4,https://www.solarlink.co.kr/?k=청양-태양광업체,N
619,충남,충남시군,청양,공장 태양광,청양 공장 태양광,청양-공장태양광,https://www.solarlink.co.kr/?k=%EC%B2%AD%EC%96%91-%EA%B3%B5%EC%9E%A5%ED%83%9C%EC%96%91%EA%B4%91,https://www.solarlink.co.kr/?k=청양-공장태양광,N
620,충남,충남시군,청양,공장 지붕 태양광,청양 공장 지붕 태양광,청양-공장지붕태양광,https://www.solarlink.co.kr/?k=%EC%B2%AD%EC%96%91-%EA%B3%B5%EC%9E%A5%EC%A7%80%EB%B6%95%ED%83%9C%EC%96%91%EA%B4%91,https://www.solarlink.co.kr/?k=청양-공장지붕태양광,N
621,충남,충남시군,청양,창고 태양광,청양 창고 태양광,청양-창고태양광,https://www.solarlink.co.kr/?k=%EC%B2%AD%EC%96%91-%EC%B0%BD%EA%B3%A0%ED%83%9C%EC%96%91%EA%B4%91,https://www.solarlink.co.kr/?k=청양-창고태양광,N
622,충남,충남시군,청양,축사 태양광,청양 축사 태양광,청양-축사태양광,https://www.solarlink.co.kr/?k=%EC%B2%AD%EC%96%91-%EC%B6%95%EC%82%AC%ED%83%9C%EC%96%91%EA%B4%91,https://www.solarlink.co.kr/?k=청양-축사태양광,N
623,충남,충남시군,청양,지붕 태양광 임대,청양 지붕 태양광 임대,청양-지붕태양광임대,https://www.solarlink.co.kr/?k=%EC%B2%AD%EC%96%91-%EC%A7%80%EB%B6%95%ED%83%9C%EC%96%91%EA%B4%91%EC%9E%84%EB%8C%80,https://www.solarlink.co.kr/?k=청양-지붕태양광임대,N
624,충남,충남시군,청양,태양광 발전사업,청양 태양광 발전사업,청양-태양광발전사업,https://www.solarlink.co.kr/?k=%EC%B2%AD%EC%96%91-%ED%83%9C%EC%96%91%EA%B4%91%EB%B0%9C%EC%A0%84%EC%82%AC%EC%97%85,https://www.solarlink.co.kr/?k=청양-태양광발전사업,N
625,충남,충남시군,홍성,태양광 설치,홍성 태양광 설치,홍성-태양광설치,https://www.solarlink.co.kr/?k=%ED%99%8D%EC%84%B1-%ED%83%9C%EC%96%91%EA%B4%91%EC%84%A4%EC%B9%98,https://www.solarlink.co.kr/?k=홍성-태양광설치,N
626,충남,충남시군,홍성,태양광 업체,홍성 태양광 업체,홍성-태양광업체,https://www.solarlink.co.kr/?k=%ED%99%8D%EC%84%B1-%ED%83%9C%EC%96%91%EA%B4%91%EC%97%85%EC%B2%B4,https://www.solarlink.co.kr/?k=홍성-태양광업체,N
627,충남,충남시군,홍성,공장 태양광,홍성 공장 태양광,홍성-공장태양광,https://www.solarlink.co.kr/?k=%ED%99%8D%EC%84%B1-%EA%B3%B5%EC%9E%A5%ED%83%9C%EC%96%91%EA%B4%91,https://www.solarlink.co.kr/?k=홍성-공장태양광,N
628,충남,충남시군,홍성,공장 지붕 태양광,홍성 공장 지붕 태양광,홍성-공장지붕태양광,https://www.solarlink.co.kr/?k=%ED%99%8D%EC%84%B1-%EA%B3%B5%EC%9E%A5%EC%A7%80%EB%B6%95%ED%83%9C%EC%96%91%EA%B4%91,https://www.solarlink.co.kr/?k=홍성-공장지붕태양광,N
629,충남,충남시군,홍성,창고 태양광,홍성 창고 태양광,홍성-창고태양광,https://www.solarlink.co.kr/?k=%ED%99%8D%EC%84%B1-%EC%B0%BD%EA%B3%A0%ED%83%9C%EC%96%91%EA%B4%91,https://www.solarlink.co.kr/?k=홍성-창고태양광,N
630,충남,충남시군,홍성,축사 태양광,홍성 축사 태양광,홍성-축사태양광,https://www.solarlink.co.kr/?k=%ED%99%8D%EC%84%B1-%EC%B6%95%EC%82%AC%ED%83%9C%EC%96%91%EA%B4%91,https://www.solarlink.co.kr/?k=홍성-축사태양광,N
631,충남,충남시군,홍성,지붕 태양광 임대,홍성 지붕 태양광 임대,홍성-지붕태양광임대,https://www.solarlink.co.kr/?k=%ED%99%8D%EC%84%B1-%EC%A7%80%EB%B6%95%ED%83%9C%EC%96%91%EA%B4%91%EC%9E%84%EB%8C%80,https://www.solarlink.co.kr/?k=홍성-지붕태양광임대,N
632,충남,충남시군,홍성,태양광 발전사업,홍성 태양광 발전사업,홍성-태양광발전사업,https://www.solarlink.co.kr/?k=%ED%99%8D%EC%84%B1-%ED%83%9C%EC%96%91%EA%B4%91%EB%B0%9C%EC%A0%84%EC%82%AC%EC%97%85,https://www.solarlink.co.kr/?k=홍성-태양광발전사업,N
633,충남,충남시군,예산,태양광 설치,예산 태양광 설치,예산-태양광설치,https://www.solarlink.co.kr/?k=%EC%98%88%EC%82%B0-%ED%83%9C%EC%96%91%EA%B4%91%EC%84%A4%EC%B9%98,https://www.solarlink.co.kr/?k=예산-태양광설치,N
634,충남,충남시군,예산,태양광 업체,예산 태양광 업체,예산-태양광업체,https://www.solarlink.co.kr/?k=%EC%98%88%EC%82%B0-%ED%83%9C%EC%96%91%EA%B4%91%EC%97%85%EC%B2%B4,https://www.solarlink.co.kr/?k=예산-태양광업체,N
635,충남,충남시군,예산,공장 태양광,예산 공장 태양광,예산-공장태양광,https://www.solarlink.co.kr/?k=%EC%98%88%EC%82%B0-%EA%B3%B5%EC%9E%A5%ED%83%9C%EC%96%91%EA%B4%91,https://www.solarlink.co.kr/?k=예산-공장태양광,N
636,충남,충남시군,예산,공장 지붕 태양광,예산 공장 지붕 태양광,예산-공장지붕태양광,https://www.solarlink.co.kr/?k=%EC%98%88%EC%82%B0-%EA%B3%B5%EC%9E%A5%EC%A7%80%EB%B6%95%ED%83%9C%EC%96%91%EA%B4%91,https://www.solarlink.co.kr/?k=예산-공장지붕태양광,N
637,충남,충남시군,예산,창고 태양광,예산 창고 태양광,예산-창고태양광,https://www.solarlink.co.kr/?k=%EC%98%88%EC%82%B0-%EC%B0%BD%EA%B3%A0%ED%83%9C%EC%96%91%EA%B4%91,https://www.solarlink.co.kr/?k=예산-창고태양광,N
638,충남,충남시군,예산,축사 태양광,예산 축사 태양광,예산-축사태양광,https://www.solarlink.co.kr/?k=%EC%98%88%EC%82%B0-%EC%B6%95%EC%82%AC%ED%83%9C%EC%96%91%EA%B4%91,https://www.solarlink.co.kr/?k=예산-축사태양광,N
639,충남,충남시군,예산,지붕 태양광 임대,예산 지붕 태양광 임대,예산-지붕태양광임대,https://www.solarlink.co.kr/?k=%EC%98%88%EC%82%B0-%EC%A7%80%EB%B6%95%ED%83%9C%EC%96%91%EA%B4%91%EC%9E%84%EB%8C%80,https://www.solarlink.co.kr/?k=예산-지붕태양광임대,N
640,충남,충남시군,예산,태양광 발전사업,예산 태양광 발전사업,예산-태양광발전사업,https://www.solarlink.co.kr/?k=%EC%98%88%EC%82%B0-%ED%83%9C%EC%96%91%EA%B4%91%EB%B0%9C%EC%A0%84%EC%82%AC%EC%97%85,https://www.solarlink.co.kr/?k=예산-태양광발전사업,N
641,충남,충남시군,태안,태양광 설치,태안 태양광 설치,태안-태양광설치,https://www.solarlink.co.kr/?k=%ED%83%9C%EC%95%88-%ED%83%9C%EC%96%91%EA%B4%91%EC%84%A4%EC%B9%98,https://www.solarlink.co.kr/?k=태안-태양광설치,N
642,충남,충남시군,태안,태양광 업체,태안 태양광 업체,태안-태양광업체,https://www.solarlink.co.kr/?k=%ED%83%9C%EC%95%88-%ED%83%9C%EC%96%91%EA%B4%91%EC%97%85%EC%B2%B4,https://www.solarlink.co.kr/?k=태안-태양광업체,N
643,충남,충남시군,태안,공장 태양광,태안 공장 태양광,태안-공장태양광,https://www.solarlink.co.kr/?k=%ED%83%9C%EC%95%88-%EA%B3%B5%EC%9E%A5%ED%83%9C%EC%96%91%EA%B4%91,https://www.solarlink.co.kr/?k=태안-공장태양광,N
644,충남,충남시군,태안,공장 지붕 태양광,태안 공장 지붕 태양광,태안-공장지붕태양광,https://www.solarlink.co.kr/?k=%ED%83%9C%EC%95%88-%EA%B3%B5%EC%9E%A5%EC%A7%80%EB%B6%95%ED%83%9C%EC%96%91%EA%B4%91,https://www.solarlink.co.kr/?k=태안-공장지붕태양광,N
645,충남,충남시군,태안,창고 태양광,태안 창고 태양광,태안-창고태양광,https://www.solarlink.co.kr/?k=%ED%83%9C%EC%95%88-%EC%B0%BD%EA%B3%A0%ED%83%9C%EC%96%91%EA%B4%91,https://www.solarlink.co.kr/?k=태안-창고태양광,N
646,충남,충남시군,태안,축사 태양광,태안 축사 태양광,태안-축사태양광,https://www.solarlink.co.kr/?k=%ED%83%9C%EC%95%88-%EC%B6%95%EC%82%AC%ED%83%9C%EC%96%91%EA%B4%91,https://www.solarlink.co.kr/?k=태안-축사태양광,N
647,충남,충남시군,태안,지붕 태양광 임대,태안 지붕 태양광 임대,태안-지붕태양광임대,https://www.solarlink.co.kr/?k=%ED%83%9C%EC%95%88-%EC%A7%80%EB%B6%95%ED%83%9C%EC%96%91%EA%B4%91%EC%9E%84%EB%8C%80,https://www.solarlink.co.kr/?k=태안-지붕태양광임대,N
648,충남,충남시군,태안,태양광 발전사업,태안 태양광 발전사업,태안-태양광발전사업,https://www.solarlink.co.kr/?k=%ED%83%9C%EC%95%88-%ED%83%9C%EC%96%91%EA%B4%91%EB%B0%9C%EC%A0%84%EC%82%AC%EC%97%85,https://www.solarlink.co.kr/?k=태안-태양광발전사업,N
649,충북,충북시군,청주,태양광 설치,청주 태양광 설치,청주-태양광설치,https://www.solarlink.co.kr/?k=%EC%B2%AD%EC%A3%BC-%ED%83%9C%EC%96%91%EA%B4%91%EC%84%A4%EC%B9%98,https://www.solarlink.co.kr/?k=청주-태양광설치,N
650,충북,충북시군,청주,태양광 업체,청주 태양광 업체,청주-태양광업체,https://www.solarlink.co.kr/?k=%EC%B2%AD%EC%A3%BC-%ED%83%9C%EC%96%91%EA%B4%91%EC%97%85%EC%B2%B4,https://www.solarlink.co.kr/?k=청주-태양광업체,N
651,충북,충북시군,청주,공장 태양광,청주 공장 태양광,청주-공장태양광,https://www.solarlink.co.kr/?k=%EC%B2%AD%EC%A3%BC-%EA%B3%B5%EC%9E%A5%ED%83%9C%EC%96%91%EA%B4%91,https://www.solarlink.co.kr/?k=청주-공장태양광,N
652,충북,충북시군,청주,공장 지붕 태양광,청주 공장 지붕 태양광,청주-공장지붕태양광,https://www.solarlink.co.kr/?k=%EC%B2%AD%EC%A3%BC-%EA%B3%B5%EC%9E%A5%EC%A7%80%EB%B6%95%ED%83%9C%EC%96%91%EA%B4%91,https://www.solarlink.co.kr/?k=청주-공장지붕태양광,N
653,충북,충북시군,청주,창고 태양광,청주 창고 태양광,청주-창고태양광,https://www.solarlink.co.kr/?k=%EC%B2%AD%EC%A3%BC-%EC%B0%BD%EA%B3%A0%ED%83%9C%EC%96%91%EA%B4%91,https://www.solarlink.co.kr/?k=청주-창고태양광,N
654,충북,충북시군,청주,축사 태양광,청주 축사 태양광,청주-축사태양광,https://www.solarlink.co.kr/?k=%EC%B2%AD%EC%A3%BC-%EC%B6%95%EC%82%AC%ED%83%9C%EC%96%91%EA%B4%91,https://www.solarlink.co.kr/?k=청주-축사태양광,N
655,충북,충북시군,청주,지붕 태양광 임대,청주 지붕 태양광 임대,청주-지붕태양광임대,https://www.solarlink.co.kr/?k=%EC%B2%AD%EC%A3%BC-%EC%A7%80%EB%B6%95%ED%83%9C%EC%96%91%EA%B4%91%EC%9E%84%EB%8C%80,https://www.solarlink.co.kr/?k=청주-지붕태양광임대,N
656,충북,충북시군,청주,태양광 발전사업,청주 태양광 발전사업,청주-태양광발전사업,https://www.solarlink.co.kr/?k=%EC%B2%AD%EC%A3%BC-%ED%83%9C%EC%96%91%EA%B4%91%EB%B0%9C%EC%A0%84%EC%82%AC%EC%97%85,https://www.solarlink.co.kr/?k=청주-태양광발전사업,N
657,충북,충북시군,충주,태양광 설치,충주 태양광 설치,충주-태양광설치,https://www.solarlink.co.kr/?k=%EC%B6%A9%EC%A3%BC-%ED%83%9C%EC%96%91%EA%B4%91%EC%84%A4%EC%B9%98,https://www.solarlink.co.kr/?k=충주-태양광설치,N
658,충북,충북시군,충주,태양광 업체,충주 태양광 업체,충주-태양광업체,https://www.solarlink.co.kr/?k=%EC%B6%A9%EC%A3%BC-%ED%83%9C%EC%96%91%EA%B4%91%EC%97%85%EC%B2%B4,https://www.solarlink.co.kr/?k=충주-태양광업체,N
659,충북,충북시군,충주,공장 태양광,충주 공장 태양광,충주-공장태양광,https://www.solarlink.co.kr/?k=%EC%B6%A9%EC%A3%BC-%EA%B3%B5%EC%9E%A5%ED%83%9C%EC%96%91%EA%B4%91,https://www.solarlink.co.kr/?k=충주-공장태양광,N
660,충북,충북시군,충주,공장 지붕 태양광,충주 공장 지붕 태양광,충주-공장지붕태양광,https://www.solarlink.co.kr/?k=%EC%B6%A9%EC%A3%BC-%EA%B3%B5%EC%9E%A5%EC%A7%80%EB%B6%95%ED%83%9C%EC%96%91%EA%B4%91,https://www.solarlink.co.kr/?k=충주-공장지붕태양광,N
661,충북,충북시군,충주,창고 태양광,충주 창고 태양광,충주-창고태양광,https://www.solarlink.co.kr/?k=%EC%B6%A9%EC%A3%BC-%EC%B0%BD%EA%B3%A0%ED%83%9C%EC%96%91%EA%B4%91,https://www.solarlink.co.kr/?k=충주-창고태양광,N
662,충북,충북시군,충주,축사 태양광,충주 축사 태양광,충주-축사태양광,https://www.solarlink.co.kr/?k=%EC%B6%A9%EC%A3%BC-%EC%B6%95%EC%82%AC%ED%83%9C%EC%96%91%EA%B4%91,https://www.solarlink.co.kr/?k=충주-축사태양광,N
663,충북,충북시군,충주,지붕 태양광 임대,충주 지붕 태양광 임대,충주-지붕태양광임대,https://www.solarlink.co.kr/?k=%EC%B6%A9%EC%A3%BC-%EC%A7%80%EB%B6%95%ED%83%9C%EC%96%91%EA%B4%91%EC%9E%84%EB%8C%80,https://www.solarlink.co.kr/?k=충주-지붕태양광임대,N
664,충북,충북시군,충주,태양광 발전사업,충주 태양광 발전사업,충주-태양광발전사업,https://www.solarlink.co.kr/?k=%EC%B6%A9%EC%A3%BC-%ED%83%9C%EC%96%91%EA%B4%91%EB%B0%9C%EC%A0%84%EC%82%AC%EC%97%85,https://www.solarlink.co.kr/?k=충주-태양광발전사업,N
665,충북,충북시군,제천,태양광 설치,제천 태양광 설치,제천-태양광설치,https://www.solarlink.co.kr/?k=%EC%A0%9C%EC%B2%9C-%ED%83%9C%EC%96%91%EA%B4%91%EC%84%A4%EC%B9%98,https://www.solarlink.co.kr/?k=제천-태양광설치,N
666,충북,충북시군,제천,태양광 업체,제천 태양광 업체,제천-태양광업체,https://www.solarlink.co.kr/?k=%EC%A0%9C%EC%B2%9C-%ED%83%9C%EC%96%91%EA%B4%91%EC%97%85%EC%B2%B4,https://www.solarlink.co.kr/?k=제천-태양광업체,N
667,충북,충북시군,제천,공장 태양광,제천 공장 태양광,제천-공장태양광,https://www.solarlink.co.kr/?k=%EC%A0%9C%EC%B2%9C-%EA%B3%B5%EC%9E%A5%ED%83%9C%EC%96%91%EA%B4%91,https://www.solarlink.co.kr/?k=제천-공장태양광,N
668,충북,충북시군,제천,공장 지붕 태양광,제천 공장 지붕 태양광,제천-공장지붕태양광,https://www.solarlink.co.kr/?k=%EC%A0%9C%EC%B2%9C-%EA%B3%B5%EC%9E%A5%EC%A7%80%EB%B6%95%ED%83%9C%EC%96%91%EA%B4%91,https://www.solarlink.co.kr/?k=제천-공장지붕태양광,N
669,충북,충북시군,제천,창고 태양광,제천 창고 태양광,제천-창고태양광,https://www.solarlink.co.kr/?k=%EC%A0%9C%EC%B2%9C-%EC%B0%BD%EA%B3%A0%ED%83%9C%EC%96%91%EA%B4%91,https://www.solarlink.co.kr/?k=제천-창고태양광,N
670,충북,충북시군,제천,축사 태양광,제천 축사 태양광,제천-축사태양광,https://www.solarlink.co.kr/?k=%EC%A0%9C%EC%B2%9C-%EC%B6%95%EC%82%AC%ED%83%9C%EC%96%91%EA%B4%91,https://www.solarlink.co.kr/?k=제천-축사태양광,N
671,충북,충북시군,제천,지붕 태양광 임대,제천 지붕 태양광 임대,제천-지붕태양광임대,https://www.solarlink.co.kr/?k=%EC%A0%9C%EC%B2%9C-%EC%A7%80%EB%B6%95%ED%83%9C%EC%96%91%EA%B4%91%EC%9E%84%EB%8C%80,https://www.solarlink.co.kr/?k=제천-지붕태양광임대,N
672,충북,충북시군,제천,태양광 발전사업,제천 태양광 발전사업,제천-태양광발전사업,https://www.solarlink.co.kr/?k=%EC%A0%9C%EC%B2%9C-%ED%83%9C%EC%96%91%EA%B4%91%EB%B0%9C%EC%A0%84%EC%82%AC%EC%97%85,https://www.solarlink.co.kr/?k=제천-태양광발전사업,N
673,충북,충북시군,보은,태양광 설치,보은 태양광 설치,보은-태양광설치,https://www.solarlink.co.kr/?k=%EB%B3%B4%EC%9D%80-%ED%83%9C%EC%96%91%EA%B4%91%EC%84%A4%EC%B9%98,https://www.solarlink.co.kr/?k=보은-태양광설치,N
674,충북,충북시군,보은,태양광 업체,보은 태양광 업체,보은-태양광업체,https://www.solarlink.co.kr/?k=%EB%B3%B4%EC%9D%80-%ED%83%9C%EC%96%91%EA%B4%91%EC%97%85%EC%B2%B4,https://www.solarlink.co.kr/?k=보은-태양광업체,N
675,충북,충북시군,보은,공장 태양광,보은 공장 태양광,보은-공장태양광,https://www.solarlink.co.kr/?k=%EB%B3%B4%EC%9D%80-%EA%B3%B5%EC%9E%A5%ED%83%9C%EC%96%91%EA%B4%91,https://www.solarlink.co.kr/?k=보은-공장태양광,N
676,충북,충북시군,보은,공장 지붕 태양광,보은 공장 지붕 태양광,보은-공장지붕태양광,https://www.solarlink.co.kr/?k=%EB%B3%B4%EC%9D%80-%EA%B3%B5%EC%9E%A5%EC%A7%80%EB%B6%95%ED%83%9C%EC%96%91%EA%B4%91,https://www.solarlink.co.kr/?k=보은-공장지붕태양광,N
677,충북,충북시군,보은,창고 태양광,보은 창고 태양광,보은-창고태양광,https://www.solarlink.co.kr/?k=%EB%B3%B4%EC%9D%80-%EC%B0%BD%EA%B3%A0%ED%83%9C%EC%96%91%EA%B4%91,https://www.solarlink.co.kr/?k=보은-창고태양광,N
678,충북,충북시군,보은,축사 태양광,보은 축사 태양광,보은-축사태양광,https://www.solarlink.co.kr/?k=%EB%B3%B4%EC%9D%80-%EC%B6%95%EC%82%AC%ED%83%9C%EC%96%91%EA%B4%91,https://www.solarlink.co.kr/?k=보은-축사태양광,N
679,충북,충북시군,보은,지붕 태양광 임대,보은 지붕 태양광 임대,보은-지붕태양광임대,https://www.solarlink.co.kr/?k=%EB%B3%B4%EC%9D%80-%EC%A7%80%EB%B6%95%ED%83%9C%EC%96%91%EA%B4%91%EC%9E%84%EB%8C%80,https://www.solarlink.co.kr/?k=보은-지붕태양광임대,N
680,충북,충북시군,보은,태양광 발전사업,보은 태양광 발전사업,보은-태양광발전사업,https://www.solarlink.co.kr/?k=%EB%B3%B4%EC%9D%80-%ED%83%9C%EC%96%91%EA%B4%91%EB%B0%9C%EC%A0%84%EC%82%AC%EC%97%85,https://www.solarlink.co.kr/?k=보은-태양광발전사업,N
681,충북,충북시군,옥천,태양광 설치,옥천 태양광 설치,옥천-태양광설치,https://www.solarlink.co.kr/?k=%EC%98%A5%EC%B2%9C-%ED%83%9C%EC%96%91%EA%B4%91%EC%84%A4%EC%B9%98,https://www.solarlink.co.kr/?k=옥천-태양광설치,N
682,충북,충북시군,옥천,태양광 업체,옥천 태양광 업체,옥천-태양광업체,https://www.solarlink.co.kr/?k=%EC%98%A5%EC%B2%9C-%ED%83%9C%EC%96%91%EA%B4%91%EC%97%85%EC%B2%B4,https://www.solarlink.co.kr/?k=옥천-태양광업체,N
683,충북,충북시군,옥천,공장 태양광,옥천 공장 태양광,옥천-공장태양광,https://www.solarlink.co.kr/?k=%EC%98%A5%EC%B2%9C-%EA%B3%B5%EC%9E%A5%ED%83%9C%EC%96%91%EA%B4%91,https://www.solarlink.co.kr/?k=옥천-공장태양광,N
684,충북,충북시군,옥천,공장 지붕 태양광,옥천 공장 지붕 태양광,옥천-공장지붕태양광,https://www.solarlink.co.kr/?k=%EC%98%A5%EC%B2%9C-%EA%B3%B5%EC%9E%A5%EC%A7%80%EB%B6%95%ED%83%9C%EC%96%91%EA%B4%91,https://www.solarlink.co.kr/?k=옥천-공장지붕태양광,N
685,충북,충북시군,옥천,창고 태양광,옥천 창고 태양광,옥천-창고태양광,https://www.solarlink.co.kr/?k=%EC%98%A5%EC%B2%9C-%EC%B0%BD%EA%B3%A0%ED%83%9C%EC%96%91%EA%B4%91,https://www.solarlink.co.kr/?k=옥천-창고태양광,N
686,충북,충북시군,옥천,축사 태양광,옥천 축사 태양광,옥천-축사태양광,https://www.solarlink.co.kr/?k=%EC%98%A5%EC%B2%9C-%EC%B6%95%EC%82%AC%ED%83%9C%EC%96%91%EA%B4%91,https://www.solarlink.co.kr/?k=옥천-축사태양광,N
687,충북,충북시군,옥천,지붕 태양광 임대,옥천 지붕 태양광 임대,옥천-지붕태양광임대,https://www.solarlink.co.kr/?k=%EC%98%A5%EC%B2%9C-%EC%A7%80%EB%B6%95%ED%83%9C%EC%96%91%EA%B4%91%EC%9E%84%EB%8C%80,https://www.solarlink.co.kr/?k=옥천-지붕태양광임대,N
688,충북,충북시군,옥천,태양광 발전사업,옥천 태양광 발전사업,옥천-태양광발전사업,https://www.solarlink.co.kr/?k=%EC%98%A5%EC%B2%9C-%ED%83%9C%EC%96%91%EA%B4%91%EB%B0%9C%EC%A0%84%EC%82%AC%EC%97%85,https://www.solarlink.co.kr/?k=옥천-태양광발전사업,N
689,충북,충북시군,영동,태양광 설치,영동 태양광 설치,영동-태양광설치,https://www.solarlink.co.kr/?k=%EC%98%81%EB%8F%99-%ED%83%9C%EC%96%91%EA%B4%91%EC%84%A4%EC%B9%98,https://www.solarlink.co.kr/?k=영동-태양광설치,N
690,충북,충북시군,영동,태양광 업체,영동 태양광 업체,영동-태양광업체,https://www.solarlink.co.kr/?k=%EC%98%81%EB%8F%99-%ED%83%9C%EC%96%91%EA%B4%91%EC%97%85%EC%B2%B4,https://www.solarlink.co.kr/?k=영동-태양광업체,N
691,충북,충북시군,영동,공장 태양광,영동 공장 태양광,영동-공장태양광,https://www.solarlink.co.kr/?k=%EC%98%81%EB%8F%99-%EA%B3%B5%EC%9E%A5%ED%83%9C%EC%96%91%EA%B4%91,https://www.solarlink.co.kr/?k=영동-공장태양광,N
692,충북,충북시군,영동,공장 지붕 태양광,영동 공장 지붕 태양광,영동-공장지붕태양광,https://www.solarlink.co.kr/?k=%EC%98%81%EB%8F%99-%EA%B3%B5%EC%9E%A5%EC%A7%80%EB%B6%95%ED%83%9C%EC%96%91%EA%B4%91,https://www.solarlink.co.kr/?k=영동-공장지붕태양광,N
693,충북,충북시군,영동,창고 태양광,영동 창고 태양광,영동-창고태양광,https://www.solarlink.co.kr/?k=%EC%98%81%EB%8F%99-%EC%B0%BD%EA%B3%A0%ED%83%9C%EC%96%91%EA%B4%91,https://www.solarlink.co.kr/?k=영동-창고태양광,N
694,충북,충북시군,영동,축사 태양광,영동 축사 태양광,영동-축사태양광,https://www.solarlink.co.kr/?k=%EC%98%81%EB%8F%99-%EC%B6%95%EC%82%AC%ED%83%9C%EC%96%91%EA%B4%91,https://www.solarlink.co.kr/?k=영동-축사태양광,N
695,충북,충북시군,영동,지붕 태양광 임대,영동 지붕 태양광 임대,영동-지붕태양광임대,https://www.solarlink.co.kr/?k=%EC%98%81%EB%8F%99-%EC%A7%80%EB%B6%95%ED%83%9C%EC%96%91%EA%B4%91%EC%9E%84%EB%8C%80,https://www.solarlink.co.kr/?k=영동-지붕태양광임대,N
696,충북,충북시군,영동,태양광 발전사업,영동 태양광 발전사업,영동-태양광발전사업,https://www.solarlink.co.kr/?k=%EC%98%81%EB%8F%99-%ED%83%9C%EC%96%91%EA%B4%91%EB%B0%9C%EC%A0%84%EC%82%AC%EC%97%85,https://www.solarlink.co.kr/?k=영동-태양광발전사업,N
697,충북,충북시군,증평,태양광 설치,증평 태양광 설치,증평-태양광설치,https://www.solarlink.co.kr/?k=%EC%A6%9D%ED%8F%89-%ED%83%9C%EC%96%91%EA%B4%91%EC%84%A4%EC%B9%98,https://www.solarlink.co.kr/?k=증평-태양광설치,N
698,충북,충북시군,증평,태양광 업체,증평 태양광 업체,증평-태양광업체,https://www.solarlink.co.kr/?k=%EC%A6%9D%ED%8F%89-%ED%83%9C%EC%96%91%EA%B4%91%EC%97%85%EC%B2%B4,https://www.solarlink.co.kr/?k=증평-태양광업체,N
699,충북,충북시군,증평,공장 태양광,증평 공장 태양광,증평-공장태양광,https://www.solarlink.co.kr/?k=%EC%A6%9D%ED%8F%89-%EA%B3%B5%EC%9E%A5%ED%83%9C%EC%96%91%EA%B4%91,https://www.solarlink.co.kr/?k=증평-공장태양광,N
700,충북,충북시군,증평,공장 지붕 태양광,증평 공장 지붕 태양광,증평-공장지붕태양광,https://www.solarlink.co.kr/?k=%EC%A6%9D%ED%8F%89-%EA%B3%B5%EC%9E%A5%EC%A7%80%EB%B6%95%ED%83%9C%EC%96%91%EA%B4%91,https://www.solarlink.co.kr/?k=증평-공장지붕태양광,N
701,충북,충북시군,증평,창고 태양광,증평 창고 태양광,증평-창고태양광,https://www.solarlink.co.kr/?k=%EC%A6%9D%ED%8F%89-%EC%B0%BD%EA%B3%A0%ED%83%9C%EC%96%91%EA%B4%91,https://www.solarlink.co.kr/?k=증평-창고태양광,N
702,충북,충북시군,증평,축사 태양광,증평 축사 태양광,증평-축사태양광,https://www.solarlink.co.kr/?k=%EC%A6%9D%ED%8F%89-%EC%B6%95%EC%82%AC%ED%83%9C%EC%96%91%EA%B4%91,https://www.solarlink.co.kr/?k=증평-축사태양광,N
703,충북,충북시군,증평,지붕 태양광 임대,증평 지붕 태양광 임대,증평-지붕태양광임대,https://www.solarlink.co.kr/?k=%EC%A6%9D%ED%8F%89-%EC%A7%80%EB%B6%95%ED%83%9C%EC%96%91%EA%B4%91%EC%9E%84%EB%8C%80,https://www.solarlink.co.kr/?k=증평-지붕태양광임대,N
704,충북,충북시군,증평,태양광 발전사업,증평 태양광 발전사업,증평-태양광발전사업,https://www.solarlink.co.kr/?k=%EC%A6%9D%ED%8F%89-%ED%83%9C%EC%96%91%EA%B4%91%EB%B0%9C%EC%A0%84%EC%82%AC%EC%97%85,https://www.solarlink.co.kr/?k=증평-태양광발전사업,N
705,충북,충북시군,진천,태양광 설치,진천 태양광 설치,진천-태양광설치,https://www.solarlink.co.kr/?k=%EC%A7%84%EC%B2%9C-%ED%83%9C%EC%96%91%EA%B4%91%EC%84%A4%EC%B9%98,https://www.solarlink.co.kr/?k=진천-태양광설치,N
706,충북,충북시군,진천,태양광 업체,진천 태양광 업체,진천-태양광업체,https://www.solarlink.co.kr/?k=%EC%A7%84%EC%B2%9C-%ED%83%9C%EC%96%91%EA%B4%91%EC%97%85%EC%B2%B4,https://www.solarlink.co.kr/?k=진천-태양광업체,N
707,충북,충북시군,진천,공장 태양광,진천 공장 태양광,진천-공장태양광,https://www.solarlink.co.kr/?k=%EC%A7%84%EC%B2%9C-%EA%B3%B5%EC%9E%A5%ED%83%9C%EC%96%91%EA%B4%91,https://www.solarlink.co.kr/?k=진천-공장태양광,N
708,충북,충북시군,진천,공장 지붕 태양광,진천 공장 지붕 태양광,진천-공장지붕태양광,https://www.solarlink.co.kr/?k=%EC%A7%84%EC%B2%9C-%EA%B3%B5%EC%9E%A5%EC%A7%80%EB%B6%95%ED%83%9C%EC%96%91%EA%B4%91,https://www.solarlink.co.kr/?k=진천-공장지붕태양광,N
709,충북,충북시군,진천,창고 태양광,진천 창고 태양광,진천-창고태양광,https://www.solarlink.co.kr/?k=%EC%A7%84%EC%B2%9C-%EC%B0%BD%EA%B3%A0%ED%83%9C%EC%96%91%EA%B4%91,https://www.solarlink.co.kr/?k=진천-창고태양광,N
710,충북,충북시군,진천,축사 태양광,진천 축사 태양광,진천-축사태양광,https://www.solarlink.co.kr/?k=%EC%A7%84%EC%B2%9C-%EC%B6%95%EC%82%AC%ED%83%9C%EC%96%91%EA%B4%91,https://www.solarlink.co.kr/?k=진천-축사태양광,N
711,충북,충북시군,진천,지붕 태양광 임대,진천 지붕 태양광 임대,진천-지붕태양광임대,https://www.solarlink.co.kr/?k=%EC%A7%84%EC%B2%9C-%EC%A7%80%EB%B6%95%ED%83%9C%EC%96%91%EA%B4%91%EC%9E%84%EB%8C%80,https://www.solarlink.co.kr/?k=진천-지붕태양광임대,N
712,충북,충북시군,진천,태양광 발전사업,진천 태양광 발전사업,진천-태양광발전사업,https://www.solarlink.co.kr/?k=%EC%A7%84%EC%B2%9C-%ED%83%9C%EC%96%91%EA%B4%91%EB%B0%9C%EC%A0%84%EC%82%AC%EC%97%85,https://www.solarlink.co.kr/?k=진천-태양광발전사업,N
713,충북,충북시군,괴산,태양광 설치,괴산 태양광 설치,괴산-태양광설치,https://www.solarlink.co.kr/?k=%EA%B4%B4%EC%82%B0-%ED%83%9C%EC%96%91%EA%B4%91%EC%84%A4%EC%B9%98,https://www.solarlink.co.kr/?k=괴산-태양광설치,N
714,충북,충북시군,괴산,태양광 업체,괴산 태양광 업체,괴산-태양광업체,https://www.solarlink.co.kr/?k=%EA%B4%B4%EC%82%B0-%ED%83%9C%EC%96%91%EA%B4%91%EC%97%85%EC%B2%B4,https://www.solarlink.co.kr/?k=괴산-태양광업체,N
715,충북,충북시군,괴산,공장 태양광,괴산 공장 태양광,괴산-공장태양광,https://www.solarlink.co.kr/?k=%EA%B4%B4%EC%82%B0-%EA%B3%B5%EC%9E%A5%ED%83%9C%EC%96%91%EA%B4%91,https://www.solarlink.co.kr/?k=괴산-공장태양광,N
716,충북,충북시군,괴산,공장 지붕 태양광,괴산 공장 지붕 태양광,괴산-공장지붕태양광,https://www.solarlink.co.kr/?k=%EA%B4%B4%EC%82%B0-%EA%B3%B5%EC%9E%A5%EC%A7%80%EB%B6%95%ED%83%9C%EC%96%91%EA%B4%91,https://www.solarlink.co.kr/?k=괴산-공장지붕태양광,N
717,충북,충북시군,괴산,창고 태양광,괴산 창고 태양광,괴산-창고태양광,https://www.solarlink.co.kr/?k=%EA%B4%B4%EC%82%B0-%EC%B0%BD%EA%B3%A0%ED%83%9C%EC%96%91%EA%B4%91,https://www.solarlink.co.kr/?k=괴산-창고태양광,N
718,충북,충북시군,괴산,축사 태양광,괴산 축사 태양광,괴산-축사태양광,https://www.solarlink.co.kr/?k=%EA%B4%B4%EC%82%B0-%EC%B6%95%EC%82%AC%ED%83%9C%EC%96%91%EA%B4%91,https://www.solarlink.co.kr/?k=괴산-축사태양광,N
719,충북,충북시군,괴산,지붕 태양광 임대,괴산 지붕 태양광 임대,괴산-지붕태양광임대,https://www.solarlink.co.kr/?k=%EA%B4%B4%EC%82%B0-%EC%A7%80%EB%B6%95%ED%83%9C%EC%96%91%EA%B4%91%EC%9E%84%EB%8C%80,https://www.solarlink.co.kr/?k=괴산-지붕태양광임대,N
720,충북,충북시군,괴산,태양광 발전사업,괴산 태양광 발전사업,괴산-태양광발전사업,https://www.solarlink.co.kr/?k=%EA%B4%B4%EC%82%B0-%ED%83%9C%EC%96%91%EA%B4%91%EB%B0%9C%EC%A0%84%EC%82%AC%EC%97%85,https://www.solarlink.co.kr/?k=괴산-태양광발전사업,N
721,충북,충북시군,음성,태양광 설치,음성 태양광 설치,음성-태양광설치,https://www.solarlink.co.kr/?k=%EC%9D%8C%EC%84%B1-%ED%83%9C%EC%96%91%EA%B4%91%EC%84%A4%EC%B9%98,https://www.solarlink.co.kr/?k=음성-태양광설치,N
722,충북,충북시군,음성,태양광 업체,음성 태양광 업체,음성-태양광업체,https://www.solarlink.co.kr/?k=%EC%9D%8C%EC%84%B1-%ED%83%9C%EC%96%91%EA%B4%91%EC%97%85%EC%B2%B4,https://www.solarlink.co.kr/?k=음성-태양광업체,N
723,충북,충북시군,음성,공장 태양광,음성 공장 태양광,음성-공장태양광,https://www.solarlink.co.kr/?k=%EC%9D%8C%EC%84%B1-%EA%B3%B5%EC%9E%A5%ED%83%9C%EC%96%91%EA%B4%91,https://www.solarlink.co.kr/?k=음성-공장태양광,N
724,충북,충북시군,음성,공장 지붕 태양광,음성 공장 지붕 태양광,음성-공장지붕태양광,https://www.solarlink.co.kr/?k=%EC%9D%8C%EC%84%B1-%EA%B3%B5%EC%9E%A5%EC%A7%80%EB%B6%95%ED%83%9C%EC%96%91%EA%B4%91,https://www.solarlink.co.kr/?k=음성-공장지붕태양광,N
725,충북,충북시군,음성,창고 태양광,음성 창고 태양광,음성-창고태양광,https://www.solarlink.co.kr/?k=%EC%9D%8C%EC%84%B1-%EC%B0%BD%EA%B3%A0%ED%83%9C%EC%96%91%EA%B4%91,https://www.solarlink.co.kr/?k=음성-창고태양광,N
726,충북,충북시군,음성,축사 태양광,음성 축사 태양광,음성-축사태양광,https://www.solarlink.co.kr/?k=%EC%9D%8C%EC%84%B1-%EC%B6%95%EC%82%AC%ED%83%9C%EC%96%91%EA%B4%91,https://www.solarlink.co.kr/?k=음성-축사태양광,N
727,충북,충북시군,음성,지붕 태양광 임대,음성 지붕 태양광 임대,음성-지붕태양광임대,https://www.solarlink.co.kr/?k=%EC%9D%8C%EC%84%B1-%EC%A7%80%EB%B6%95%ED%83%9C%EC%96%91%EA%B4%91%EC%9E%84%EB%8C%80,https://www.solarlink.co.kr/?k=음성-지붕태양광임대,N
728,충북,충북시군,음성,태양광 발전사업,음성 태양광 발전사업,음성-태양광발전사업,https://www.solarlink.co.kr/?k=%EC%9D%8C%EC%84%B1-%ED%83%9C%EC%96%91%EA%B4%91%EB%B0%9C%EC%A0%84%EC%82%AC%EC%97%85,https://www.solarlink.co.kr/?k=음성-태양광발전사업,N
729,충북,충북시군,단양,태양광 설치,단양 태양광 설치,단양-태양광설치,https://www.solarlink.co.kr/?k=%EB%8B%A8%EC%96%91-%ED%83%9C%EC%96%91%EA%B4%91%EC%84%A4%EC%B9%98,https://www.solarlink.co.kr/?k=단양-태양광설치,N
730,충북,충북시군,단양,태양광 업체,단양 태양광 업체,단양-태양광업체,https://www.solarlink.co.kr/?k=%EB%8B%A8%EC%96%91-%ED%83%9C%EC%96%91%EA%B4%91%EC%97%85%EC%B2%B4,https://www.solarlink.co.kr/?k=단양-태양광업체,N
731,충북,충북시군,단양,공장 태양광,단양 공장 태양광,단양-공장태양광,https://www.solarlink.co.kr/?k=%EB%8B%A8%EC%96%91-%EA%B3%B5%EC%9E%A5%ED%83%9C%EC%96%91%EA%B4%91,https://www.solarlink.co.kr/?k=단양-공장태양광,N
732,충북,충북시군,단양,공장 지붕 태양광,단양 공장 지붕 태양광,단양-공장지붕태양광,https://www.solarlink.co.kr/?k=%EB%8B%A8%EC%96%91-%EA%B3%B5%EC%9E%A5%EC%A7%80%EB%B6%95%ED%83%9C%EC%96%91%EA%B4%91,https://www.solarlink.co.kr/?k=단양-공장지붕태양광,N
733,충북,충북시군,단양,창고 태양광,단양 창고 태양광,단양-창고태양광,https://www.solarlink.co.kr/?k=%EB%8B%A8%EC%96%91-%EC%B0%BD%EA%B3%A0%ED%83%9C%EC%96%91%EA%B4%91,https://www.solarlink.co.kr/?k=단양-창고태양광,N
734,충북,충북시군,단양,축사 태양광,단양 축사 태양광,단양-축사태양광,https://www.solarlink.co.kr/?k=%EB%8B%A8%EC%96%91-%EC%B6%95%EC%82%AC%ED%83%9C%EC%96%91%EA%B4%91,https://www.solarlink.co.kr/?k=단양-축사태양광,N
735,충북,충북시군,단양,지붕 태양광 임대,단양 지붕 태양광 임대,단양-지붕태양광임대,https://www.solarlink.co.kr/?k=%EB%8B%A8%EC%96%91-%EC%A7%80%EB%B6%95%ED%83%9C%EC%96%91%EA%B4%91%EC%9E%84%EB%8C%80,https://www.solarlink.co.kr/?k=단양-지붕태양광임대,N
736,충북,충북시군,단양,태양광 발전사업,단양 태양광 발전사업,단양-태양광발전사업,https://www.solarlink.co.kr/?k=%EB%8B%A8%EC%96%91-%ED%83%9C%EC%96%91%EA%B4%91%EB%B0%9C%EC%A0%84%EC%82%AC%EC%97%85,https://www.solarlink.co.kr/?k=단양-태양광발전사업,N
737,경남,경남시군,창원,태양광 설치,창원 태양광 설치,창원-태양광설치,https://www.solarlink.co.kr/?k=%EC%B0%BD%EC%9B%90-%ED%83%9C%EC%96%91%EA%B4%91%EC%84%A4%EC%B9%98,https://www.solarlink.co.kr/?k=창원-태양광설치,N
738,경남,경남시군,창원,태양광 업체,창원 태양광 업체,창원-태양광업체,https://www.solarlink.co.kr/?k=%EC%B0%BD%EC%9B%90-%ED%83%9C%EC%96%91%EA%B4%91%EC%97%85%EC%B2%B4,https://www.solarlink.co.kr/?k=창원-태양광업체,N
739,경남,경남시군,창원,공장 태양광,창원 공장 태양광,창원-공장태양광,https://www.solarlink.co.kr/?k=%EC%B0%BD%EC%9B%90-%EA%B3%B5%EC%9E%A5%ED%83%9C%EC%96%91%EA%B4%91,https://www.solarlink.co.kr/?k=창원-공장태양광,N
740,경남,경남시군,창원,공장 지붕 태양광,창원 공장 지붕 태양광,창원-공장지붕태양광,https://www.solarlink.co.kr/?k=%EC%B0%BD%EC%9B%90-%EA%B3%B5%EC%9E%A5%EC%A7%80%EB%B6%95%ED%83%9C%EC%96%91%EA%B4%91,https://www.solarlink.co.kr/?k=창원-공장지붕태양광,N
741,경남,경남시군,창원,창고 태양광,창원 창고 태양광,창원-창고태양광,https://www.solarlink.co.kr/?k=%EC%B0%BD%EC%9B%90-%EC%B0%BD%EA%B3%A0%ED%83%9C%EC%96%91%EA%B4%91,https://www.solarlink.co.kr/?k=창원-창고태양광,N
742,경남,경남시군,창원,축사 태양광,창원 축사 태양광,창원-축사태양광,https://www.solarlink.co.kr/?k=%EC%B0%BD%EC%9B%90-%EC%B6%95%EC%82%AC%ED%83%9C%EC%96%91%EA%B4%91,https://www.solarlink.co.kr/?k=창원-축사태양광,N
743,경남,경남시군,창원,지붕 태양광 임대,창원 지붕 태양광 임대,창원-지붕태양광임대,https://www.solarlink.co.kr/?k=%EC%B0%BD%EC%9B%90-%EC%A7%80%EB%B6%95%ED%83%9C%EC%96%91%EA%B4%91%EC%9E%84%EB%8C%80,https://www.solarlink.co.kr/?k=창원-지붕태양광임대,N
744,경남,경남시군,창원,태양광 발전사업,창원 태양광 발전사업,창원-태양광발전사업,https://www.solarlink.co.kr/?k=%EC%B0%BD%EC%9B%90-%ED%83%9C%EC%96%91%EA%B4%91%EB%B0%9C%EC%A0%84%EC%82%AC%EC%97%85,https://www.solarlink.co.kr/?k=창원-태양광발전사업,N
745,경남,경남시군,진주,태양광 설치,진주 태양광 설치,진주-태양광설치,https://www.solarlink.co.kr/?k=%EC%A7%84%EC%A3%BC-%ED%83%9C%EC%96%91%EA%B4%91%EC%84%A4%EC%B9%98,https://www.solarlink.co.kr/?k=진주-태양광설치,N
746,경남,경남시군,진주,태양광 업체,진주 태양광 업체,진주-태양광업체,https://www.solarlink.co.kr/?k=%EC%A7%84%EC%A3%BC-%ED%83%9C%EC%96%91%EA%B4%91%EC%97%85%EC%B2%B4,https://www.solarlink.co.kr/?k=진주-태양광업체,N
747,경남,경남시군,진주,공장 태양광,진주 공장 태양광,진주-공장태양광,https://www.solarlink.co.kr/?k=%EC%A7%84%EC%A3%BC-%EA%B3%B5%EC%9E%A5%ED%83%9C%EC%96%91%EA%B4%91,https://www.solarlink.co.kr/?k=진주-공장태양광,N
748,경남,경남시군,진주,공장 지붕 태양광,진주 공장 지붕 태양광,진주-공장지붕태양광,https://www.solarlink.co.kr/?k=%EC%A7%84%EC%A3%BC-%EA%B3%B5%EC%9E%A5%EC%A7%80%EB%B6%95%ED%83%9C%EC%96%91%EA%B4%91,https://www.solarlink.co.kr/?k=진주-공장지붕태양광,N
749,경남,경남시군,진주,창고 태양광,진주 창고 태양광,진주-창고태양광,https://www.solarlink.co.kr/?k=%EC%A7%84%EC%A3%BC-%EC%B0%BD%EA%B3%A0%ED%83%9C%EC%96%91%EA%B4%91,https://www.solarlink.co.kr/?k=진주-창고태양광,N
750,경남,경남시군,진주,축사 태양광,진주 축사 태양광,진주-축사태양광,https://www.solarlink.co.kr/?k=%EC%A7%84%EC%A3%BC-%EC%B6%95%EC%82%AC%ED%83%9C%EC%96%91%EA%B4%91,https://www.solarlink.co.kr/?k=진주-축사태양광,N
751,경남,경남시군,진주,지붕 태양광 임대,진주 지붕 태양광 임대,진주-지붕태양광임대,https://www.solarlink.co.kr/?k=%EC%A7%84%EC%A3%BC-%EC%A7%80%EB%B6%95%ED%83%9C%EC%96%91%EA%B4%91%EC%9E%84%EB%8C%80,https://www.solarlink.co.kr/?k=진주-지붕태양광임대,N
752,경남,경남시군,진주,태양광 발전사업,진주 태양광 발전사업,진주-태양광발전사업,https://www.solarlink.co.kr/?k=%EC%A7%84%EC%A3%BC-%ED%83%9C%EC%96%91%EA%B4%91%EB%B0%9C%EC%A0%84%EC%82%AC%EC%97%85,https://www.solarlink.co.kr/?k=진주-태양광발전사업,N
753,경남,경남시군,통영,태양광 설치,통영 태양광 설치,통영-태양광설치,https://www.solarlink.co.kr/?k=%ED%86%B5%EC%98%81-%ED%83%9C%EC%96%91%EA%B4%91%EC%84%A4%EC%B9%98,https://www.solarlink.co.kr/?k=통영-태양광설치,N
754,경남,경남시군,통영,태양광 업체,통영 태양광 업체,통영-태양광업체,https://www.solarlink.co.kr/?k=%ED%86%B5%EC%98%81-%ED%83%9C%EC%96%91%EA%B4%91%EC%97%85%EC%B2%B4,https://www.solarlink.co.kr/?k=통영-태양광업체,N
755,경남,경남시군,통영,공장 태양광,통영 공장 태양광,통영-공장태양광,https://www.solarlink.co.kr/?k=%ED%86%B5%EC%98%81-%EA%B3%B5%EC%9E%A5%ED%83%9C%EC%96%91%EA%B4%91,https://www.solarlink.co.kr/?k=통영-공장태양광,N
756,경남,경남시군,통영,공장 지붕 태양광,통영 공장 지붕 태양광,통영-공장지붕태양광,https://www.solarlink.co.kr/?k=%ED%86%B5%EC%98%81-%EA%B3%B5%EC%9E%A5%EC%A7%80%EB%B6%95%ED%83%9C%EC%96%91%EA%B4%91,https://www.solarlink.co.kr/?k=통영-공장지붕태양광,N
757,경남,경남시군,통영,창고 태양광,통영 창고 태양광,통영-창고태양광,https://www.solarlink.co.kr/?k=%ED%86%B5%EC%98%81-%EC%B0%BD%EA%B3%A0%ED%83%9C%EC%96%91%EA%B4%91,https://www.solarlink.co.kr/?k=통영-창고태양광,N
758,경남,경남시군,통영,축사 태양광,통영 축사 태양광,통영-축사태양광,https://www.solarlink.co.kr/?k=%ED%86%B5%EC%98%81-%EC%B6%95%EC%82%AC%ED%83%9C%EC%96%91%EA%B4%91,https://www.solarlink.co.kr/?k=통영-축사태양광,N
759,경남,경남시군,통영,지붕 태양광 임대,통영 지붕 태양광 임대,통영-지붕태양광임대,https://www.solarlink.co.kr/?k=%ED%86%B5%EC%98%81-%EC%A7%80%EB%B6%95%ED%83%9C%EC%96%91%EA%B4%91%EC%9E%84%EB%8C%80,https://www.solarlink.co.kr/?k=통영-지붕태양광임대,N
760,경남,경남시군,통영,태양광 발전사업,통영 태양광 발전사업,통영-태양광발전사업,https://www.solarlink.co.kr/?k=%ED%86%B5%EC%98%81-%ED%83%9C%EC%96%91%EA%B4%91%EB%B0%9C%EC%A0%84%EC%82%AC%EC%97%85,https://www.solarlink.co.kr/?k=통영-태양광발전사업,N
761,경남,경남시군,사천,태양광 설치,사천 태양광 설치,사천-태양광설치,https://www.solarlink.co.kr/?k=%EC%82%AC%EC%B2%9C-%ED%83%9C%EC%96%91%EA%B4%91%EC%84%A4%EC%B9%98,https://www.solarlink.co.kr/?k=사천-태양광설치,N
762,경남,경남시군,사천,태양광 업체,사천 태양광 업체,사천-태양광업체,https://www.solarlink.co.kr/?k=%EC%82%AC%EC%B2%9C-%ED%83%9C%EC%96%91%EA%B4%91%EC%97%85%EC%B2%B4,https://www.solarlink.co.kr/?k=사천-태양광업체,N
763,경남,경남시군,사천,공장 태양광,사천 공장 태양광,사천-공장태양광,https://www.solarlink.co.kr/?k=%EC%82%AC%EC%B2%9C-%EA%B3%B5%EC%9E%A5%ED%83%9C%EC%96%91%EA%B4%91,https://www.solarlink.co.kr/?k=사천-공장태양광,N
764,경남,경남시군,사천,공장 지붕 태양광,사천 공장 지붕 태양광,사천-공장지붕태양광,https://www.solarlink.co.kr/?k=%EC%82%AC%EC%B2%9C-%EA%B3%B5%EC%9E%A5%EC%A7%80%EB%B6%95%ED%83%9C%EC%96%91%EA%B4%91,https://www.solarlink.co.kr/?k=사천-공장지붕태양광,N
765,경남,경남시군,사천,창고 태양광,사천 창고 태양광,사천-창고태양광,https://www.solarlink.co.kr/?k=%EC%82%AC%EC%B2%9C-%EC%B0%BD%EA%B3%A0%ED%83%9C%EC%96%91%EA%B4%91,https://www.solarlink.co.kr/?k=사천-창고태양광,N
766,경남,경남시군,사천,축사 태양광,사천 축사 태양광,사천-축사태양광,https://www.solarlink.co.kr/?k=%EC%82%AC%EC%B2%9C-%EC%B6%95%EC%82%AC%ED%83%9C%EC%96%91%EA%B4%91,https://www.solarlink.co.kr/?k=사천-축사태양광,N
767,경남,경남시군,사천,지붕 태양광 임대,사천 지붕 태양광 임대,사천-지붕태양광임대,https://www.solarlink.co.kr/?k=%EC%82%AC%EC%B2%9C-%EC%A7%80%EB%B6%95%ED%83%9C%EC%96%91%EA%B4%91%EC%9E%84%EB%8C%80,https://www.solarlink.co.kr/?k=사천-지붕태양광임대,N
768,경남,경남시군,사천,태양광 발전사업,사천 태양광 발전사업,사천-태양광발전사업,https://www.solarlink.co.kr/?k=%EC%82%AC%EC%B2%9C-%ED%83%9C%EC%96%91%EA%B4%91%EB%B0%9C%EC%A0%84%EC%82%AC%EC%97%85,https://www.solarlink.co.kr/?k=사천-태양광발전사업,N
769,경남,경남시군,김해,태양광 설치,김해 태양광 설치,김해-태양광설치,https://www.solarlink.co.kr/?k=%EA%B9%80%ED%95%B4-%ED%83%9C%EC%96%91%EA%B4%91%EC%84%A4%EC%B9%98,https://www.solarlink.co.kr/?k=김해-태양광설치,N
770,경남,경남시군,김해,태양광 업체,김해 태양광 업체,김해-태양광업체,https://www.solarlink.co.kr/?k=%EA%B9%80%ED%95%B4-%ED%83%9C%EC%96%91%EA%B4%91%EC%97%85%EC%B2%B4,https://www.solarlink.co.kr/?k=김해-태양광업체,N
771,경남,경남시군,김해,공장 태양광,김해 공장 태양광,김해-공장태양광,https://www.solarlink.co.kr/?k=%EA%B9%80%ED%95%B4-%EA%B3%B5%EC%9E%A5%ED%83%9C%EC%96%91%EA%B4%91,https://www.solarlink.co.kr/?k=김해-공장태양광,N
772,경남,경남시군,김해,공장 지붕 태양광,김해 공장 지붕 태양광,김해-공장지붕태양광,https://www.solarlink.co.kr/?k=%EA%B9%80%ED%95%B4-%EA%B3%B5%EC%9E%A5%EC%A7%80%EB%B6%95%ED%83%9C%EC%96%91%EA%B4%91,https://www.solarlink.co.kr/?k=김해-공장지붕태양광,N
773,경남,경남시군,김해,창고 태양광,김해 창고 태양광,김해-창고태양광,https://www.solarlink.co.kr/?k=%EA%B9%80%ED%95%B4-%EC%B0%BD%EA%B3%A0%ED%83%9C%EC%96%91%EA%B4%91,https://www.solarlink.co.kr/?k=김해-창고태양광,N
774,경남,경남시군,김해,축사 태양광,김해 축사 태양광,김해-축사태양광,https://www.solarlink.co.kr/?k=%EA%B9%80%ED%95%B4-%EC%B6%95%EC%82%AC%ED%83%9C%EC%96%91%EA%B4%91,https://www.solarlink.co.kr/?k=김해-축사태양광,N
775,경남,경남시군,김해,지붕 태양광 임대,김해 지붕 태양광 임대,김해-지붕태양광임대,https://www.solarlink.co.kr/?k=%EA%B9%80%ED%95%B4-%EC%A7%80%EB%B6%95%ED%83%9C%EC%96%91%EA%B4%91%EC%9E%84%EB%8C%80,https://www.solarlink.co.kr/?k=김해-지붕태양광임대,N
776,경남,경남시군,김해,태양광 발전사업,김해 태양광 발전사업,김해-태양광발전사업,https://www.solarlink.co.kr/?k=%EA%B9%80%ED%95%B4-%ED%83%9C%EC%96%91%EA%B4%91%EB%B0%9C%EC%A0%84%EC%82%AC%EC%97%85,https://www.solarlink.co.kr/?k=김해-태양광발전사업,N
777,경남,경남시군,밀양,태양광 설치,밀양 태양광 설치,밀양-태양광설치,https://www.solarlink.co.kr/?k=%EB%B0%80%EC%96%91-%ED%83%9C%EC%96%91%EA%B4%91%EC%84%A4%EC%B9%98,https://www.solarlink.co.kr/?k=밀양-태양광설치,N
778,경남,경남시군,밀양,태양광 업체,밀양 태양광 업체,밀양-태양광업체,https://www.solarlink.co.kr/?k=%EB%B0%80%EC%96%91-%ED%83%9C%EC%96%91%EA%B4%91%EC%97%85%EC%B2%B4,https://www.solarlink.co.kr/?k=밀양-태양광업체,N
779,경남,경남시군,밀양,공장 태양광,밀양 공장 태양광,밀양-공장태양광,https://www.solarlink.co.kr/?k=%EB%B0%80%EC%96%91-%EA%B3%B5%EC%9E%A5%ED%83%9C%EC%96%91%EA%B4%91,https://www.solarlink.co.kr/?k=밀양-공장태양광,N
780,경남,경남시군,밀양,공장 지붕 태양광,밀양 공장 지붕 태양광,밀양-공장지붕태양광,https://www.solarlink.co.kr/?k=%EB%B0%80%EC%96%91-%EA%B3%B5%EC%9E%A5%EC%A7%80%EB%B6%95%ED%83%9C%EC%96%91%EA%B4%91,https://www.solarlink.co.kr/?k=밀양-공장지붕태양광,N
781,경남,경남시군,밀양,창고 태양광,밀양 창고 태양광,밀양-창고태양광,https://www.solarlink.co.kr/?k=%EB%B0%80%EC%96%91-%EC%B0%BD%EA%B3%A0%ED%83%9C%EC%96%91%EA%B4%91,https://www.solarlink.co.kr/?k=밀양-창고태양광,N
782,경남,경남시군,밀양,축사 태양광,밀양 축사 태양광,밀양-축사태양광,https://www.solarlink.co.kr/?k=%EB%B0%80%EC%96%91-%EC%B6%95%EC%82%AC%ED%83%9C%EC%96%91%EA%B4%91,https://www.solarlink.co.kr/?k=밀양-축사태양광,N
783,경남,경남시군,밀양,지붕 태양광 임대,밀양 지붕 태양광 임대,밀양-지붕태양광임대,https://www.solarlink.co.kr/?k=%EB%B0%80%EC%96%91-%EC%A7%80%EB%B6%95%ED%83%9C%EC%96%91%EA%B4%91%EC%9E%84%EB%8C%80,https://www.solarlink.co.kr/?k=밀양-지붕태양광임대,N
784,경남,경남시군,밀양,태양광 발전사업,밀양 태양광 발전사업,밀양-태양광발전사업,https://www.solarlink.co.kr/?k=%EB%B0%80%EC%96%91-%ED%83%9C%EC%96%91%EA%B4%91%EB%B0%9C%EC%A0%84%EC%82%AC%EC%97%85,https://www.solarlink.co.kr/?k=밀양-태양광발전사업,N
785,경남,경남시군,거제,태양광 설치,거제 태양광 설치,거제-태양광설치,https://www.solarlink.co.kr/?k=%EA%B1%B0%EC%A0%9C-%ED%83%9C%EC%96%91%EA%B4%91%EC%84%A4%EC%B9%98,https://www.solarlink.co.kr/?k=거제-태양광설치,N
786,경남,경남시군,거제,태양광 업체,거제 태양광 업체,거제-태양광업체,https://www.solarlink.co.kr/?k=%EA%B1%B0%EC%A0%9C-%ED%83%9C%EC%96%91%EA%B4%91%EC%97%85%EC%B2%B4,https://www.solarlink.co.kr/?k=거제-태양광업체,N
787,경남,경남시군,거제,공장 태양광,거제 공장 태양광,거제-공장태양광,https://www.solarlink.co.kr/?k=%EA%B1%B0%EC%A0%9C-%EA%B3%B5%EC%9E%A5%ED%83%9C%EC%96%91%EA%B4%91,https://www.solarlink.co.kr/?k=거제-공장태양광,N
788,경남,경남시군,거제,공장 지붕 태양광,거제 공장 지붕 태양광,거제-공장지붕태양광,https://www.solarlink.co.kr/?k=%EA%B1%B0%EC%A0%9C-%EA%B3%B5%EC%9E%A5%EC%A7%80%EB%B6%95%ED%83%9C%EC%96%91%EA%B4%91,https://www.solarlink.co.kr/?k=거제-공장지붕태양광,N
789,경남,경남시군,거제,창고 태양광,거제 창고 태양광,거제-창고태양광,https://www.solarlink.co.kr/?k=%EA%B1%B0%EC%A0%9C-%EC%B0%BD%EA%B3%A0%ED%83%9C%EC%96%91%EA%B4%91,https://www.solarlink.co.kr/?k=거제-창고태양광,N
790,경남,경남시군,거제,축사 태양광,거제 축사 태양광,거제-축사태양광,https://www.solarlink.co.kr/?k=%EA%B1%B0%EC%A0%9C-%EC%B6%95%EC%82%AC%ED%83%9C%EC%96%91%EA%B4%91,https://www.solarlink.co.kr/?k=거제-축사태양광,N
791,경남,경남시군,거제,지붕 태양광 임대,거제 지붕 태양광 임대,거제-지붕태양광임대,https://www.solarlink.co.kr/?k=%EA%B1%B0%EC%A0%9C-%EC%A7%80%EB%B6%95%ED%83%9C%EC%96%91%EA%B4%91%EC%9E%84%EB%8C%80,https://www.solarlink.co.kr/?k=거제-지붕태양광임대,N
792,경남,경남시군,거제,태양광 발전사업,거제 태양광 발전사업,거제-태양광발전사업,https://www.solarlink.co.kr/?k=%EA%B1%B0%EC%A0%9C-%ED%83%9C%EC%96%91%EA%B4%91%EB%B0%9C%EC%A0%84%EC%82%AC%EC%97%85,https://www.solarlink.co.kr/?k=거제-태양광발전사업,N
793,경남,경남시군,양산,태양광 설치,양산 태양광 설치,양산-태양광설치,https://www.solarlink.co.kr/?k=%EC%96%91%EC%82%B0-%ED%83%9C%EC%96%91%EA%B4%91%EC%84%A4%EC%B9%98,https://www.solarlink.co.kr/?k=양산-태양광설치,N
794,경남,경남시군,양산,태양광 업체,양산 태양광 업체,양산-태양광업체,https://www.solarlink.co.kr/?k=%EC%96%91%EC%82%B0-%ED%83%9C%EC%96%91%EA%B4%91%EC%97%85%EC%B2%B4,https://www.solarlink.co.kr/?k=양산-태양광업체,N
795,경남,경남시군,양산,공장 태양광,양산 공장 태양광,양산-공장태양광,https://www.solarlink.co.kr/?k=%EC%96%91%EC%82%B0-%EA%B3%B5%EC%9E%A5%ED%83%9C%EC%96%91%EA%B4%91,https://www.solarlink.co.kr/?k=양산-공장태양광,N
796,경남,경남시군,양산,공장 지붕 태양광,양산 공장 지붕 태양광,양산-공장지붕태양광,https://www.solarlink.co.kr/?k=%EC%96%91%EC%82%B0-%EA%B3%B5%EC%9E%A5%EC%A7%80%EB%B6%95%ED%83%9C%EC%96%91%EA%B4%91,https://www.solarlink.co.kr/?k=양산-공장지붕태양광,N
797,경남,경남시군,양산,창고 태양광,양산 창고 태양광,양산-창고태양광,https://www.solarlink.co.kr/?k=%EC%96%91%EC%82%B0-%EC%B0%BD%EA%B3%A0%ED%83%9C%EC%96%91%EA%B4%91,https://www.solarlink.co.kr/?k=양산-창고태양광,N
798,경남,경남시군,양산,축사 태양광,양산 축사 태양광,양산-축사태양광,https://www.solarlink.co.kr/?k=%EC%96%91%EC%82%B0-%EC%B6%95%EC%82%AC%ED%83%9C%EC%96%91%EA%B4%91,https://www.solarlink.co.kr/?k=양산-축사태양광,N
799,경남,경남시군,양산,지붕 태양광 임대,양산 지붕 태양광 임대,양산-지붕태양광임대,https://www.solarlink.co.kr/?k=%EC%96%91%EC%82%B0-%EC%A7%80%EB%B6%95%ED%83%9C%EC%96%91%EA%B4%91%EC%9E%84%EB%8C%80,https://www.solarlink.co.kr/?k=양산-지붕태양광임대,N
800,경남,경남시군,양산,태양광 발전사업,양산 태양광 발전사업,양산-태양광발전사업,https://www.solarlink.co.kr/?k=%EC%96%91%EC%82%B0-%ED%83%9C%EC%96%91%EA%B4%91%EB%B0%9C%EC%A0%84%EC%82%AC%EC%97%85,https://www.solarlink.co.kr/?k=양산-태양광발전사업,N
801,경남,경남시군,의령,태양광 설치,의령 태양광 설치,의령-태양광설치,https://www.solarlink.co.kr/?k=%EC%9D%98%EB%A0%B9-%ED%83%9C%EC%96%91%EA%B4%91%EC%84%A4%EC%B9%98,https://www.solarlink.co.kr/?k=의령-태양광설치,N
802,경남,경남시군,의령,태양광 업체,의령 태양광 업체,의령-태양광업체,https://www.solarlink.co.kr/?k=%EC%9D%98%EB%A0%B9-%ED%83%9C%EC%96%91%EA%B4%91%EC%97%85%EC%B2%B4,https://www.solarlink.co.kr/?k=의령-태양광업체,N
803,경남,경남시군,의령,공장 태양광,의령 공장 태양광,의령-공장태양광,https://www.solarlink.co.kr/?k=%EC%9D%98%EB%A0%B9-%EA%B3%B5%EC%9E%A5%ED%83%9C%EC%96%91%EA%B4%91,https://www.solarlink.co.kr/?k=의령-공장태양광,N
804,경남,경남시군,의령,공장 지붕 태양광,의령 공장 지붕 태양광,의령-공장지붕태양광,https://www.solarlink.co.kr/?k=%EC%9D%98%EB%A0%B9-%EA%B3%B5%EC%9E%A5%EC%A7%80%EB%B6%95%ED%83%9C%EC%96%91%EA%B4%91,https://www.solarlink.co.kr/?k=의령-공장지붕태양광,N
805,경남,경남시군,의령,창고 태양광,의령 창고 태양광,의령-창고태양광,https://www.solarlink.co.kr/?k=%EC%9D%98%EB%A0%B9-%EC%B0%BD%EA%B3%A0%ED%83%9C%EC%96%91%EA%B4%91,https://www.solarlink.co.kr/?k=의령-창고태양광,N
806,경남,경남시군,의령,축사 태양광,의령 축사 태양광,의령-축사태양광,https://www.solarlink.co.kr/?k=%EC%9D%98%EB%A0%B9-%EC%B6%95%EC%82%AC%ED%83%9C%EC%96%91%EA%B4%91,https://www.solarlink.co.kr/?k=의령-축사태양광,N
807,경남,경남시군,의령,지붕 태양광 임대,의령 지붕 태양광 임대,의령-지붕태양광임대,https://www.solarlink.co.kr/?k=%EC%9D%98%EB%A0%B9-%EC%A7%80%EB%B6%95%ED%83%9C%EC%96%91%EA%B4%91%EC%9E%84%EB%8C%80,https://www.solarlink.co.kr/?k=의령-지붕태양광임대,N
808,경남,경남시군,의령,태양광 발전사업,의령 태양광 발전사업,의령-태양광발전사업,https://www.solarlink.co.kr/?k=%EC%9D%98%EB%A0%B9-%ED%83%9C%EC%96%91%EA%B4%91%EB%B0%9C%EC%A0%84%EC%82%AC%EC%97%85,https://www.solarlink.co.kr/?k=의령-태양광발전사업,N
809,경남,경남시군,함안,태양광 설치,함안 태양광 설치,함안-태양광설치,https://www.solarlink.co.kr/?k=%ED%95%A8%EC%95%88-%ED%83%9C%EC%96%91%EA%B4%91%EC%84%A4%EC%B9%98,https://www.solarlink.co.kr/?k=함안-태양광설치,N
810,경남,경남시군,함안,태양광 업체,함안 태양광 업체,함안-태양광업체,https://www.solarlink.co.kr/?k=%ED%95%A8%EC%95%88-%ED%83%9C%EC%96%91%EA%B4%91%EC%97%85%EC%B2%B4,https://www.solarlink.co.kr/?k=함안-태양광업체,N
811,경남,경남시군,함안,공장 태양광,함안 공장 태양광,함안-공장태양광,https://www.solarlink.co.kr/?k=%ED%95%A8%EC%95%88-%EA%B3%B5%EC%9E%A5%ED%83%9C%EC%96%91%EA%B4%91,https://www.solarlink.co.kr/?k=함안-공장태양광,N
812,경남,경남시군,함안,공장 지붕 태양광,함안 공장 지붕 태양광,함안-공장지붕태양광,https://www.solarlink.co.kr/?k=%ED%95%A8%EC%95%88-%EA%B3%B5%EC%9E%A5%EC%A7%80%EB%B6%95%ED%83%9C%EC%96%91%EA%B4%91,https://www.solarlink.co.kr/?k=함안-공장지붕태양광,N
813,경남,경남시군,함안,창고 태양광,함안 창고 태양광,함안-창고태양광,https://www.solarlink.co.kr/?k=%ED%95%A8%EC%95%88-%EC%B0%BD%EA%B3%A0%ED%83%9C%EC%96%91%EA%B4%91,https://www.solarlink.co.kr/?k=함안-창고태양광,N
814,경남,경남시군,함안,축사 태양광,함안 축사 태양광,함안-축사태양광,https://www.solarlink.co.kr/?k=%ED%95%A8%EC%95%88-%EC%B6%95%EC%82%AC%ED%83%9C%EC%96%91%EA%B4%91,https://www.solarlink.co.kr/?k=함안-축사태양광,N
815,경남,경남시군,함안,지붕 태양광 임대,함안 지붕 태양광 임대,함안-지붕태양광임대,https://www.solarlink.co.kr/?k=%ED%95%A8%EC%95%88-%EC%A7%80%EB%B6%95%ED%83%9C%EC%96%91%EA%B4%91%EC%9E%84%EB%8C%80,https://www.solarlink.co.kr/?k=함안-지붕태양광임대,N
816,경남,경남시군,함안,태양광 발전사업,함안 태양광 발전사업,함안-태양광발전사업,https://www.solarlink.co.kr/?k=%ED%95%A8%EC%95%88-%ED%83%9C%EC%96%91%EA%B4%91%EB%B0%9C%EC%A0%84%EC%82%AC%EC%97%85,https://www.solarlink.co.kr/?k=함안-태양광발전사업,N
817,경남,경남시군,창녕,태양광 설치,창녕 태양광 설치,창녕-태양광설치,https://www.solarlink.co.kr/?k=%EC%B0%BD%EB%85%95-%ED%83%9C%EC%96%91%EA%B4%91%EC%84%A4%EC%B9%98,https://www.solarlink.co.kr/?k=창녕-태양광설치,N
818,경남,경남시군,창녕,태양광 업체,창녕 태양광 업체,창녕-태양광업체,https://www.solarlink.co.kr/?k=%EC%B0%BD%EB%85%95-%ED%83%9C%EC%96%91%EA%B4%91%EC%97%85%EC%B2%B4,https://www.solarlink.co.kr/?k=창녕-태양광업체,N
819,경남,경남시군,창녕,공장 태양광,창녕 공장 태양광,창녕-공장태양광,https://www.solarlink.co.kr/?k=%EC%B0%BD%EB%85%95-%EA%B3%B5%EC%9E%A5%ED%83%9C%EC%96%91%EA%B4%91,https://www.solarlink.co.kr/?k=창녕-공장태양광,N
820,경남,경남시군,창녕,공장 지붕 태양광,창녕 공장 지붕 태양광,창녕-공장지붕태양광,https://www.solarlink.co.kr/?k=%EC%B0%BD%EB%85%95-%EA%B3%B5%EC%9E%A5%EC%A7%80%EB%B6%95%ED%83%9C%EC%96%91%EA%B4%91,https://www.solarlink.co.kr/?k=창녕-공장지붕태양광,N
821,경남,경남시군,창녕,창고 태양광,창녕 창고 태양광,창녕-창고태양광,https://www.solarlink.co.kr/?k=%EC%B0%BD%EB%85%95-%EC%B0%BD%EA%B3%A0%ED%83%9C%EC%96%91%EA%B4%91,https://www.solarlink.co.kr/?k=창녕-창고태양광,N
822,경남,경남시군,창녕,축사 태양광,창녕 축사 태양광,창녕-축사태양광,https://www.solarlink.co.kr/?k=%EC%B0%BD%EB%85%95-%EC%B6%95%EC%82%AC%ED%83%9C%EC%96%91%EA%B4%91,https://www.solarlink.co.kr/?k=창녕-축사태양광,N
823,경남,경남시군,창녕,지붕 태양광 임대,창녕 지붕 태양광 임대,창녕-지붕태양광임대,https://www.solarlink.co.kr/?k=%EC%B0%BD%EB%85%95-%EC%A7%80%EB%B6%95%ED%83%9C%EC%96%91%EA%B4%91%EC%9E%84%EB%8C%80,https://www.solarlink.co.kr/?k=창녕-지붕태양광임대,N
824,경남,경남시군,창녕,태양광 발전사업,창녕 태양광 발전사업,창녕-태양광발전사업,https://www.solarlink.co.kr/?k=%EC%B0%BD%EB%85%95-%ED%83%9C%EC%96%91%EA%B4%91%EB%B0%9C%EC%A0%84%EC%82%AC%EC%97%85,https://www.solarlink.co.kr/?k=창녕-태양광발전사업,N
825,경남,경남시군,고성,태양광 설치,고성 태양광 설치,고성-태양광설치,https://www.solarlink.co.kr/?k=%EA%B3%A0%EC%84%B1-%ED%83%9C%EC%96%91%EA%B4%91%EC%84%A4%EC%B9%98,https://www.solarlink.co.kr/?k=고성-태양광설치,N
826,경남,경남시군,고성,태양광 업체,고성 태양광 업체,고성-태양광업체,https://www.solarlink.co.kr/?k=%EA%B3%A0%EC%84%B1-%ED%83%9C%EC%96%91%EA%B4%91%EC%97%85%EC%B2%B4,https://www.solarlink.co.kr/?k=고성-태양광업체,N
827,경남,경남시군,고성,공장 태양광,고성 공장 태양광,고성-공장태양광,https://www.solarlink.co.kr/?k=%EA%B3%A0%EC%84%B1-%EA%B3%B5%EC%9E%A5%ED%83%9C%EC%96%91%EA%B4%91,https://www.solarlink.co.kr/?k=고성-공장태양광,N
828,경남,경남시군,고성,공장 지붕 태양광,고성 공장 지붕 태양광,고성-공장지붕태양광,https://www.solarlink.co.kr/?k=%EA%B3%A0%EC%84%B1-%EA%B3%B5%EC%9E%A5%EC%A7%80%EB%B6%95%ED%83%9C%EC%96%91%EA%B4%91,https://www.solarlink.co.kr/?k=고성-공장지붕태양광,N
829,경남,경남시군,고성,창고 태양광,고성 창고 태양광,고성-창고태양광,https://www.solarlink.co.kr/?k=%EA%B3%A0%EC%84%B1-%EC%B0%BD%EA%B3%A0%ED%83%9C%EC%96%91%EA%B4%91,https://www.solarlink.co.kr/?k=고성-창고태양광,N
830,경남,경남시군,고성,축사 태양광,고성 축사 태양광,고성-축사태양광,https://www.solarlink.co.kr/?k=%EA%B3%A0%EC%84%B1-%EC%B6%95%EC%82%AC%ED%83%9C%EC%96%91%EA%B4%91,https://www.solarlink.co.kr/?k=고성-축사태양광,N
831,경남,경남시군,고성,지붕 태양광 임대,고성 지붕 태양광 임대,고성-지붕태양광임대,https://www.solarlink.co.kr/?k=%EA%B3%A0%EC%84%B1-%EC%A7%80%EB%B6%95%ED%83%9C%EC%96%91%EA%B4%91%EC%9E%84%EB%8C%80,https://www.solarlink.co.kr/?k=고성-지붕태양광임대,N
832,경남,경남시군,고성,태양광 발전사업,고성 태양광 발전사업,고성-태양광발전사업,https://www.solarlink.co.kr/?k=%EA%B3%A0%EC%84%B1-%ED%83%9C%EC%96%91%EA%B4%91%EB%B0%9C%EC%A0%84%EC%82%AC%EC%97%85,https://www.solarlink.co.kr/?k=고성-태양광발전사업,N
833,경남,경남시군,남해,태양광 설치,남해 태양광 설치,남해-태양광설치,https://www.solarlink.co.kr/?k=%EB%82%A8%ED%95%B4-%ED%83%9C%EC%96%91%EA%B4%91%EC%84%A4%EC%B9%98,https://www.solarlink.co.kr/?k=남해-태양광설치,N
834,경남,경남시군,남해,태양광 업체,남해 태양광 업체,남해-태양광업체,https://www.solarlink.co.kr/?k=%EB%82%A8%ED%95%B4-%ED%83%9C%EC%96%91%EA%B4%91%EC%97%85%EC%B2%B4,https://www.solarlink.co.kr/?k=남해-태양광업체,N
835,경남,경남시군,남해,공장 태양광,남해 공장 태양광,남해-공장태양광,https://www.solarlink.co.kr/?k=%EB%82%A8%ED%95%B4-%EA%B3%B5%EC%9E%A5%ED%83%9C%EC%96%91%EA%B4%91,https://www.solarlink.co.kr/?k=남해-공장태양광,N
836,경남,경남시군,남해,공장 지붕 태양광,남해 공장 지붕 태양광,남해-공장지붕태양광,https://www.solarlink.co.kr/?k=%EB%82%A8%ED%95%B4-%EA%B3%B5%EC%9E%A5%EC%A7%80%EB%B6%95%ED%83%9C%EC%96%91%EA%B4%91,https://www.solarlink.co.kr/?k=남해-공장지붕태양광,N
837,경남,경남시군,남해,창고 태양광,남해 창고 태양광,남해-창고태양광,https://www.solarlink.co.kr/?k=%EB%82%A8%ED%95%B4-%EC%B0%BD%EA%B3%A0%ED%83%9C%EC%96%91%EA%B4%91,https://www.solarlink.co.kr/?k=남해-창고태양광,N
838,경남,경남시군,남해,축사 태양광,남해 축사 태양광,남해-축사태양광,https://www.solarlink.co.kr/?k=%EB%82%A8%ED%95%B4-%EC%B6%95%EC%82%AC%ED%83%9C%EC%96%91%EA%B4%91,https://www.solarlink.co.kr/?k=남해-축사태양광,N
839,경남,경남시군,남해,지붕 태양광 임대,남해 지붕 태양광 임대,남해-지붕태양광임대,https://www.solarlink.co.kr/?k=%EB%82%A8%ED%95%B4-%EC%A7%80%EB%B6%95%ED%83%9C%EC%96%91%EA%B4%91%EC%9E%84%EB%8C%80,https://www.solarlink.co.kr/?k=남해-지붕태양광임대,N
840,경남,경남시군,남해,태양광 발전사업,남해 태양광 발전사업,남해-태양광발전사업,https://www.solarlink.co.kr/?k=%EB%82%A8%ED%95%B4-%ED%83%9C%EC%96%91%EA%B4%91%EB%B0%9C%EC%A0%84%EC%82%AC%EC%97%85,https://www.solarlink.co.kr/?k=남해-태양광발전사업,N
841,경남,경남시군,하동,태양광 설치,하동 태양광 설치,하동-태양광설치,https://www.solarlink.co.kr/?k=%ED%95%98%EB%8F%99-%ED%83%9C%EC%96%91%EA%B4%91%EC%84%A4%EC%B9%98,https://www.solarlink.co.kr/?k=하동-태양광설치,N
842,경남,경남시군,하동,태양광 업체,하동 태양광 업체,하동-태양광업체,https://www.solarlink.co.kr/?k=%ED%95%98%EB%8F%99-%ED%83%9C%EC%96%91%EA%B4%91%EC%97%85%EC%B2%B4,https://www.solarlink.co.kr/?k=하동-태양광업체,N
843,경남,경남시군,하동,공장 태양광,하동 공장 태양광,하동-공장태양광,https://www.solarlink.co.kr/?k=%ED%95%98%EB%8F%99-%EA%B3%B5%EC%9E%A5%ED%83%9C%EC%96%91%EA%B4%91,https://www.solarlink.co.kr/?k=하동-공장태양광,N
844,경남,경남시군,하동,공장 지붕 태양광,하동 공장 지붕 태양광,하동-공장지붕태양광,https://www.solarlink.co.kr/?k=%ED%95%98%EB%8F%99-%EA%B3%B5%EC%9E%A5%EC%A7%80%EB%B6%95%ED%83%9C%EC%96%91%EA%B4%91,https://www.solarlink.co.kr/?k=하동-공장지붕태양광,N
845,경남,경남시군,하동,창고 태양광,하동 창고 태양광,하동-창고태양광,https://www.solarlink.co.kr/?k=%ED%95%98%EB%8F%99-%EC%B0%BD%EA%B3%A0%ED%83%9C%EC%96%91%EA%B4%91,https://www.solarlink.co.kr/?k=하동-창고태양광,N
846,경남,경남시군,하동,축사 태양광,하동 축사 태양광,하동-축사태양광,https://www.solarlink.co.kr/?k=%ED%95%98%EB%8F%99-%EC%B6%95%EC%82%AC%ED%83%9C%EC%96%91%EA%B4%91,https://www.solarlink.co.kr/?k=하동-축사태양광,N
847,경남,경남시군,하동,지붕 태양광 임대,하동 지붕 태양광 임대,하동-지붕태양광임대,https://www.solarlink.co.kr/?k=%ED%95%98%EB%8F%99-%EC%A7%80%EB%B6%95%ED%83%9C%EC%96%91%EA%B4%91%EC%9E%84%EB%8C%80,https://www.solarlink.co.kr/?k=하동-지붕태양광임대,N
848,경남,경남시군,하동,태양광 발전사업,하동 태양광 발전사업,하동-태양광발전사업,https://www.solarlink.co.kr/?k=%ED%95%98%EB%8F%99-%ED%83%9C%EC%96%91%EA%B4%91%EB%B0%9C%EC%A0%84%EC%82%AC%EC%97%85,https://www.solarlink.co.kr/?k=하동-태양광발전사업,N
849,경남,경남시군,산청,태양광 설치,산청 태양광 설치,산청-태양광설치,https://www.solarlink.co.kr/?k=%EC%82%B0%EC%B2%AD-%ED%83%9C%EC%96%91%EA%B4%91%EC%84%A4%EC%B9%98,https://www.solarlink.co.kr/?k=산청-태양광설치,N
850,경남,경남시군,산청,태양광 업체,산청 태양광 업체,산청-태양광업체,https://www.solarlink.co.kr/?k=%EC%82%B0%EC%B2%AD-%ED%83%9C%EC%96%91%EA%B4%91%EC%97%85%EC%B2%B4,https://www.solarlink.co.kr/?k=산청-태양광업체,N
851,경남,경남시군,산청,공장 태양광,산청 공장 태양광,산청-공장태양광,https://www.solarlink.co.kr/?k=%EC%82%B0%EC%B2%AD-%EA%B3%B5%EC%9E%A5%ED%83%9C%EC%96%91%EA%B4%91,https://www.solarlink.co.kr/?k=산청-공장태양광,N
852,경남,경남시군,산청,공장 지붕 태양광,산청 공장 지붕 태양광,산청-공장지붕태양광,https://www.solarlink.co.kr/?k=%EC%82%B0%EC%B2%AD-%EA%B3%B5%EC%9E%A5%EC%A7%80%EB%B6%95%ED%83%9C%EC%96%91%EA%B4%91,https://www.solarlink.co.kr/?k=산청-공장지붕태양광,N
853,경남,경남시군,산청,창고 태양광,산청 창고 태양광,산청-창고태양광,https://www.solarlink.co.kr/?k=%EC%82%B0%EC%B2%AD-%EC%B0%BD%EA%B3%A0%ED%83%9C%EC%96%91%EA%B4%91,https://www.solarlink.co.kr/?k=산청-창고태양광,N
854,경남,경남시군,산청,축사 태양광,산청 축사 태양광,산청-축사태양광,https://www.solarlink.co.kr/?k=%EC%82%B0%EC%B2%AD-%EC%B6%95%EC%82%AC%ED%83%9C%EC%96%91%EA%B4%91,https://www.solarlink.co.kr/?k=산청-축사태양광,N
855,경남,경남시군,산청,지붕 태양광 임대,산청 지붕 태양광 임대,산청-지붕태양광임대,https://www.solarlink.co.kr/?k=%EC%82%B0%EC%B2%AD-%EC%A7%80%EB%B6%95%ED%83%9C%EC%96%91%EA%B4%91%EC%9E%84%EB%8C%80,https://www.solarlink.co.kr/?k=산청-지붕태양광임대,N
856,경남,경남시군,산청,태양광 발전사업,산청 태양광 발전사업,산청-태양광발전사업,https://www.solarlink.co.kr/?k=%EC%82%B0%EC%B2%AD-%ED%83%9C%EC%96%91%EA%B4%91%EB%B0%9C%EC%A0%84%EC%82%AC%EC%97%85,https://www.solarlink.co.kr/?k=산청-태양광발전사업,N
857,경남,경남시군,함양,태양광 설치,함양 태양광 설치,함양-태양광설치,https://www.solarlink.co.kr/?k=%ED%95%A8%EC%96%91-%ED%83%9C%EC%96%91%EA%B4%91%EC%84%A4%EC%B9%98,https://www.solarlink.co.kr/?k=함양-태양광설치,N
858,경남,경남시군,함양,태양광 업체,함양 태양광 업체,함양-태양광업체,https://www.solarlink.co.kr/?k=%ED%95%A8%EC%96%91-%ED%83%9C%EC%96%91%EA%B4%91%EC%97%85%EC%B2%B4,https://www.solarlink.co.kr/?k=함양-태양광업체,N
859,경남,경남시군,함양,공장 태양광,함양 공장 태양광,함양-공장태양광,https://www.solarlink.co.kr/?k=%ED%95%A8%EC%96%91-%EA%B3%B5%EC%9E%A5%ED%83%9C%EC%96%91%EA%B4%91,https://www.solarlink.co.kr/?k=함양-공장태양광,N
860,경남,경남시군,함양,공장 지붕 태양광,함양 공장 지붕 태양광,함양-공장지붕태양광,https://www.solarlink.co.kr/?k=%ED%95%A8%EC%96%91-%EA%B3%B5%EC%9E%A5%EC%A7%80%EB%B6%95%ED%83%9C%EC%96%91%EA%B4%91,https://www.solarlink.co.kr/?k=함양-공장지붕태양광,N
861,경남,경남시군,함양,창고 태양광,함양 창고 태양광,함양-창고태양광,https://www.solarlink.co.kr/?k=%ED%95%A8%EC%96%91-%EC%B0%BD%EA%B3%A0%ED%83%9C%EC%96%91%EA%B4%91,https://www.solarlink.co.kr/?k=함양-창고태양광,N
862,경남,경남시군,함양,축사 태양광,함양 축사 태양광,함양-축사태양광,https://www.solarlink.co.kr/?k=%ED%95%A8%EC%96%91-%EC%B6%95%EC%82%AC%ED%83%9C%EC%96%91%EA%B4%91,https://www.solarlink.co.kr/?k=함양-축사태양광,N
863,경남,경남시군,함양,지붕 태양광 임대,함양 지붕 태양광 임대,함양-지붕태양광임대,https://www.solarlink.co.kr/?k=%ED%95%A8%EC%96%91-%EC%A7%80%EB%B6%95%ED%83%9C%EC%96%91%EA%B4%91%EC%9E%84%EB%8C%80,https://www.solarlink.co.kr/?k=함양-지붕태양광임대,N
864,경남,경남시군,함양,태양광 발전사업,함양 태양광 발전사업,함양-태양광발전사업,https://www.solarlink.co.kr/?k=%ED%95%A8%EC%96%91-%ED%83%9C%EC%96%91%EA%B4%91%EB%B0%9C%EC%A0%84%EC%82%AC%EC%97%85,https://www.solarlink.co.kr/?k=함양-태양광발전사업,N
865,경남,경남시군,거창,태양광 설치,거창 태양광 설치,거창-태양광설치,https://www.solarlink.co.kr/?k=%EA%B1%B0%EC%B0%BD-%ED%83%9C%EC%96%91%EA%B4%91%EC%84%A4%EC%B9%98,https://www.solarlink.co.kr/?k=거창-태양광설치,N
866,경남,경남시군,거창,태양광 업체,거창 태양광 업체,거창-태양광업체,https://www.solarlink.co.kr/?k=%EA%B1%B0%EC%B0%BD-%ED%83%9C%EC%96%91%EA%B4%91%EC%97%85%EC%B2%B4,https://www.solarlink.co.kr/?k=거창-태양광업체,N
867,경남,경남시군,거창,공장 태양광,거창 공장 태양광,거창-공장태양광,https://www.solarlink.co.kr/?k=%EA%B1%B0%EC%B0%BD-%EA%B3%B5%EC%9E%A5%ED%83%9C%EC%96%91%EA%B4%91,https://www.solarlink.co.kr/?k=거창-공장태양광,N
868,경남,경남시군,거창,공장 지붕 태양광,거창 공장 지붕 태양광,거창-공장지붕태양광,https://www.solarlink.co.kr/?k=%EA%B1%B0%EC%B0%BD-%EA%B3%B5%EC%9E%A5%EC%A7%80%EB%B6%95%ED%83%9C%EC%96%91%EA%B4%91,https://www.solarlink.co.kr/?k=거창-공장지붕태양광,N
869,경남,경남시군,거창,창고 태양광,거창 창고 태양광,거창-창고태양광,https://www.solarlink.co.kr/?k=%EA%B1%B0%EC%B0%BD-%EC%B0%BD%EA%B3%A0%ED%83%9C%EC%96%91%EA%B4%91,https://www.solarlink.co.kr/?k=거창-창고태양광,N
870,경남,경남시군,거창,축사 태양광,거창 축사 태양광,거창-축사태양광,https://www.solarlink.co.kr/?k=%EA%B1%B0%EC%B0%BD-%EC%B6%95%EC%82%AC%ED%83%9C%EC%96%91%EA%B4%91,https://www.solarlink.co.kr/?k=거창-축사태양광,N
871,경남,경남시군,거창,지붕 태양광 임대,거창 지붕 태양광 임대,거창-지붕태양광임대,https://www.solarlink.co.kr/?k=%EA%B1%B0%EC%B0%BD-%EC%A7%80%EB%B6%95%ED%83%9C%EC%96%91%EA%B4%91%EC%9E%84%EB%8C%80,https://www.solarlink.co.kr/?k=거창-지붕태양광임대,N
872,경남,경남시군,거창,태양광 발전사업,거창 태양광 발전사업,거창-태양광발전사업,https://www.solarlink.co.kr/?k=%EA%B1%B0%EC%B0%BD-%ED%83%9C%EC%96%91%EA%B4%91%EB%B0%9C%EC%A0%84%EC%82%AC%EC%97%85,https://www.solarlink.co.kr/?k=거창-태양광발전사업,N
873,경남,경남시군,합천,태양광 설치,합천 태양광 설치,합천-태양광설치,https://www.solarlink.co.kr/?k=%ED%95%A9%EC%B2%9C-%ED%83%9C%EC%96%91%EA%B4%91%EC%84%A4%EC%B9%98,https://www.solarlink.co.kr/?k=합천-태양광설치,N
874,경남,경남시군,합천,태양광 업체,합천 태양광 업체,합천-태양광업체,https://www.solarlink.co.kr/?k=%ED%95%A9%EC%B2%9C-%ED%83%9C%EC%96%91%EA%B4%91%EC%97%85%EC%B2%B4,https://www.solarlink.co.kr/?k=합천-태양광업체,N
875,경남,경남시군,합천,공장 태양광,합천 공장 태양광,합천-공장태양광,https://www.solarlink.co.kr/?k=%ED%95%A9%EC%B2%9C-%EA%B3%B5%EC%9E%A5%ED%83%9C%EC%96%91%EA%B4%91,https://www.solarlink.co.kr/?k=합천-공장태양광,N
876,경남,경남시군,합천,공장 지붕 태양광,합천 공장 지붕 태양광,합천-공장지붕태양광,https://www.solarlink.co.kr/?k=%ED%95%A9%EC%B2%9C-%EA%B3%B5%EC%9E%A5%EC%A7%80%EB%B6%95%ED%83%9C%EC%96%91%EA%B4%91,https://www.solarlink.co.kr/?k=합천-공장지붕태양광,N
877,경남,경남시군,합천,창고 태양광,합천 창고 태양광,합천-창고태양광,https://www.solarlink.co.kr/?k=%ED%95%A9%EC%B2%9C-%EC%B0%BD%EA%B3%A0%ED%83%9C%EC%96%91%EA%B4%91,https://www.solarlink.co.kr/?k=합천-창고태양광,N
878,경남,경남시군,합천,축사 태양광,합천 축사 태양광,합천-축사태양광,https://www.solarlink.co.kr/?k=%ED%95%A9%EC%B2%9C-%EC%B6%95%EC%82%AC%ED%83%9C%EC%96%91%EA%B4%91,https://www.solarlink.co.kr/?k=합천-축사태양광,N
879,경남,경남시군,합천,지붕 태양광 임대,합천 지붕 태양광 임대,합천-지붕태양광임대,https://www.solarlink.co.kr/?k=%ED%95%A9%EC%B2%9C-%EC%A7%80%EB%B6%95%ED%83%9C%EC%96%91%EA%B4%91%EC%9E%84%EB%8C%80,https://www.solarlink.co.kr/?k=합천-지붕태양광임대,N
880,경남,경남시군,합천,태양광 발전사업,합천 태양광 발전사업,합천-태양광발전사업,https://www.solarlink.co.kr/?k=%ED%95%A9%EC%B2%9C-%ED%83%9C%EC%96%91%EA%B4%91%EB%B0%9C%EC%A0%84%EC%82%AC%EC%97%85,https://www.solarlink.co.kr/?k=합천-태양광발전사업,N
881,경북,경북시군,포항,태양광 설치,포항 태양광 설치,포항-태양광설치,https://www.solarlink.co.kr/?k=%ED%8F%AC%ED%95%AD-%ED%83%9C%EC%96%91%EA%B4%91%EC%84%A4%EC%B9%98,https://www.solarlink.co.kr/?k=포항-태양광설치,N
882,경북,경북시군,포항,태양광 업체,포항 태양광 업체,포항-태양광업체,https://www.solarlink.co.kr/?k=%ED%8F%AC%ED%95%AD-%ED%83%9C%EC%96%91%EA%B4%91%EC%97%85%EC%B2%B4,https://www.solarlink.co.kr/?k=포항-태양광업체,N
883,경북,경북시군,포항,공장 태양광,포항 공장 태양광,포항-공장태양광,https://www.solarlink.co.kr/?k=%ED%8F%AC%ED%95%AD-%EA%B3%B5%EC%9E%A5%ED%83%9C%EC%96%91%EA%B4%91,https://www.solarlink.co.kr/?k=포항-공장태양광,N
884,경북,경북시군,포항,공장 지붕 태양광,포항 공장 지붕 태양광,포항-공장지붕태양광,https://www.solarlink.co.kr/?k=%ED%8F%AC%ED%95%AD-%EA%B3%B5%EC%9E%A5%EC%A7%80%EB%B6%95%ED%83%9C%EC%96%91%EA%B4%91,https://www.solarlink.co.kr/?k=포항-공장지붕태양광,N
885,경북,경북시군,포항,창고 태양광,포항 창고 태양광,포항-창고태양광,https://www.solarlink.co.kr/?k=%ED%8F%AC%ED%95%AD-%EC%B0%BD%EA%B3%A0%ED%83%9C%EC%96%91%EA%B4%91,https://www.solarlink.co.kr/?k=포항-창고태양광,N
886,경북,경북시군,포항,축사 태양광,포항 축사 태양광,포항-축사태양광,https://www.solarlink.co.kr/?k=%ED%8F%AC%ED%95%AD-%EC%B6%95%EC%82%AC%ED%83%9C%EC%96%91%EA%B4%91,https://www.solarlink.co.kr/?k=포항-축사태양광,N
887,경북,경북시군,포항,지붕 태양광 임대,포항 지붕 태양광 임대,포항-지붕태양광임대,https://www.solarlink.co.kr/?k=%ED%8F%AC%ED%95%AD-%EC%A7%80%EB%B6%95%ED%83%9C%EC%96%91%EA%B4%91%EC%9E%84%EB%8C%80,https://www.solarlink.co.kr/?k=포항-지붕태양광임대,N
888,경북,경북시군,포항,태양광 발전사업,포항 태양광 발전사업,포항-태양광발전사업,https://www.solarlink.co.kr/?k=%ED%8F%AC%ED%95%AD-%ED%83%9C%EC%96%91%EA%B4%91%EB%B0%9C%EC%A0%84%EC%82%AC%EC%97%85,https://www.solarlink.co.kr/?k=포항-태양광발전사업,N
889,경북,경북시군,경주,태양광 설치,경주 태양광 설치,경주-태양광설치,https://www.solarlink.co.kr/?k=%EA%B2%BD%EC%A3%BC-%ED%83%9C%EC%96%91%EA%B4%91%EC%84%A4%EC%B9%98,https://www.solarlink.co.kr/?k=경주-태양광설치,N
890,경북,경북시군,경주,태양광 업체,경주 태양광 업체,경주-태양광업체,https://www.solarlink.co.kr/?k=%EA%B2%BD%EC%A3%BC-%ED%83%9C%EC%96%91%EA%B4%91%EC%97%85%EC%B2%B4,https://www.solarlink.co.kr/?k=경주-태양광업체,N
891,경북,경북시군,경주,공장 태양광,경주 공장 태양광,경주-공장태양광,https://www.solarlink.co.kr/?k=%EA%B2%BD%EC%A3%BC-%EA%B3%B5%EC%9E%A5%ED%83%9C%EC%96%91%EA%B4%91,https://www.solarlink.co.kr/?k=경주-공장태양광,N
892,경북,경북시군,경주,공장 지붕 태양광,경주 공장 지붕 태양광,경주-공장지붕태양광,https://www.solarlink.co.kr/?k=%EA%B2%BD%EC%A3%BC-%EA%B3%B5%EC%9E%A5%EC%A7%80%EB%B6%95%ED%83%9C%EC%96%91%EA%B4%91,https://www.solarlink.co.kr/?k=경주-공장지붕태양광,N
893,경북,경북시군,경주,창고 태양광,경주 창고 태양광,경주-창고태양광,https://www.solarlink.co.kr/?k=%EA%B2%BD%EC%A3%BC-%EC%B0%BD%EA%B3%A0%ED%83%9C%EC%96%91%EA%B4%91,https://www.solarlink.co.kr/?k=경주-창고태양광,N
894,경북,경북시군,경주,축사 태양광,경주 축사 태양광,경주-축사태양광,https://www.solarlink.co.kr/?k=%EA%B2%BD%EC%A3%BC-%EC%B6%95%EC%82%AC%ED%83%9C%EC%96%91%EA%B4%91,https://www.solarlink.co.kr/?k=경주-축사태양광,N
895,경북,경북시군,경주,지붕 태양광 임대,경주 지붕 태양광 임대,경주-지붕태양광임대,https://www.solarlink.co.kr/?k=%EA%B2%BD%EC%A3%BC-%EC%A7%80%EB%B6%95%ED%83%9C%EC%96%91%EA%B4%91%EC%9E%84%EB%8C%80,https://www.solarlink.co.kr/?k=경주-지붕태양광임대,N
896,경북,경북시군,경주,태양광 발전사업,경주 태양광 발전사업,경주-태양광발전사업,https://www.solarlink.co.kr/?k=%EA%B2%BD%EC%A3%BC-%ED%83%9C%EC%96%91%EA%B4%91%EB%B0%9C%EC%A0%84%EC%82%AC%EC%97%85,https://www.solarlink.co.kr/?k=경주-태양광발전사업,N
897,경북,경북시군,김천,태양광 설치,김천 태양광 설치,김천-태양광설치,https://www.solarlink.co.kr/?k=%EA%B9%80%EC%B2%9C-%ED%83%9C%EC%96%91%EA%B4%91%EC%84%A4%EC%B9%98,https://www.solarlink.co.kr/?k=김천-태양광설치,N
898,경북,경북시군,김천,태양광 업체,김천 태양광 업체,김천-태양광업체,https://www.solarlink.co.kr/?k=%EA%B9%80%EC%B2%9C-%ED%83%9C%EC%96%91%EA%B4%91%EC%97%85%EC%B2%B4,https://www.solarlink.co.kr/?k=김천-태양광업체,N
899,경북,경북시군,김천,공장 태양광,김천 공장 태양광,김천-공장태양광,https://www.solarlink.co.kr/?k=%EA%B9%80%EC%B2%9C-%EA%B3%B5%EC%9E%A5%ED%83%9C%EC%96%91%EA%B4%91,https://www.solarlink.co.kr/?k=김천-공장태양광,N
900,경북,경북시군,김천,공장 지붕 태양광,김천 공장 지붕 태양광,김천-공장지붕태양광,https://www.solarlink.co.kr/?k=%EA%B9%80%EC%B2%9C-%EA%B3%B5%EC%9E%A5%EC%A7%80%EB%B6%95%ED%83%9C%EC%96%91%EA%B4%91,https://www.solarlink.co.kr/?k=김천-공장지붕태양광,N
901,경북,경북시군,김천,창고 태양광,김천 창고 태양광,김천-창고태양광,https://www.solarlink.co.kr/?k=%EA%B9%80%EC%B2%9C-%EC%B0%BD%EA%B3%A0%ED%83%9C%EC%96%91%EA%B4%91,https://www.solarlink.co.kr/?k=김천-창고태양광,N
902,경북,경북시군,김천,축사 태양광,김천 축사 태양광,김천-축사태양광,https://www.solarlink.co.kr/?k=%EA%B9%80%EC%B2%9C-%EC%B6%95%EC%82%AC%ED%83%9C%EC%96%91%EA%B4%91,https://www.solarlink.co.kr/?k=김천-축사태양광,N
903,경북,경북시군,김천,지붕 태양광 임대,김천 지붕 태양광 임대,김천-지붕태양광임대,https://www.solarlink.co.kr/?k=%EA%B9%80%EC%B2%9C-%EC%A7%80%EB%B6%95%ED%83%9C%EC%96%91%EA%B4%91%EC%9E%84%EB%8C%80,https://www.solarlink.co.kr/?k=김천-지붕태양광임대,N
904,경북,경북시군,김천,태양광 발전사업,김천 태양광 발전사업,김천-태양광발전사업,https://www.solarlink.co.kr/?k=%EA%B9%80%EC%B2%9C-%ED%83%9C%EC%96%91%EA%B4%91%EB%B0%9C%EC%A0%84%EC%82%AC%EC%97%85,https://www.solarlink.co.kr/?k=김천-태양광발전사업,N
905,경북,경북시군,안동,태양광 설치,안동 태양광 설치,안동-태양광설치,https://www.solarlink.co.kr/?k=%EC%95%88%EB%8F%99-%ED%83%9C%EC%96%91%EA%B4%91%EC%84%A4%EC%B9%98,https://www.solarlink.co.kr/?k=안동-태양광설치,N
906,경북,경북시군,안동,태양광 업체,안동 태양광 업체,안동-태양광업체,https://www.solarlink.co.kr/?k=%EC%95%88%EB%8F%99-%ED%83%9C%EC%96%91%EA%B4%91%EC%97%85%EC%B2%B4,https://www.solarlink.co.kr/?k=안동-태양광업체,N
907,경북,경북시군,안동,공장 태양광,안동 공장 태양광,안동-공장태양광,https://www.solarlink.co.kr/?k=%EC%95%88%EB%8F%99-%EA%B3%B5%EC%9E%A5%ED%83%9C%EC%96%91%EA%B4%91,https://www.solarlink.co.kr/?k=안동-공장태양광,N
908,경북,경북시군,안동,공장 지붕 태양광,안동 공장 지붕 태양광,안동-공장지붕태양광,https://www.solarlink.co.kr/?k=%EC%95%88%EB%8F%99-%EA%B3%B5%EC%9E%A5%EC%A7%80%EB%B6%95%ED%83%9C%EC%96%91%EA%B4%91,https://www.solarlink.co.kr/?k=안동-공장지붕태양광,N
909,경북,경북시군,안동,창고 태양광,안동 창고 태양광,안동-창고태양광,https://www.solarlink.co.kr/?k=%EC%95%88%EB%8F%99-%EC%B0%BD%EA%B3%A0%ED%83%9C%EC%96%91%EA%B4%91,https://www.solarlink.co.kr/?k=안동-창고태양광,N
910,경북,경북시군,안동,축사 태양광,안동 축사 태양광,안동-축사태양광,https://www.solarlink.co.kr/?k=%EC%95%88%EB%8F%99-%EC%B6%95%EC%82%AC%ED%83%9C%EC%96%91%EA%B4%91,https://www.solarlink.co.kr/?k=안동-축사태양광,N
911,경북,경북시군,안동,지붕 태양광 임대,안동 지붕 태양광 임대,안동-지붕태양광임대,https://www.solarlink.co.kr/?k=%EC%95%88%EB%8F%99-%EC%A7%80%EB%B6%95%ED%83%9C%EC%96%91%EA%B4%91%EC%9E%84%EB%8C%80,https://www.solarlink.co.kr/?k=안동-지붕태양광임대,N
912,경북,경북시군,안동,태양광 발전사업,안동 태양광 발전사업,안동-태양광발전사업,https://www.solarlink.co.kr/?k=%EC%95%88%EB%8F%99-%ED%83%9C%EC%96%91%EA%B4%91%EB%B0%9C%EC%A0%84%EC%82%AC%EC%97%85,https://www.solarlink.co.kr/?k=안동-태양광발전사업,N
913,경북,경북시군,구미,태양광 설치,구미 태양광 설치,구미-태양광설치,https://www.solarlink.co.kr/?k=%EA%B5%AC%EB%AF%B8-%ED%83%9C%EC%96%91%EA%B4%91%EC%84%A4%EC%B9%98,https://www.solarlink.co.kr/?k=구미-태양광설치,N
914,경북,경북시군,구미,태양광 업체,구미 태양광 업체,구미-태양광업체,https://www.solarlink.co.kr/?k=%EA%B5%AC%EB%AF%B8-%ED%83%9C%EC%96%91%EA%B4%91%EC%97%85%EC%B2%B4,https://www.solarlink.co.kr/?k=구미-태양광업체,N
915,경북,경북시군,구미,공장 태양광,구미 공장 태양광,구미-공장태양광,https://www.solarlink.co.kr/?k=%EA%B5%AC%EB%AF%B8-%EA%B3%B5%EC%9E%A5%ED%83%9C%EC%96%91%EA%B4%91,https://www.solarlink.co.kr/?k=구미-공장태양광,N
916,경북,경북시군,구미,공장 지붕 태양광,구미 공장 지붕 태양광,구미-공장지붕태양광,https://www.solarlink.co.kr/?k=%EA%B5%AC%EB%AF%B8-%EA%B3%B5%EC%9E%A5%EC%A7%80%EB%B6%95%ED%83%9C%EC%96%91%EA%B4%91,https://www.solarlink.co.kr/?k=구미-공장지붕태양광,N
917,경북,경북시군,구미,창고 태양광,구미 창고 태양광,구미-창고태양광,https://www.solarlink.co.kr/?k=%EA%B5%AC%EB%AF%B8-%EC%B0%BD%EA%B3%A0%ED%83%9C%EC%96%91%EA%B4%91,https://www.solarlink.co.kr/?k=구미-창고태양광,N
918,경북,경북시군,구미,축사 태양광,구미 축사 태양광,구미-축사태양광,https://www.solarlink.co.kr/?k=%EA%B5%AC%EB%AF%B8-%EC%B6%95%EC%82%AC%ED%83%9C%EC%96%91%EA%B4%91,https://www.solarlink.co.kr/?k=구미-축사태양광,N
919,경북,경북시군,구미,지붕 태양광 임대,구미 지붕 태양광 임대,구미-지붕태양광임대,https://www.solarlink.co.kr/?k=%EA%B5%AC%EB%AF%B8-%EC%A7%80%EB%B6%95%ED%83%9C%EC%96%91%EA%B4%91%EC%9E%84%EB%8C%80,https://www.solarlink.co.kr/?k=구미-지붕태양광임대,N
920,경북,경북시군,구미,태양광 발전사업,구미 태양광 발전사업,구미-태양광발전사업,https://www.solarlink.co.kr/?k=%EA%B5%AC%EB%AF%B8-%ED%83%9C%EC%96%91%EA%B4%91%EB%B0%9C%EC%A0%84%EC%82%AC%EC%97%85,https://www.solarlink.co.kr/?k=구미-태양광발전사업,N
921,경북,경북시군,영주,태양광 설치,영주 태양광 설치,영주-태양광설치,https://www.solarlink.co.kr/?k=%EC%98%81%EC%A3%BC-%ED%83%9C%EC%96%91%EA%B4%91%EC%84%A4%EC%B9%98,https://www.solarlink.co.kr/?k=영주-태양광설치,N
922,경북,경북시군,영주,태양광 업체,영주 태양광 업체,영주-태양광업체,https://www.solarlink.co.kr/?k=%EC%98%81%EC%A3%BC-%ED%83%9C%EC%96%91%EA%B4%91%EC%97%85%EC%B2%B4,https://www.solarlink.co.kr/?k=영주-태양광업체,N
923,경북,경북시군,영주,공장 태양광,영주 공장 태양광,영주-공장태양광,https://www.solarlink.co.kr/?k=%EC%98%81%EC%A3%BC-%EA%B3%B5%EC%9E%A5%ED%83%9C%EC%96%91%EA%B4%91,https://www.solarlink.co.kr/?k=영주-공장태양광,N
924,경북,경북시군,영주,공장 지붕 태양광,영주 공장 지붕 태양광,영주-공장지붕태양광,https://www.solarlink.co.kr/?k=%EC%98%81%EC%A3%BC-%EA%B3%B5%EC%9E%A5%EC%A7%80%EB%B6%95%ED%83%9C%EC%96%91%EA%B4%91,https://www.solarlink.co.kr/?k=영주-공장지붕태양광,N
925,경북,경북시군,영주,창고 태양광,영주 창고 태양광,영주-창고태양광,https://www.solarlink.co.kr/?k=%EC%98%81%EC%A3%BC-%EC%B0%BD%EA%B3%A0%ED%83%9C%EC%96%91%EA%B4%91,https://www.solarlink.co.kr/?k=영주-창고태양광,N
926,경북,경북시군,영주,축사 태양광,영주 축사 태양광,영주-축사태양광,https://www.solarlink.co.kr/?k=%EC%98%81%EC%A3%BC-%EC%B6%95%EC%82%AC%ED%83%9C%EC%96%91%EA%B4%91,https://www.solarlink.co.kr/?k=영주-축사태양광,N
927,경북,경북시군,영주,지붕 태양광 임대,영주 지붕 태양광 임대,영주-지붕태양광임대,https://www.solarlink.co.kr/?k=%EC%98%81%EC%A3%BC-%EC%A7%80%EB%B6%95%ED%83%9C%EC%96%91%EA%B4%91%EC%9E%84%EB%8C%80,https://www.solarlink.co.kr/?k=영주-지붕태양광임대,N
928,경북,경북시군,영주,태양광 발전사업,영주 태양광 발전사업,영주-태양광발전사업,https://www.solarlink.co.kr/?k=%EC%98%81%EC%A3%BC-%ED%83%9C%EC%96%91%EA%B4%91%EB%B0%9C%EC%A0%84%EC%82%AC%EC%97%85,https://www.solarlink.co.kr/?k=영주-태양광발전사업,N
929,경북,경북시군,영천,태양광 설치,영천 태양광 설치,영천-태양광설치,https://www.solarlink.co.kr/?k=%EC%98%81%EC%B2%9C-%ED%83%9C%EC%96%91%EA%B4%91%EC%84%A4%EC%B9%98,https://www.solarlink.co.kr/?k=영천-태양광설치,N
930,경북,경북시군,영천,태양광 업체,영천 태양광 업체,영천-태양광업체,https://www.solarlink.co.kr/?k=%EC%98%81%EC%B2%9C-%ED%83%9C%EC%96%91%EA%B4%91%EC%97%85%EC%B2%B4,https://www.solarlink.co.kr/?k=영천-태양광업체,N
931,경북,경북시군,영천,공장 태양광,영천 공장 태양광,영천-공장태양광,https://www.solarlink.co.kr/?k=%EC%98%81%EC%B2%9C-%EA%B3%B5%EC%9E%A5%ED%83%9C%EC%96%91%EA%B4%91,https://www.solarlink.co.kr/?k=영천-공장태양광,N
932,경북,경북시군,영천,공장 지붕 태양광,영천 공장 지붕 태양광,영천-공장지붕태양광,https://www.solarlink.co.kr/?k=%EC%98%81%EC%B2%9C-%EA%B3%B5%EC%9E%A5%EC%A7%80%EB%B6%95%ED%83%9C%EC%96%91%EA%B4%91,https://www.solarlink.co.kr/?k=영천-공장지붕태양광,N
933,경북,경북시군,영천,창고 태양광,영천 창고 태양광,영천-창고태양광,https://www.solarlink.co.kr/?k=%EC%98%81%EC%B2%9C-%EC%B0%BD%EA%B3%A0%ED%83%9C%EC%96%91%EA%B4%91,https://www.solarlink.co.kr/?k=영천-창고태양광,N
934,경북,경북시군,영천,축사 태양광,영천 축사 태양광,영천-축사태양광,https://www.solarlink.co.kr/?k=%EC%98%81%EC%B2%9C-%EC%B6%95%EC%82%AC%ED%83%9C%EC%96%91%EA%B4%91,https://www.solarlink.co.kr/?k=영천-축사태양광,N
935,경북,경북시군,영천,지붕 태양광 임대,영천 지붕 태양광 임대,영천-지붕태양광임대,https://www.solarlink.co.kr/?k=%EC%98%81%EC%B2%9C-%EC%A7%80%EB%B6%95%ED%83%9C%EC%96%91%EA%B4%91%EC%9E%84%EB%8C%80,https://www.solarlink.co.kr/?k=영천-지붕태양광임대,N
936,경북,경북시군,영천,태양광 발전사업,영천 태양광 발전사업,영천-태양광발전사업,https://www.solarlink.co.kr/?k=%EC%98%81%EC%B2%9C-%ED%83%9C%EC%96%91%EA%B4%91%EB%B0%9C%EC%A0%84%EC%82%AC%EC%97%85,https://www.solarlink.co.kr/?k=영천-태양광발전사업,N
937,경북,경북시군,상주,태양광 설치,상주 태양광 설치,상주-태양광설치,https://www.solarlink.co.kr/?k=%EC%83%81%EC%A3%BC-%ED%83%9C%EC%96%91%EA%B4%91%EC%84%A4%EC%B9%98,https://www.solarlink.co.kr/?k=상주-태양광설치,N
938,경북,경북시군,상주,태양광 업체,상주 태양광 업체,상주-태양광업체,https://www.solarlink.co.kr/?k=%EC%83%81%EC%A3%BC-%ED%83%9C%EC%96%91%EA%B4%91%EC%97%85%EC%B2%B4,https://www.solarlink.co.kr/?k=상주-태양광업체,N
939,경북,경북시군,상주,공장 태양광,상주 공장 태양광,상주-공장태양광,https://www.solarlink.co.kr/?k=%EC%83%81%EC%A3%BC-%EA%B3%B5%EC%9E%A5%ED%83%9C%EC%96%91%EA%B4%91,https://www.solarlink.co.kr/?k=상주-공장태양광,N
940,경북,경북시군,상주,공장 지붕 태양광,상주 공장 지붕 태양광,상주-공장지붕태양광,https://www.solarlink.co.kr/?k=%EC%83%81%EC%A3%BC-%EA%B3%B5%EC%9E%A5%EC%A7%80%EB%B6%95%ED%83%9C%EC%96%91%EA%B4%91,https://www.solarlink.co.kr/?k=상주-공장지붕태양광,N
941,경북,경북시군,상주,창고 태양광,상주 창고 태양광,상주-창고태양광,https://www.solarlink.co.kr/?k=%EC%83%81%EC%A3%BC-%EC%B0%BD%EA%B3%A0%ED%83%9C%EC%96%91%EA%B4%91,https://www.solarlink.co.kr/?k=상주-창고태양광,N
942,경북,경북시군,상주,축사 태양광,상주 축사 태양광,상주-축사태양광,https://www.solarlink.co.kr/?k=%EC%83%81%EC%A3%BC-%EC%B6%95%EC%82%AC%ED%83%9C%EC%96%91%EA%B4%91,https://www.solarlink.co.kr/?k=상주-축사태양광,N
943,경북,경북시군,상주,지붕 태양광 임대,상주 지붕 태양광 임대,상주-지붕태양광임대,https://www.solarlink.co.kr/?k=%EC%83%81%EC%A3%BC-%EC%A7%80%EB%B6%95%ED%83%9C%EC%96%91%EA%B4%91%EC%9E%84%EB%8C%80,https://www.solarlink.co.kr/?k=상주-지붕태양광임대,N
944,경북,경북시군,상주,태양광 발전사업,상주 태양광 발전사업,상주-태양광발전사업,https://www.solarlink.co.kr/?k=%EC%83%81%EC%A3%BC-%ED%83%9C%EC%96%91%EA%B4%91%EB%B0%9C%EC%A0%84%EC%82%AC%EC%97%85,https://www.solarlink.co.kr/?k=상주-태양광발전사업,N
945,경북,경북시군,문경,태양광 설치,문경 태양광 설치,문경-태양광설치,https://www.solarlink.co.kr/?k=%EB%AC%B8%EA%B2%BD-%ED%83%9C%EC%96%91%EA%B4%91%EC%84%A4%EC%B9%98,https://www.solarlink.co.kr/?k=문경-태양광설치,N
946,경북,경북시군,문경,태양광 업체,문경 태양광 업체,문경-태양광업체,https://www.solarlink.co.kr/?k=%EB%AC%B8%EA%B2%BD-%ED%83%9C%EC%96%91%EA%B4%91%EC%97%85%EC%B2%B4,https://www.solarlink.co.kr/?k=문경-태양광업체,N
947,경북,경북시군,문경,공장 태양광,문경 공장 태양광,문경-공장태양광,https://www.solarlink.co.kr/?k=%EB%AC%B8%EA%B2%BD-%EA%B3%B5%EC%9E%A5%ED%83%9C%EC%96%91%EA%B4%91,https://www.solarlink.co.kr/?k=문경-공장태양광,N
948,경북,경북시군,문경,공장 지붕 태양광,문경 공장 지붕 태양광,문경-공장지붕태양광,https://www.solarlink.co.kr/?k=%EB%AC%B8%EA%B2%BD-%EA%B3%B5%EC%9E%A5%EC%A7%80%EB%B6%95%ED%83%9C%EC%96%91%EA%B4%91,https://www.solarlink.co.kr/?k=문경-공장지붕태양광,N
949,경북,경북시군,문경,창고 태양광,문경 창고 태양광,문경-창고태양광,https://www.solarlink.co.kr/?k=%EB%AC%B8%EA%B2%BD-%EC%B0%BD%EA%B3%A0%ED%83%9C%EC%96%91%EA%B4%91,https://www.solarlink.co.kr/?k=문경-창고태양광,N
950,경북,경북시군,문경,축사 태양광,문경 축사 태양광,문경-축사태양광,https://www.solarlink.co.kr/?k=%EB%AC%B8%EA%B2%BD-%EC%B6%95%EC%82%AC%ED%83%9C%EC%96%91%EA%B4%91,https://www.solarlink.co.kr/?k=문경-축사태양광,N
951,경북,경북시군,문경,지붕 태양광 임대,문경 지붕 태양광 임대,문경-지붕태양광임대,https://www.solarlink.co.kr/?k=%EB%AC%B8%EA%B2%BD-%EC%A7%80%EB%B6%95%ED%83%9C%EC%96%91%EA%B4%91%EC%9E%84%EB%8C%80,https://www.solarlink.co.kr/?k=문경-지붕태양광임대,N
952,경북,경북시군,문경,태양광 발전사업,문경 태양광 발전사업,문경-태양광발전사업,https://www.solarlink.co.kr/?k=%EB%AC%B8%EA%B2%BD-%ED%83%9C%EC%96%91%EA%B4%91%EB%B0%9C%EC%A0%84%EC%82%AC%EC%97%85,https://www.solarlink.co.kr/?k=문경-태양광발전사업,N
953,경북,경북시군,경산,태양광 설치,경산 태양광 설치,경산-태양광설치,https://www.solarlink.co.kr/?k=%EA%B2%BD%EC%82%B0-%ED%83%9C%EC%96%91%EA%B4%91%EC%84%A4%EC%B9%98,https://www.solarlink.co.kr/?k=경산-태양광설치,N
954,경북,경북시군,경산,태양광 업체,경산 태양광 업체,경산-태양광업체,https://www.solarlink.co.kr/?k=%EA%B2%BD%EC%82%B0-%ED%83%9C%EC%96%91%EA%B4%91%EC%97%85%EC%B2%B4,https://www.solarlink.co.kr/?k=경산-태양광업체,N
955,경북,경북시군,경산,공장 태양광,경산 공장 태양광,경산-공장태양광,https://www.solarlink.co.kr/?k=%EA%B2%BD%EC%82%B0-%EA%B3%B5%EC%9E%A5%ED%83%9C%EC%96%91%EA%B4%91,https://www.solarlink.co.kr/?k=경산-공장태양광,N
956,경북,경북시군,경산,공장 지붕 태양광,경산 공장 지붕 태양광,경산-공장지붕태양광,https://www.solarlink.co.kr/?k=%EA%B2%BD%EC%82%B0-%EA%B3%B5%EC%9E%A5%EC%A7%80%EB%B6%95%ED%83%9C%EC%96%91%EA%B4%91,https://www.solarlink.co.kr/?k=경산-공장지붕태양광,N
957,경북,경북시군,경산,창고 태양광,경산 창고 태양광,경산-창고태양광,https://www.solarlink.co.kr/?k=%EA%B2%BD%EC%82%B0-%EC%B0%BD%EA%B3%A0%ED%83%9C%EC%96%91%EA%B4%91,https://www.solarlink.co.kr/?k=경산-창고태양광,N
958,경북,경북시군,경산,축사 태양광,경산 축사 태양광,경산-축사태양광,https://www.solarlink.co.kr/?k=%EA%B2%BD%EC%82%B0-%EC%B6%95%EC%82%AC%ED%83%9C%EC%96%91%EA%B4%91,https://www.solarlink.co.kr/?k=경산-축사태양광,N
959,경북,경북시군,경산,지붕 태양광 임대,경산 지붕 태양광 임대,경산-지붕태양광임대,https://www.solarlink.co.kr/?k=%EA%B2%BD%EC%82%B0-%EC%A7%80%EB%B6%95%ED%83%9C%EC%96%91%EA%B4%91%EC%9E%84%EB%8C%80,https://www.solarlink.co.kr/?k=경산-지붕태양광임대,N
960,경북,경북시군,경산,태양광 발전사업,경산 태양광 발전사업,경산-태양광발전사업,https://www.solarlink.co.kr/?k=%EA%B2%BD%EC%82%B0-%ED%83%9C%EC%96%91%EA%B4%91%EB%B0%9C%EC%A0%84%EC%82%AC%EC%97%85,https://www.solarlink.co.kr/?k=경산-태양광발전사업,N
961,경북,경북시군,의성,태양광 설치,의성 태양광 설치,의성-태양광설치,https://www.solarlink.co.kr/?k=%EC%9D%98%EC%84%B1-%ED%83%9C%EC%96%91%EA%B4%91%EC%84%A4%EC%B9%98,https://www.solarlink.co.kr/?k=의성-태양광설치,N
962,경북,경북시군,의성,태양광 업체,의성 태양광 업체,의성-태양광업체,https://www.solarlink.co.kr/?k=%EC%9D%98%EC%84%B1-%ED%83%9C%EC%96%91%EA%B4%91%EC%97%85%EC%B2%B4,https://www.solarlink.co.kr/?k=의성-태양광업체,N
963,경북,경북시군,의성,공장 태양광,의성 공장 태양광,의성-공장태양광,https://www.solarlink.co.kr/?k=%EC%9D%98%EC%84%B1-%EA%B3%B5%EC%9E%A5%ED%83%9C%EC%96%91%EA%B4%91,https://www.solarlink.co.kr/?k=의성-공장태양광,N
964,경북,경북시군,의성,공장 지붕 태양광,의성 공장 지붕 태양광,의성-공장지붕태양광,https://www.solarlink.co.kr/?k=%EC%9D%98%EC%84%B1-%EA%B3%B5%EC%9E%A5%EC%A7%80%EB%B6%95%ED%83%9C%EC%96%91%EA%B4%91,https://www.solarlink.co.kr/?k=의성-공장지붕태양광,N
965,경북,경북시군,의성,창고 태양광,의성 창고 태양광,의성-창고태양광,https://www.solarlink.co.kr/?k=%EC%9D%98%EC%84%B1-%EC%B0%BD%EA%B3%A0%ED%83%9C%EC%96%91%EA%B4%91,https://www.solarlink.co.kr/?k=의성-창고태양광,N
966,경북,경북시군,의성,축사 태양광,의성 축사 태양광,의성-축사태양광,https://www.solarlink.co.kr/?k=%EC%9D%98%EC%84%B1-%EC%B6%95%EC%82%AC%ED%83%9C%EC%96%91%EA%B4%91,https://www.solarlink.co.kr/?k=의성-축사태양광,N
967,경북,경북시군,의성,지붕 태양광 임대,의성 지붕 태양광 임대,의성-지붕태양광임대,https://www.solarlink.co.kr/?k=%EC%9D%98%EC%84%B1-%EC%A7%80%EB%B6%95%ED%83%9C%EC%96%91%EA%B4%91%EC%9E%84%EB%8C%80,https://www.solarlink.co.kr/?k=의성-지붕태양광임대,N
968,경북,경북시군,의성,태양광 발전사업,의성 태양광 발전사업,의성-태양광발전사업,https://www.solarlink.co.kr/?k=%EC%9D%98%EC%84%B1-%ED%83%9C%EC%96%91%EA%B4%91%EB%B0%9C%EC%A0%84%EC%82%AC%EC%97%85,https://www.solarlink.co.kr/?k=의성-태양광발전사업,N
969,경북,경북시군,청송,태양광 설치,청송 태양광 설치,청송-태양광설치,https://www.solarlink.co.kr/?k=%EC%B2%AD%EC%86%A1-%ED%83%9C%EC%96%91%EA%B4%91%EC%84%A4%EC%B9%98,https://www.solarlink.co.kr/?k=청송-태양광설치,N
970,경북,경북시군,청송,태양광 업체,청송 태양광 업체,청송-태양광업체,https://www.solarlink.co.kr/?k=%EC%B2%AD%EC%86%A1-%ED%83%9C%EC%96%91%EA%B4%91%EC%97%85%EC%B2%B4,https://www.solarlink.co.kr/?k=청송-태양광업체,N
971,경북,경북시군,청송,공장 태양광,청송 공장 태양광,청송-공장태양광,https://www.solarlink.co.kr/?k=%EC%B2%AD%EC%86%A1-%EA%B3%B5%EC%9E%A5%ED%83%9C%EC%96%91%EA%B4%91,https://www.solarlink.co.kr/?k=청송-공장태양광,N
972,경북,경북시군,청송,공장 지붕 태양광,청송 공장 지붕 태양광,청송-공장지붕태양광,https://www.solarlink.co.kr/?k=%EC%B2%AD%EC%86%A1-%EA%B3%B5%EC%9E%A5%EC%A7%80%EB%B6%95%ED%83%9C%EC%96%91%EA%B4%91,https://www.solarlink.co.kr/?k=청송-공장지붕태양광,N
973,경북,경북시군,청송,창고 태양광,청송 창고 태양광,청송-창고태양광,https://www.solarlink.co.kr/?k=%EC%B2%AD%EC%86%A1-%EC%B0%BD%EA%B3%A0%ED%83%9C%EC%96%91%EA%B4%91,https://www.solarlink.co.kr/?k=청송-창고태양광,N
974,경북,경북시군,청송,축사 태양광,청송 축사 태양광,청송-축사태양광,https://www.solarlink.co.kr/?k=%EC%B2%AD%EC%86%A1-%EC%B6%95%EC%82%AC%ED%83%9C%EC%96%91%EA%B4%91,https://www.solarlink.co.kr/?k=청송-축사태양광,N
975,경북,경북시군,청송,지붕 태양광 임대,청송 지붕 태양광 임대,청송-지붕태양광임대,https://www.solarlink.co.kr/?k=%EC%B2%AD%EC%86%A1-%EC%A7%80%EB%B6%95%ED%83%9C%EC%96%91%EA%B4%91%EC%9E%84%EB%8C%80,https://www.solarlink.co.kr/?k=청송-지붕태양광임대,N
976,경북,경북시군,청송,태양광 발전사업,청송 태양광 발전사업,청송-태양광발전사업,https://www.solarlink.co.kr/?k=%EC%B2%AD%EC%86%A1-%ED%83%9C%EC%96%91%EA%B4%91%EB%B0%9C%EC%A0%84%EC%82%AC%EC%97%85,https://www.solarlink.co.kr/?k=청송-태양광발전사업,N
977,경북,경북시군,영양,태양광 설치,영양 태양광 설치,영양-태양광설치,https://www.solarlink.co.kr/?k=%EC%98%81%EC%96%91-%ED%83%9C%EC%96%91%EA%B4%91%EC%84%A4%EC%B9%98,https://www.solarlink.co.kr/?k=영양-태양광설치,N
978,경북,경북시군,영양,태양광 업체,영양 태양광 업체,영양-태양광업체,https://www.solarlink.co.kr/?k=%EC%98%81%EC%96%91-%ED%83%9C%EC%96%91%EA%B4%91%EC%97%85%EC%B2%B4,https://www.solarlink.co.kr/?k=영양-태양광업체,N
979,경북,경북시군,영양,공장 태양광,영양 공장 태양광,영양-공장태양광,https://www.solarlink.co.kr/?k=%EC%98%81%EC%96%91-%EA%B3%B5%EC%9E%A5%ED%83%9C%EC%96%91%EA%B4%91,https://www.solarlink.co.kr/?k=영양-공장태양광,N
980,경북,경북시군,영양,공장 지붕 태양광,영양 공장 지붕 태양광,영양-공장지붕태양광,https://www.solarlink.co.kr/?k=%EC%98%81%EC%96%91-%EA%B3%B5%EC%9E%A5%EC%A7%80%EB%B6%95%ED%83%9C%EC%96%91%EA%B4%91,https://www.solarlink.co.kr/?k=영양-공장지붕태양광,N
981,경북,경북시군,영양,창고 태양광,영양 창고 태양광,영양-창고태양광,https://www.solarlink.co.kr/?k=%EC%98%81%EC%96%91-%EC%B0%BD%EA%B3%A0%ED%83%9C%EC%96%91%EA%B4%91,https://www.solarlink.co.kr/?k=영양-창고태양광,N
982,경북,경북시군,영양,축사 태양광,영양 축사 태양광,영양-축사태양광,https://www.solarlink.co.kr/?k=%EC%98%81%EC%96%91-%EC%B6%95%EC%82%AC%ED%83%9C%EC%96%91%EA%B4%91,https://www.solarlink.co.kr/?k=영양-축사태양광,N
983,경북,경북시군,영양,지붕 태양광 임대,영양 지붕 태양광 임대,영양-지붕태양광임대,https://www.solarlink.co.kr/?k=%EC%98%81%EC%96%91-%EC%A7%80%EB%B6%95%ED%83%9C%EC%96%91%EA%B4%91%EC%9E%84%EB%8C%80,https://www.solarlink.co.kr/?k=영양-지붕태양광임대,N
984,경북,경북시군,영양,태양광 발전사업,영양 태양광 발전사업,영양-태양광발전사업,https://www.solarlink.co.kr/?k=%EC%98%81%EC%96%91-%ED%83%9C%EC%96%91%EA%B4%91%EB%B0%9C%EC%A0%84%EC%82%AC%EC%97%85,https://www.solarlink.co.kr/?k=영양-태양광발전사업,N
985,경북,경북시군,영덕,태양광 설치,영덕 태양광 설치,영덕-태양광설치,https://www.solarlink.co.kr/?k=%EC%98%81%EB%8D%95-%ED%83%9C%EC%96%91%EA%B4%91%EC%84%A4%EC%B9%98,https://www.solarlink.co.kr/?k=영덕-태양광설치,N
986,경북,경북시군,영덕,태양광 업체,영덕 태양광 업체,영덕-태양광업체,https://www.solarlink.co.kr/?k=%EC%98%81%EB%8D%95-%ED%83%9C%EC%96%91%EA%B4%91%EC%97%85%EC%B2%B4,https://www.solarlink.co.kr/?k=영덕-태양광업체,N
987,경북,경북시군,영덕,공장 태양광,영덕 공장 태양광,영덕-공장태양광,https://www.solarlink.co.kr/?k=%EC%98%81%EB%8D%95-%EA%B3%B5%EC%9E%A5%ED%83%9C%EC%96%91%EA%B4%91,https://www.solarlink.co.kr/?k=영덕-공장태양광,N
988,경북,경북시군,영덕,공장 지붕 태양광,영덕 공장 지붕 태양광,영덕-공장지붕태양광,https://www.solarlink.co.kr/?k=%EC%98%81%EB%8D%95-%EA%B3%B5%EC%9E%A5%EC%A7%80%EB%B6%95%ED%83%9C%EC%96%91%EA%B4%91,https://www.solarlink.co.kr/?k=영덕-공장지붕태양광,N
989,경북,경북시군,영덕,창고 태양광,영덕 창고 태양광,영덕-창고태양광,https://www.solarlink.co.kr/?k=%EC%98%81%EB%8D%95-%EC%B0%BD%EA%B3%A0%ED%83%9C%EC%96%91%EA%B4%91,https://www.solarlink.co.kr/?k=영덕-창고태양광,N
990,경북,경북시군,영덕,축사 태양광,영덕 축사 태양광,영덕-축사태양광,https://www.solarlink.co.kr/?k=%EC%98%81%EB%8D%95-%EC%B6%95%EC%82%AC%ED%83%9C%EC%96%91%EA%B4%91,https://www.solarlink.co.kr/?k=영덕-축사태양광,N
991,경북,경북시군,영덕,지붕 태양광 임대,영덕 지붕 태양광 임대,영덕-지붕태양광임대,https://www.solarlink.co.kr/?k=%EC%98%81%EB%8D%95-%EC%A7%80%EB%B6%95%ED%83%9C%EC%96%91%EA%B4%91%EC%9E%84%EB%8C%80,https://www.solarlink.co.kr/?k=영덕-지붕태양광임대,N
992,경북,경북시군,영덕,태양광 발전사업,영덕 태양광 발전사업,영덕-태양광발전사업,https://www.solarlink.co.kr/?k=%EC%98%81%EB%8D%95-%ED%83%9C%EC%96%91%EA%B4%91%EB%B0%9C%EC%A0%84%EC%82%AC%EC%97%85,https://www.solarlink.co.kr/?k=영덕-태양광발전사업,N
993,경북,경북시군,청도,태양광 설치,청도 태양광 설치,청도-태양광설치,https://www.solarlink.co.kr/?k=%EC%B2%AD%EB%8F%84-%ED%83%9C%EC%96%91%EA%B4%91%EC%84%A4%EC%B9%98,https://www.solarlink.co.kr/?k=청도-태양광설치,N
994,경북,경북시군,청도,태양광 업체,청도 태양광 업체,청도-태양광업체,https://www.solarlink.co.kr/?k=%EC%B2%AD%EB%8F%84-%ED%83%9C%EC%96%91%EA%B4%91%EC%97%85%EC%B2%B4,https://www.solarlink.co.kr/?k=청도-태양광업체,N
995,경북,경북시군,청도,공장 태양광,청도 공장 태양광,청도-공장태양광,https://www.solarlink.co.kr/?k=%EC%B2%AD%EB%8F%84-%EA%B3%B5%EC%9E%A5%ED%83%9C%EC%96%91%EA%B4%91,https://www.solarlink.co.kr/?k=청도-공장태양광,N
996,경북,경북시군,청도,공장 지붕 태양광,청도 공장 지붕 태양광,청도-공장지붕태양광,https://www.solarlink.co.kr/?k=%EC%B2%AD%EB%8F%84-%EA%B3%B5%EC%9E%A5%EC%A7%80%EB%B6%95%ED%83%9C%EC%96%91%EA%B4%91,https://www.solarlink.co.kr/?k=청도-공장지붕태양광,N
997,경북,경북시군,청도,창고 태양광,청도 창고 태양광,청도-창고태양광,https://www.solarlink.co.kr/?k=%EC%B2%AD%EB%8F%84-%EC%B0%BD%EA%B3%A0%ED%83%9C%EC%96%91%EA%B4%91,https://www.solarlink.co.kr/?k=청도-창고태양광,N
998,경북,경북시군,청도,축사 태양광,청도 축사 태양광,청도-축사태양광,https://www.solarlink.co.kr/?k=%EC%B2%AD%EB%8F%84-%EC%B6%95%EC%82%AC%ED%83%9C%EC%96%91%EA%B4%91,https://www.solarlink.co.kr/?k=청도-축사태양광,N
999,경북,경북시군,청도,지붕 태양광 임대,청도 지붕 태양광 임대,청도-지붕태양광임대,https://www.solarlink.co.kr/?k=%EC%B2%AD%EB%8F%84-%EC%A7%80%EB%B6%95%ED%83%9C%EC%96%91%EA%B4%91%EC%9E%84%EB%8C%80,https://www.solarlink.co.kr/?k=청도-지붕태양광임대,N
1000,경북,경북시군,청도,태양광 발전사업,청도 태양광 발전사업,청도-태양광발전사업,https://www.solarlink.co.kr/?k=%EC%B2%AD%EB%8F%84-%ED%83%9C%EC%96%91%EA%B4%91%EB%B0%9C%EC%A0%84%EC%82%AC%EC%97%85,https://www.solarlink.co.kr/?k=청도-태양광발전사업,N
1001,경북,경북시군,고령,태양광 설치,고령 태양광 설치,고령-태양광설치,https://www.solarlink.co.kr/?k=%EA%B3%A0%EB%A0%B9-%ED%83%9C%EC%96%91%EA%B4%91%EC%84%A4%EC%B9%98,https://www.solarlink.co.kr/?k=고령-태양광설치,N
1002,경북,경북시군,고령,태양광 업체,고령 태양광 업체,고령-태양광업체,https://www.solarlink.co.kr/?k=%EA%B3%A0%EB%A0%B9-%ED%83%9C%EC%96%91%EA%B4%91%EC%97%85%EC%B2%B4,https://www.solarlink.co.kr/?k=고령-태양광업체,N
1003,경북,경북시군,고령,공장 태양광,고령 공장 태양광,고령-공장태양광,https://www.solarlink.co.kr/?k=%EA%B3%A0%EB%A0%B9-%EA%B3%B5%EC%9E%A5%ED%83%9C%EC%96%91%EA%B4%91,https://www.solarlink.co.kr/?k=고령-공장태양광,N
1004,경북,경북시군,고령,공장 지붕 태양광,고령 공장 지붕 태양광,고령-공장지붕태양광,https://www.solarlink.co.kr/?k=%EA%B3%A0%EB%A0%B9-%EA%B3%B5%EC%9E%A5%EC%A7%80%EB%B6%95%ED%83%9C%EC%96%91%EA%B4%91,https://www.solarlink.co.kr/?k=고령-공장지붕태양광,N
1005,경북,경북시군,고령,창고 태양광,고령 창고 태양광,고령-창고태양광,https://www.solarlink.co.kr/?k=%EA%B3%A0%EB%A0%B9-%EC%B0%BD%EA%B3%A0%ED%83%9C%EC%96%91%EA%B4%91,https://www.solarlink.co.kr/?k=고령-창고태양광,N
1006,경북,경북시군,고령,축사 태양광,고령 축사 태양광,고령-축사태양광,https://www.solarlink.co.kr/?k=%EA%B3%A0%EB%A0%B9-%EC%B6%95%EC%82%AC%ED%83%9C%EC%96%91%EA%B4%91,https://www.solarlink.co.kr/?k=고령-축사태양광,N
1007,경북,경북시군,고령,지붕 태양광 임대,고령 지붕 태양광 임대,고령-지붕태양광임대,https://www.solarlink.co.kr/?k=%EA%B3%A0%EB%A0%B9-%EC%A7%80%EB%B6%95%ED%83%9C%EC%96%91%EA%B4%91%EC%9E%84%EB%8C%80,https://www.solarlink.co.kr/?k=고령-지붕태양광임대,N
1008,경북,경북시군,고령,태양광 발전사업,고령 태양광 발전사업,고령-태양광발전사업,https://www.solarlink.co.kr/?k=%EA%B3%A0%EB%A0%B9-%ED%83%9C%EC%96%91%EA%B4%91%EB%B0%9C%EC%A0%84%EC%82%AC%EC%97%85,https://www.solarlink.co.kr/?k=고령-태양광발전사업,N
1009,경북,경북시군,성주,태양광 설치,성주 태양광 설치,성주-태양광설치,https://www.solarlink.co.kr/?k=%EC%84%B1%EC%A3%BC-%ED%83%9C%EC%96%91%EA%B4%91%EC%84%A4%EC%B9%98,https://www.solarlink.co.kr/?k=성주-태양광설치,N
1010,경북,경북시군,성주,태양광 업체,성주 태양광 업체,성주-태양광업체,https://www.solarlink.co.kr/?k=%EC%84%B1%EC%A3%BC-%ED%83%9C%EC%96%91%EA%B4%91%EC%97%85%EC%B2%B4,https://www.solarlink.co.kr/?k=성주-태양광업체,N
1011,경북,경북시군,성주,공장 태양광,성주 공장 태양광,성주-공장태양광,https://www.solarlink.co.kr/?k=%EC%84%B1%EC%A3%BC-%EA%B3%B5%EC%9E%A5%ED%83%9C%EC%96%91%EA%B4%91,https://www.solarlink.co.kr/?k=성주-공장태양광,N
1012,경북,경북시군,성주,공장 지붕 태양광,성주 공장 지붕 태양광,성주-공장지붕태양광,https://www.solarlink.co.kr/?k=%EC%84%B1%EC%A3%BC-%EA%B3%B5%EC%9E%A5%EC%A7%80%EB%B6%95%ED%83%9C%EC%96%91%EA%B4%91,https://www.solarlink.co.kr/?k=성주-공장지붕태양광,N
1013,경북,경북시군,성주,창고 태양광,성주 창고 태양광,성주-창고태양광,https://www.solarlink.co.kr/?k=%EC%84%B1%EC%A3%BC-%EC%B0%BD%EA%B3%A0%ED%83%9C%EC%96%91%EA%B4%91,https://www.solarlink.co.kr/?k=성주-창고태양광,N
1014,경북,경북시군,성주,축사 태양광,성주 축사 태양광,성주-축사태양광,https://www.solarlink.co.kr/?k=%EC%84%B1%EC%A3%BC-%EC%B6%95%EC%82%AC%ED%83%9C%EC%96%91%EA%B4%91,https://www.solarlink.co.kr/?k=성주-축사태양광,N
1015,경북,경북시군,성주,지붕 태양광 임대,성주 지붕 태양광 임대,성주-지붕태양광임대,https://www.solarlink.co.kr/?k=%EC%84%B1%EC%A3%BC-%EC%A7%80%EB%B6%95%ED%83%9C%EC%96%91%EA%B4%91%EC%9E%84%EB%8C%80,https://www.solarlink.co.kr/?k=성주-지붕태양광임대,N
1016,경북,경북시군,성주,태양광 발전사업,성주 태양광 발전사업,성주-태양광발전사업,https://www.solarlink.co.kr/?k=%EC%84%B1%EC%A3%BC-%ED%83%9C%EC%96%91%EA%B4%91%EB%B0%9C%EC%A0%84%EC%82%AC%EC%97%85,https://www.solarlink.co.kr/?k=성주-태양광발전사업,N
1017,경북,경북시군,칠곡,태양광 설치,칠곡 태양광 설치,칠곡-태양광설치,https://www.solarlink.co.kr/?k=%EC%B9%A0%EA%B3%A1-%ED%83%9C%EC%96%91%EA%B4%91%EC%84%A4%EC%B9%98,https://www.solarlink.co.kr/?k=칠곡-태양광설치,N
1018,경북,경북시군,칠곡,태양광 업체,칠곡 태양광 업체,칠곡-태양광업체,https://www.solarlink.co.kr/?k=%EC%B9%A0%EA%B3%A1-%ED%83%9C%EC%96%91%EA%B4%91%EC%97%85%EC%B2%B4,https://www.solarlink.co.kr/?k=칠곡-태양광업체,N
1019,경북,경북시군,칠곡,공장 태양광,칠곡 공장 태양광,칠곡-공장태양광,https://www.solarlink.co.kr/?k=%EC%B9%A0%EA%B3%A1-%EA%B3%B5%EC%9E%A5%ED%83%9C%EC%96%91%EA%B4%91,https://www.solarlink.co.kr/?k=칠곡-공장태양광,N
1020,경북,경북시군,칠곡,공장 지붕 태양광,칠곡 공장 지붕 태양광,칠곡-공장지붕태양광,https://www.solarlink.co.kr/?k=%EC%B9%A0%EA%B3%A1-%EA%B3%B5%EC%9E%A5%EC%A7%80%EB%B6%95%ED%83%9C%EC%96%91%EA%B4%91,https://www.solarlink.co.kr/?k=칠곡-공장지붕태양광,N
1021,경북,경북시군,칠곡,창고 태양광,칠곡 창고 태양광,칠곡-창고태양광,https://www.solarlink.co.kr/?k=%EC%B9%A0%EA%B3%A1-%EC%B0%BD%EA%B3%A0%ED%83%9C%EC%96%91%EA%B4%91,https://www.solarlink.co.kr/?k=칠곡-창고태양광,N
1022,경북,경북시군,칠곡,축사 태양광,칠곡 축사 태양광,칠곡-축사태양광,https://www.solarlink.co.kr/?k=%EC%B9%A0%EA%B3%A1-%EC%B6%95%EC%82%AC%ED%83%9C%EC%96%91%EA%B4%91,https://www.solarlink.co.kr/?k=칠곡-축사태양광,N
1023,경북,경북시군,칠곡,지붕 태양광 임대,칠곡 지붕 태양광 임대,칠곡-지붕태양광임대,https://www.solarlink.co.kr/?k=%EC%B9%A0%EA%B3%A1-%EC%A7%80%EB%B6%95%ED%83%9C%EC%96%91%EA%B4%91%EC%9E%84%EB%8C%80,https://www.solarlink.co.kr/?k=칠곡-지붕태양광임대,N
1024,경북,경북시군,칠곡,태양광 발전사업,칠곡 태양광 발전사업,칠곡-태양광발전사업,https://www.solarlink.co.kr/?k=%EC%B9%A0%EA%B3%A1-%ED%83%9C%EC%96%91%EA%B4%91%EB%B0%9C%EC%A0%84%EC%82%AC%EC%97%85,https://www.solarlink.co.kr/?k=칠곡-태양광발전사업,N
1025,경북,경북시군,예천,태양광 설치,예천 태양광 설치,예천-태양광설치,https://www.solarlink.co.kr/?k=%EC%98%88%EC%B2%9C-%ED%83%9C%EC%96%91%EA%B4%91%EC%84%A4%EC%B9%98,https://www.solarlink.co.kr/?k=예천-태양광설치,N
1026,경북,경북시군,예천,태양광 업체,예천 태양광 업체,예천-태양광업체,https://www.solarlink.co.kr/?k=%EC%98%88%EC%B2%9C-%ED%83%9C%EC%96%91%EA%B4%91%EC%97%85%EC%B2%B4,https://www.solarlink.co.kr/?k=예천-태양광업체,N
1027,경북,경북시군,예천,공장 태양광,예천 공장 태양광,예천-공장태양광,https://www.solarlink.co.kr/?k=%EC%98%88%EC%B2%9C-%EA%B3%B5%EC%9E%A5%ED%83%9C%EC%96%91%EA%B4%91,https://www.solarlink.co.kr/?k=예천-공장태양광,N
1028,경북,경북시군,예천,공장 지붕 태양광,예천 공장 지붕 태양광,예천-공장지붕태양광,https://www.solarlink.co.kr/?k=%EC%98%88%EC%B2%9C-%EA%B3%B5%EC%9E%A5%EC%A7%80%EB%B6%95%ED%83%9C%EC%96%91%EA%B4%91,https://www.solarlink.co.kr/?k=예천-공장지붕태양광,N
1029,경북,경북시군,예천,창고 태양광,예천 창고 태양광,예천-창고태양광,https://www.solarlink.co.kr/?k=%EC%98%88%EC%B2%9C-%EC%B0%BD%EA%B3%A0%ED%83%9C%EC%96%91%EA%B4%91,https://www.solarlink.co.kr/?k=예천-창고태양광,N
1030,경북,경북시군,예천,축사 태양광,예천 축사 태양광,예천-축사태양광,https://www.solarlink.co.kr/?k=%EC%98%88%EC%B2%9C-%EC%B6%95%EC%82%AC%ED%83%9C%EC%96%91%EA%B4%91,https://www.solarlink.co.kr/?k=예천-축사태양광,N
1031,경북,경북시군,예천,지붕 태양광 임대,예천 지붕 태양광 임대,예천-지붕태양광임대,https://www.solarlink.co.kr/?k=%EC%98%88%EC%B2%9C-%EC%A7%80%EB%B6%95%ED%83%9C%EC%96%91%EA%B4%91%EC%9E%84%EB%8C%80,https://www.solarlink.co.kr/?k=예천-지붕태양광임대,N
1032,경북,경북시군,예천,태양광 발전사업,예천 태양광 발전사업,예천-태양광발전사업,https://www.solarlink.co.kr/?k=%EC%98%88%EC%B2%9C-%ED%83%9C%EC%96%91%EA%B4%91%EB%B0%9C%EC%A0%84%EC%82%AC%EC%97%85,https://www.solarlink.co.kr/?k=예천-태양광발전사업,N
1033,경북,경북시군,봉화,태양광 설치,봉화 태양광 설치,봉화-태양광설치,https://www.solarlink.co.kr/?k=%EB%B4%89%ED%99%94-%ED%83%9C%EC%96%91%EA%B4%91%EC%84%A4%EC%B9%98,https://www.solarlink.co.kr/?k=봉화-태양광설치,N
1034,경북,경북시군,봉화,태양광 업체,봉화 태양광 업체,봉화-태양광업체,https://www.solarlink.co.kr/?k=%EB%B4%89%ED%99%94-%ED%83%9C%EC%96%91%EA%B4%91%EC%97%85%EC%B2%B4,https://www.solarlink.co.kr/?k=봉화-태양광업체,N
1035,경북,경북시군,봉화,공장 태양광,봉화 공장 태양광,봉화-공장태양광,https://www.solarlink.co.kr/?k=%EB%B4%89%ED%99%94-%EA%B3%B5%EC%9E%A5%ED%83%9C%EC%96%91%EA%B4%91,https://www.solarlink.co.kr/?k=봉화-공장태양광,N
1036,경북,경북시군,봉화,공장 지붕 태양광,봉화 공장 지붕 태양광,봉화-공장지붕태양광,https://www.solarlink.co.kr/?k=%EB%B4%89%ED%99%94-%EA%B3%B5%EC%9E%A5%EC%A7%80%EB%B6%95%ED%83%9C%EC%96%91%EA%B4%91,https://www.solarlink.co.kr/?k=봉화-공장지붕태양광,N
1037,경북,경북시군,봉화,창고 태양광,봉화 창고 태양광,봉화-창고태양광,https://www.solarlink.co.kr/?k=%EB%B4%89%ED%99%94-%EC%B0%BD%EA%B3%A0%ED%83%9C%EC%96%91%EA%B4%91,https://www.solarlink.co.kr/?k=봉화-창고태양광,N
1038,경북,경북시군,봉화,축사 태양광,봉화 축사 태양광,봉화-축사태양광,https://www.solarlink.co.kr/?k=%EB%B4%89%ED%99%94-%EC%B6%95%EC%82%AC%ED%83%9C%EC%96%91%EA%B4%91,https://www.solarlink.co.kr/?k=봉화-축사태양광,N
1039,경북,경북시군,봉화,지붕 태양광 임대,봉화 지붕 태양광 임대,봉화-지붕태양광임대,https://www.solarlink.co.kr/?k=%EB%B4%89%ED%99%94-%EC%A7%80%EB%B6%95%ED%83%9C%EC%96%91%EA%B4%91%EC%9E%84%EB%8C%80,https://www.solarlink.co.kr/?k=봉화-지붕태양광임대,N
1040,경북,경북시군,봉화,태양광 발전사업,봉화 태양광 발전사업,봉화-태양광발전사업,https://www.solarlink.co.kr/?k=%EB%B4%89%ED%99%94-%ED%83%9C%EC%96%91%EA%B4%91%EB%B0%9C%EC%A0%84%EC%82%AC%EC%97%85,https://www.solarlink.co.kr/?k=봉화-태양광발전사업,N
1041,경북,경북시군,울진,태양광 설치,울진 태양광 설치,울진-태양광설치,https://www.solarlink.co.kr/?k=%EC%9A%B8%EC%A7%84-%ED%83%9C%EC%96%91%EA%B4%91%EC%84%A4%EC%B9%98,https://www.solarlink.co.kr/?k=울진-태양광설치,N
1042,경북,경북시군,울진,태양광 업체,울진 태양광 업체,울진-태양광업체,https://www.solarlink.co.kr/?k=%EC%9A%B8%EC%A7%84-%ED%83%9C%EC%96%91%EA%B4%91%EC%97%85%EC%B2%B4,https://www.solarlink.co.kr/?k=울진-태양광업체,N
1043,경북,경북시군,울진,공장 태양광,울진 공장 태양광,울진-공장태양광,https://www.solarlink.co.kr/?k=%EC%9A%B8%EC%A7%84-%EA%B3%B5%EC%9E%A5%ED%83%9C%EC%96%91%EA%B4%91,https://www.solarlink.co.kr/?k=울진-공장태양광,N
1044,경북,경북시군,울진,공장 지붕 태양광,울진 공장 지붕 태양광,울진-공장지붕태양광,https://www.solarlink.co.kr/?k=%EC%9A%B8%EC%A7%84-%EA%B3%B5%EC%9E%A5%EC%A7%80%EB%B6%95%ED%83%9C%EC%96%91%EA%B4%91,https://www.solarlink.co.kr/?k=울진-공장지붕태양광,N
1045,경북,경북시군,울진,창고 태양광,울진 창고 태양광,울진-창고태양광,https://www.solarlink.co.kr/?k=%EC%9A%B8%EC%A7%84-%EC%B0%BD%EA%B3%A0%ED%83%9C%EC%96%91%EA%B4%91,https://www.solarlink.co.kr/?k=울진-창고태양광,N
1046,경북,경북시군,울진,축사 태양광,울진 축사 태양광,울진-축사태양광,https://www.solarlink.co.kr/?k=%EC%9A%B8%EC%A7%84-%EC%B6%95%EC%82%AC%ED%83%9C%EC%96%91%EA%B4%91,https://www.solarlink.co.kr/?k=울진-축사태양광,N
1047,경북,경북시군,울진,지붕 태양광 임대,울진 지붕 태양광 임대,울진-지붕태양광임대,https://www.solarlink.co.kr/?k=%EC%9A%B8%EC%A7%84-%EC%A7%80%EB%B6%95%ED%83%9C%EC%96%91%EA%B4%91%EC%9E%84%EB%8C%80,https://www.solarlink.co.kr/?k=울진-지붕태양광임대,N
1048,경북,경북시군,울진,태양광 발전사업,울진 태양광 발전사업,울진-태양광발전사업,https://www.solarlink.co.kr/?k=%EC%9A%B8%EC%A7%84-%ED%83%9C%EC%96%91%EA%B4%91%EB%B0%9C%EC%A0%84%EC%82%AC%EC%97%85,https://www.solarlink.co.kr/?k=울진-태양광발전사업,N
1049,경북,경북시군,울릉,태양광 설치,울릉 태양광 설치,울릉-태양광설치,https://www.solarlink.co.kr/?k=%EC%9A%B8%EB%A6%89-%ED%83%9C%EC%96%91%EA%B4%91%EC%84%A4%EC%B9%98,https://www.solarlink.co.kr/?k=울릉-태양광설치,N
1050,경북,경북시군,울릉,태양광 업체,울릉 태양광 업체,울릉-태양광업체,https://www.solarlink.co.kr/?k=%EC%9A%B8%EB%A6%89-%ED%83%9C%EC%96%91%EA%B4%91%EC%97%85%EC%B2%B4,https://www.solarlink.co.kr/?k=울릉-태양광업체,N
1051,경북,경북시군,울릉,공장 태양광,울릉 공장 태양광,울릉-공장태양광,https://www.solarlink.co.kr/?k=%EC%9A%B8%EB%A6%89-%EA%B3%B5%EC%9E%A5%ED%83%9C%EC%96%91%EA%B4%91,https://www.solarlink.co.kr/?k=울릉-공장태양광,N
1052,경북,경북시군,울릉,공장 지붕 태양광,울릉 공장 지붕 태양광,울릉-공장지붕태양광,https://www.solarlink.co.kr/?k=%EC%9A%B8%EB%A6%89-%EA%B3%B5%EC%9E%A5%EC%A7%80%EB%B6%95%ED%83%9C%EC%96%91%EA%B4%91,https://www.solarlink.co.kr/?k=울릉-공장지붕태양광,N
1053,경북,경북시군,울릉,창고 태양광,울릉 창고 태양광,울릉-창고태양광,https://www.solarlink.co.kr/?k=%EC%9A%B8%EB%A6%89-%EC%B0%BD%EA%B3%A0%ED%83%9C%EC%96%91%EA%B4%91,https://www.solarlink.co.kr/?k=울릉-창고태양광,N
1054,경북,경북시군,울릉,축사 태양광,울릉 축사 태양광,울릉-축사태양광,https://www.solarlink.co.kr/?k=%EC%9A%B8%EB%A6%89-%EC%B6%95%EC%82%AC%ED%83%9C%EC%96%91%EA%B4%91,https://www.solarlink.co.kr/?k=울릉-축사태양광,N
1055,경북,경북시군,울릉,지붕 태양광 임대,울릉 지붕 태양광 임대,울릉-지붕태양광임대,https://www.solarlink.co.kr/?k=%EC%9A%B8%EB%A6%89-%EC%A7%80%EB%B6%95%ED%83%9C%EC%96%91%EA%B4%91%EC%9E%84%EB%8C%80,https://www.solarlink.co.kr/?k=울릉-지붕태양광임대,N
1056,경북,경북시군,울릉,태양광 발전사업,울릉 태양광 발전사업,울릉-태양광발전사업,https://www.solarlink.co.kr/?k=%EC%9A%B8%EB%A6%89-%ED%83%9C%EC%96%91%EA%B4%91%EB%B0%9C%EC%A0%84%EC%82%AC%EC%97%85,https://www.solarlink.co.kr/?k=울릉-태양광발전사업,N
1057,부산,부산구군,부산 중구,태양광 설치,부산 중구 태양광 설치,부산중구-태양광설치,https://www.solarlink.co.kr/?k=%EB%B6%80%EC%82%B0%EC%A4%91%EA%B5%AC-%ED%83%9C%EC%96%91%EA%B4%91%EC%84%A4%EC%B9%98,https://www.solarlink.co.kr/?k=부산중구-태양광설치,N
1058,부산,부산구군,부산 중구,태양광 업체,부산 중구 태양광 업체,부산중구-태양광업체,https://www.solarlink.co.kr/?k=%EB%B6%80%EC%82%B0%EC%A4%91%EA%B5%AC-%ED%83%9C%EC%96%91%EA%B4%91%EC%97%85%EC%B2%B4,https://www.solarlink.co.kr/?k=부산중구-태양광업체,N
1059,부산,부산구군,부산 중구,건물 태양광,부산 중구 건물 태양광,부산중구-건물태양광,https://www.solarlink.co.kr/?k=%EB%B6%80%EC%82%B0%EC%A4%91%EA%B5%AC-%EA%B1%B4%EB%AC%BC%ED%83%9C%EC%96%91%EA%B4%91,https://www.solarlink.co.kr/?k=부산중구-건물태양광,N
1060,부산,부산구군,부산 중구,옥상 태양광,부산 중구 옥상 태양광,부산중구-옥상태양광,https://www.solarlink.co.kr/?k=%EB%B6%80%EC%82%B0%EC%A4%91%EA%B5%AC-%EC%98%A5%EC%83%81%ED%83%9C%EC%96%91%EA%B4%91,https://www.solarlink.co.kr/?k=부산중구-옥상태양광,N
1061,부산,부산구군,부산 중구,상가 태양광,부산 중구 상가 태양광,부산중구-상가태양광,https://www.solarlink.co.kr/?k=%EB%B6%80%EC%82%B0%EC%A4%91%EA%B5%AC-%EC%83%81%EA%B0%80%ED%83%9C%EC%96%91%EA%B4%91,https://www.solarlink.co.kr/?k=부산중구-상가태양광,N
1062,부산,부산구군,부산 중구,공장 태양광,부산 중구 공장 태양광,부산중구-공장태양광,https://www.solarlink.co.kr/?k=%EB%B6%80%EC%82%B0%EC%A4%91%EA%B5%AC-%EA%B3%B5%EC%9E%A5%ED%83%9C%EC%96%91%EA%B4%91,https://www.solarlink.co.kr/?k=부산중구-공장태양광,N
1063,부산,부산구군,부산 중구,지붕 태양광 임대,부산 중구 지붕 태양광 임대,부산중구-지붕태양광임대,https://www.solarlink.co.kr/?k=%EB%B6%80%EC%82%B0%EC%A4%91%EA%B5%AC-%EC%A7%80%EB%B6%95%ED%83%9C%EC%96%91%EA%B4%91%EC%9E%84%EB%8C%80,https://www.solarlink.co.kr/?k=부산중구-지붕태양광임대,N
1064,부산,부산구군,부산 중구,태양광 발전사업,부산 중구 태양광 발전사업,부산중구-태양광발전사업,https://www.solarlink.co.kr/?k=%EB%B6%80%EC%82%B0%EC%A4%91%EA%B5%AC-%ED%83%9C%EC%96%91%EA%B4%91%EB%B0%9C%EC%A0%84%EC%82%AC%EC%97%85,https://www.solarlink.co.kr/?k=부산중구-태양광발전사업,N
1065,부산,부산구군,부산 서구,태양광 설치,부산 서구 태양광 설치,부산서구-태양광설치,https://www.solarlink.co.kr/?k=%EB%B6%80%EC%82%B0%EC%84%9C%EA%B5%AC-%ED%83%9C%EC%96%91%EA%B4%91%EC%84%A4%EC%B9%98,https://www.solarlink.co.kr/?k=부산서구-태양광설치,N
1066,부산,부산구군,부산 서구,태양광 업체,부산 서구 태양광 업체,부산서구-태양광업체,https://www.solarlink.co.kr/?k=%EB%B6%80%EC%82%B0%EC%84%9C%EA%B5%AC-%ED%83%9C%EC%96%91%EA%B4%91%EC%97%85%EC%B2%B4,https://www.solarlink.co.kr/?k=부산서구-태양광업체,N
1067,부산,부산구군,부산 서구,건물 태양광,부산 서구 건물 태양광,부산서구-건물태양광,https://www.solarlink.co.kr/?k=%EB%B6%80%EC%82%B0%EC%84%9C%EA%B5%AC-%EA%B1%B4%EB%AC%BC%ED%83%9C%EC%96%91%EA%B4%91,https://www.solarlink.co.kr/?k=부산서구-건물태양광,N
1068,부산,부산구군,부산 서구,옥상 태양광,부산 서구 옥상 태양광,부산서구-옥상태양광,https://www.solarlink.co.kr/?k=%EB%B6%80%EC%82%B0%EC%84%9C%EA%B5%AC-%EC%98%A5%EC%83%81%ED%83%9C%EC%96%91%EA%B4%91,https://www.solarlink.co.kr/?k=부산서구-옥상태양광,N
1069,부산,부산구군,부산 서구,상가 태양광,부산 서구 상가 태양광,부산서구-상가태양광,https://www.solarlink.co.kr/?k=%EB%B6%80%EC%82%B0%EC%84%9C%EA%B5%AC-%EC%83%81%EA%B0%80%ED%83%9C%EC%96%91%EA%B4%91,https://www.solarlink.co.kr/?k=부산서구-상가태양광,N
1070,부산,부산구군,부산 서구,공장 태양광,부산 서구 공장 태양광,부산서구-공장태양광,https://www.solarlink.co.kr/?k=%EB%B6%80%EC%82%B0%EC%84%9C%EA%B5%AC-%EA%B3%B5%EC%9E%A5%ED%83%9C%EC%96%91%EA%B4%91,https://www.solarlink.co.kr/?k=부산서구-공장태양광,N
1071,부산,부산구군,부산 서구,지붕 태양광 임대,부산 서구 지붕 태양광 임대,부산서구-지붕태양광임대,https://www.solarlink.co.kr/?k=%EB%B6%80%EC%82%B0%EC%84%9C%EA%B5%AC-%EC%A7%80%EB%B6%95%ED%83%9C%EC%96%91%EA%B4%91%EC%9E%84%EB%8C%80,https://www.solarlink.co.kr/?k=부산서구-지붕태양광임대,N
1072,부산,부산구군,부산 서구,태양광 발전사업,부산 서구 태양광 발전사업,부산서구-태양광발전사업,https://www.solarlink.co.kr/?k=%EB%B6%80%EC%82%B0%EC%84%9C%EA%B5%AC-%ED%83%9C%EC%96%91%EA%B4%91%EB%B0%9C%EC%A0%84%EC%82%AC%EC%97%85,https://www.solarlink.co.kr/?k=부산서구-태양광발전사업,N
1073,부산,부산구군,부산 동구,태양광 설치,부산 동구 태양광 설치,부산동구-태양광설치,https://www.solarlink.co.kr/?k=%EB%B6%80%EC%82%B0%EB%8F%99%EA%B5%AC-%ED%83%9C%EC%96%91%EA%B4%91%EC%84%A4%EC%B9%98,https://www.solarlink.co.kr/?k=부산동구-태양광설치,N
1074,부산,부산구군,부산 동구,태양광 업체,부산 동구 태양광 업체,부산동구-태양광업체,https://www.solarlink.co.kr/?k=%EB%B6%80%EC%82%B0%EB%8F%99%EA%B5%AC-%ED%83%9C%EC%96%91%EA%B4%91%EC%97%85%EC%B2%B4,https://www.solarlink.co.kr/?k=부산동구-태양광업체,N
1075,부산,부산구군,부산 동구,건물 태양광,부산 동구 건물 태양광,부산동구-건물태양광,https://www.solarlink.co.kr/?k=%EB%B6%80%EC%82%B0%EB%8F%99%EA%B5%AC-%EA%B1%B4%EB%AC%BC%ED%83%9C%EC%96%91%EA%B4%91,https://www.solarlink.co.kr/?k=부산동구-건물태양광,N
1076,부산,부산구군,부산 동구,옥상 태양광,부산 동구 옥상 태양광,부산동구-옥상태양광,https://www.solarlink.co.kr/?k=%EB%B6%80%EC%82%B0%EB%8F%99%EA%B5%AC-%EC%98%A5%EC%83%81%ED%83%9C%EC%96%91%EA%B4%91,https://www.solarlink.co.kr/?k=부산동구-옥상태양광,N
1077,부산,부산구군,부산 동구,상가 태양광,부산 동구 상가 태양광,부산동구-상가태양광,https://www.solarlink.co.kr/?k=%EB%B6%80%EC%82%B0%EB%8F%99%EA%B5%AC-%EC%83%81%EA%B0%80%ED%83%9C%EC%96%91%EA%B4%91,https://www.solarlink.co.kr/?k=부산동구-상가태양광,N
1078,부산,부산구군,부산 동구,공장 태양광,부산 동구 공장 태양광,부산동구-공장태양광,https://www.solarlink.co.kr/?k=%EB%B6%80%EC%82%B0%EB%8F%99%EA%B5%AC-%EA%B3%B5%EC%9E%A5%ED%83%9C%EC%96%91%EA%B4%91,https://www.solarlink.co.kr/?k=부산동구-공장태양광,N
1079,부산,부산구군,부산 동구,지붕 태양광 임대,부산 동구 지붕 태양광 임대,부산동구-지붕태양광임대,https://www.solarlink.co.kr/?k=%EB%B6%80%EC%82%B0%EB%8F%99%EA%B5%AC-%EC%A7%80%EB%B6%95%ED%83%9C%EC%96%91%EA%B4%91%EC%9E%84%EB%8C%80,https://www.solarlink.co.kr/?k=부산동구-지붕태양광임대,N
1080,부산,부산구군,부산 동구,태양광 발전사업,부산 동구 태양광 발전사업,부산동구-태양광발전사업,https://www.solarlink.co.kr/?k=%EB%B6%80%EC%82%B0%EB%8F%99%EA%B5%AC-%ED%83%9C%EC%96%91%EA%B4%91%EB%B0%9C%EC%A0%84%EC%82%AC%EC%97%85,https://www.solarlink.co.kr/?k=부산동구-태양광발전사업,N
1081,부산,부산구군,부산 영도구,태양광 설치,부산 영도구 태양광 설치,부산영도구-태양광설치,https://www.solarlink.co.kr/?k=%EB%B6%80%EC%82%B0%EC%98%81%EB%8F%84%EA%B5%AC-%ED%83%9C%EC%96%91%EA%B4%91%EC%84%A4%EC%B9%98,https://www.solarlink.co.kr/?k=부산영도구-태양광설치,N
1082,부산,부산구군,부산 영도구,태양광 업체,부산 영도구 태양광 업체,부산영도구-태양광업체,https://www.solarlink.co.kr/?k=%EB%B6%80%EC%82%B0%EC%98%81%EB%8F%84%EA%B5%AC-%ED%83%9C%EC%96%91%EA%B4%91%EC%97%85%EC%B2%B4,https://www.solarlink.co.kr/?k=부산영도구-태양광업체,N
1083,부산,부산구군,부산 영도구,건물 태양광,부산 영도구 건물 태양광,부산영도구-건물태양광,https://www.solarlink.co.kr/?k=%EB%B6%80%EC%82%B0%EC%98%81%EB%8F%84%EA%B5%AC-%EA%B1%B4%EB%AC%BC%ED%83%9C%EC%96%91%EA%B4%91,https://www.solarlink.co.kr/?k=부산영도구-건물태양광,N
1084,부산,부산구군,부산 영도구,옥상 태양광,부산 영도구 옥상 태양광,부산영도구-옥상태양광,https://www.solarlink.co.kr/?k=%EB%B6%80%EC%82%B0%EC%98%81%EB%8F%84%EA%B5%AC-%EC%98%A5%EC%83%81%ED%83%9C%EC%96%91%EA%B4%91,https://www.solarlink.co.kr/?k=부산영도구-옥상태양광,N
1085,부산,부산구군,부산 영도구,상가 태양광,부산 영도구 상가 태양광,부산영도구-상가태양광,https://www.solarlink.co.kr/?k=%EB%B6%80%EC%82%B0%EC%98%81%EB%8F%84%EA%B5%AC-%EC%83%81%EA%B0%80%ED%83%9C%EC%96%91%EA%B4%91,https://www.solarlink.co.kr/?k=부산영도구-상가태양광,N
1086,부산,부산구군,부산 영도구,공장 태양광,부산 영도구 공장 태양광,부산영도구-공장태양광,https://www.solarlink.co.kr/?k=%EB%B6%80%EC%82%B0%EC%98%81%EB%8F%84%EA%B5%AC-%EA%B3%B5%EC%9E%A5%ED%83%9C%EC%96%91%EA%B4%91,https://www.solarlink.co.kr/?k=부산영도구-공장태양광,N
1087,부산,부산구군,부산 영도구,지붕 태양광 임대,부산 영도구 지붕 태양광 임대,부산영도구-지붕태양광임대,https://www.solarlink.co.kr/?k=%EB%B6%80%EC%82%B0%EC%98%81%EB%8F%84%EA%B5%AC-%EC%A7%80%EB%B6%95%ED%83%9C%EC%96%91%EA%B4%91%EC%9E%84%EB%8C%80,https://www.solarlink.co.kr/?k=부산영도구-지붕태양광임대,N
1088,부산,부산구군,부산 영도구,태양광 발전사업,부산 영도구 태양광 발전사업,부산영도구-태양광발전사업,https://www.solarlink.co.kr/?k=%EB%B6%80%EC%82%B0%EC%98%81%EB%8F%84%EA%B5%AC-%ED%83%9C%EC%96%91%EA%B4%91%EB%B0%9C%EC%A0%84%EC%82%AC%EC%97%85,https://www.solarlink.co.kr/?k=부산영도구-태양광발전사업,N
1089,부산,부산구군,부산 부산진구,태양광 설치,부산 부산진구 태양광 설치,부산부산진구-태양광설치,https://www.solarlink.co.kr/?k=%EB%B6%80%EC%82%B0%EB%B6%80%EC%82%B0%EC%A7%84%EA%B5%AC-%ED%83%9C%EC%96%91%EA%B4%91%EC%84%A4%EC%B9%98,https://www.solarlink.co.kr/?k=부산부산진구-태양광설치,N
1090,부산,부산구군,부산 부산진구,태양광 업체,부산 부산진구 태양광 업체,부산부산진구-태양광업체,https://www.solarlink.co.kr/?k=%EB%B6%80%EC%82%B0%EB%B6%80%EC%82%B0%EC%A7%84%EA%B5%AC-%ED%83%9C%EC%96%91%EA%B4%91%EC%97%85%EC%B2%B4,https://www.solarlink.co.kr/?k=부산부산진구-태양광업체,N
1091,부산,부산구군,부산 부산진구,건물 태양광,부산 부산진구 건물 태양광,부산부산진구-건물태양광,https://www.solarlink.co.kr/?k=%EB%B6%80%EC%82%B0%EB%B6%80%EC%82%B0%EC%A7%84%EA%B5%AC-%EA%B1%B4%EB%AC%BC%ED%83%9C%EC%96%91%EA%B4%91,https://www.solarlink.co.kr/?k=부산부산진구-건물태양광,N
1092,부산,부산구군,부산 부산진구,옥상 태양광,부산 부산진구 옥상 태양광,부산부산진구-옥상태양광,https://www.solarlink.co.kr/?k=%EB%B6%80%EC%82%B0%EB%B6%80%EC%82%B0%EC%A7%84%EA%B5%AC-%EC%98%A5%EC%83%81%ED%83%9C%EC%96%91%EA%B4%91,https://www.solarlink.co.kr/?k=부산부산진구-옥상태양광,N
1093,부산,부산구군,부산 부산진구,상가 태양광,부산 부산진구 상가 태양광,부산부산진구-상가태양광,https://www.solarlink.co.kr/?k=%EB%B6%80%EC%82%B0%EB%B6%80%EC%82%B0%EC%A7%84%EA%B5%AC-%EC%83%81%EA%B0%80%ED%83%9C%EC%96%91%EA%B4%91,https://www.solarlink.co.kr/?k=부산부산진구-상가태양광,N
1094,부산,부산구군,부산 부산진구,공장 태양광,부산 부산진구 공장 태양광,부산부산진구-공장태양광,https://www.solarlink.co.kr/?k=%EB%B6%80%EC%82%B0%EB%B6%80%EC%82%B0%EC%A7%84%EA%B5%AC-%EA%B3%B5%EC%9E%A5%ED%83%9C%EC%96%91%EA%B4%91,https://www.solarlink.co.kr/?k=부산부산진구-공장태양광,N
1095,부산,부산구군,부산 부산진구,지붕 태양광 임대,부산 부산진구 지붕 태양광 임대,부산부산진구-지붕태양광임대,https://www.solarlink.co.kr/?k=%EB%B6%80%EC%82%B0%EB%B6%80%EC%82%B0%EC%A7%84%EA%B5%AC-%EC%A7%80%EB%B6%95%ED%83%9C%EC%96%91%EA%B4%91%EC%9E%84%EB%8C%80,https://www.solarlink.co.kr/?k=부산부산진구-지붕태양광임대,N
1096,부산,부산구군,부산 부산진구,태양광 발전사업,부산 부산진구 태양광 발전사업,부산부산진구-태양광발전사업,https://www.solarlink.co.kr/?k=%EB%B6%80%EC%82%B0%EB%B6%80%EC%82%B0%EC%A7%84%EA%B5%AC-%ED%83%9C%EC%96%91%EA%B4%91%EB%B0%9C%EC%A0%84%EC%82%AC%EC%97%85,https://www.solarlink.co.kr/?k=부산부산진구-태양광발전사업,N
1097,부산,부산구군,부산 동래구,태양광 설치,부산 동래구 태양광 설치,부산동래구-태양광설치,https://www.solarlink.co.kr/?k=%EB%B6%80%EC%82%B0%EB%8F%99%EB%9E%98%EA%B5%AC-%ED%83%9C%EC%96%91%EA%B4%91%EC%84%A4%EC%B9%98,https://www.solarlink.co.kr/?k=부산동래구-태양광설치,N
1098,부산,부산구군,부산 동래구,태양광 업체,부산 동래구 태양광 업체,부산동래구-태양광업체,https://www.solarlink.co.kr/?k=%EB%B6%80%EC%82%B0%EB%8F%99%EB%9E%98%EA%B5%AC-%ED%83%9C%EC%96%91%EA%B4%91%EC%97%85%EC%B2%B4,https://www.solarlink.co.kr/?k=부산동래구-태양광업체,N
1099,부산,부산구군,부산 동래구,건물 태양광,부산 동래구 건물 태양광,부산동래구-건물태양광,https://www.solarlink.co.kr/?k=%EB%B6%80%EC%82%B0%EB%8F%99%EB%9E%98%EA%B5%AC-%EA%B1%B4%EB%AC%BC%ED%83%9C%EC%96%91%EA%B4%91,https://www.solarlink.co.kr/?k=부산동래구-건물태양광,N
1100,부산,부산구군,부산 동래구,옥상 태양광,부산 동래구 옥상 태양광,부산동래구-옥상태양광,https://www.solarlink.co.kr/?k=%EB%B6%80%EC%82%B0%EB%8F%99%EB%9E%98%EA%B5%AC-%EC%98%A5%EC%83%81%ED%83%9C%EC%96%91%EA%B4%91,https://www.solarlink.co.kr/?k=부산동래구-옥상태양광,N
1101,부산,부산구군,부산 동래구,상가 태양광,부산 동래구 상가 태양광,부산동래구-상가태양광,https://www.solarlink.co.kr/?k=%EB%B6%80%EC%82%B0%EB%8F%99%EB%9E%98%EA%B5%AC-%EC%83%81%EA%B0%80%ED%83%9C%EC%96%91%EA%B4%91,https://www.solarlink.co.kr/?k=부산동래구-상가태양광,N
1102,부산,부산구군,부산 동래구,공장 태양광,부산 동래구 공장 태양광,부산동래구-공장태양광,https://www.solarlink.co.kr/?k=%EB%B6%80%EC%82%B0%EB%8F%99%EB%9E%98%EA%B5%AC-%EA%B3%B5%EC%9E%A5%ED%83%9C%EC%96%91%EA%B4%91,https://www.solarlink.co.kr/?k=부산동래구-공장태양광,N
1103,부산,부산구군,부산 동래구,지붕 태양광 임대,부산 동래구 지붕 태양광 임대,부산동래구-지붕태양광임대,https://www.solarlink.co.kr/?k=%EB%B6%80%EC%82%B0%EB%8F%99%EB%9E%98%EA%B5%AC-%EC%A7%80%EB%B6%95%ED%83%9C%EC%96%91%EA%B4%91%EC%9E%84%EB%8C%80,https://www.solarlink.co.kr/?k=부산동래구-지붕태양광임대,N
1104,부산,부산구군,부산 동래구,태양광 발전사업,부산 동래구 태양광 발전사업,부산동래구-태양광발전사업,https://www.solarlink.co.kr/?k=%EB%B6%80%EC%82%B0%EB%8F%99%EB%9E%98%EA%B5%AC-%ED%83%9C%EC%96%91%EA%B4%91%EB%B0%9C%EC%A0%84%EC%82%AC%EC%97%85,https://www.solarlink.co.kr/?k=부산동래구-태양광발전사업,N
1105,부산,부산구군,부산 남구,태양광 설치,부산 남구 태양광 설치,부산남구-태양광설치,https://www.solarlink.co.kr/?k=%EB%B6%80%EC%82%B0%EB%82%A8%EA%B5%AC-%ED%83%9C%EC%96%91%EA%B4%91%EC%84%A4%EC%B9%98,https://www.solarlink.co.kr/?k=부산남구-태양광설치,N
1106,부산,부산구군,부산 남구,태양광 업체,부산 남구 태양광 업체,부산남구-태양광업체,https://www.solarlink.co.kr/?k=%EB%B6%80%EC%82%B0%EB%82%A8%EA%B5%AC-%ED%83%9C%EC%96%91%EA%B4%91%EC%97%85%EC%B2%B4,https://www.solarlink.co.kr/?k=부산남구-태양광업체,N
1107,부산,부산구군,부산 남구,건물 태양광,부산 남구 건물 태양광,부산남구-건물태양광,https://www.solarlink.co.kr/?k=%EB%B6%80%EC%82%B0%EB%82%A8%EA%B5%AC-%EA%B1%B4%EB%AC%BC%ED%83%9C%EC%96%91%EA%B4%91,https://www.solarlink.co.kr/?k=부산남구-건물태양광,N
1108,부산,부산구군,부산 남구,옥상 태양광,부산 남구 옥상 태양광,부산남구-옥상태양광,https://www.solarlink.co.kr/?k=%EB%B6%80%EC%82%B0%EB%82%A8%EA%B5%AC-%EC%98%A5%EC%83%81%ED%83%9C%EC%96%91%EA%B4%91,https://www.solarlink.co.kr/?k=부산남구-옥상태양광,N
1109,부산,부산구군,부산 남구,상가 태양광,부산 남구 상가 태양광,부산남구-상가태양광,https://www.solarlink.co.kr/?k=%EB%B6%80%EC%82%B0%EB%82%A8%EA%B5%AC-%EC%83%81%EA%B0%80%ED%83%9C%EC%96%91%EA%B4%91,https://www.solarlink.co.kr/?k=부산남구-상가태양광,N
1110,부산,부산구군,부산 남구,공장 태양광,부산 남구 공장 태양광,부산남구-공장태양광,https://www.solarlink.co.kr/?k=%EB%B6%80%EC%82%B0%EB%82%A8%EA%B5%AC-%EA%B3%B5%EC%9E%A5%ED%83%9C%EC%96%91%EA%B4%91,https://www.solarlink.co.kr/?k=부산남구-공장태양광,N
1111,부산,부산구군,부산 남구,지붕 태양광 임대,부산 남구 지붕 태양광 임대,부산남구-지붕태양광임대,https://www.solarlink.co.kr/?k=%EB%B6%80%EC%82%B0%EB%82%A8%EA%B5%AC-%EC%A7%80%EB%B6%95%ED%83%9C%EC%96%91%EA%B4%91%EC%9E%84%EB%8C%80,https://www.solarlink.co.kr/?k=부산남구-지붕태양광임대,N
1112,부산,부산구군,부산 남구,태양광 발전사업,부산 남구 태양광 발전사업,부산남구-태양광발전사업,https://www.solarlink.co.kr/?k=%EB%B6%80%EC%82%B0%EB%82%A8%EA%B5%AC-%ED%83%9C%EC%96%91%EA%B4%91%EB%B0%9C%EC%A0%84%EC%82%AC%EC%97%85,https://www.solarlink.co.kr/?k=부산남구-태양광발전사업,N
1113,부산,부산구군,부산 북구,태양광 설치,부산 북구 태양광 설치,부산북구-태양광설치,https://www.solarlink.co.kr/?k=%EB%B6%80%EC%82%B0%EB%B6%81%EA%B5%AC-%ED%83%9C%EC%96%91%EA%B4%91%EC%84%A4%EC%B9%98,https://www.solarlink.co.kr/?k=부산북구-태양광설치,N
1114,부산,부산구군,부산 북구,태양광 업체,부산 북구 태양광 업체,부산북구-태양광업체,https://www.solarlink.co.kr/?k=%EB%B6%80%EC%82%B0%EB%B6%81%EA%B5%AC-%ED%83%9C%EC%96%91%EA%B4%91%EC%97%85%EC%B2%B4,https://www.solarlink.co.kr/?k=부산북구-태양광업체,N
1115,부산,부산구군,부산 북구,건물 태양광,부산 북구 건물 태양광,부산북구-건물태양광,https://www.solarlink.co.kr/?k=%EB%B6%80%EC%82%B0%EB%B6%81%EA%B5%AC-%EA%B1%B4%EB%AC%BC%ED%83%9C%EC%96%91%EA%B4%91,https://www.solarlink.co.kr/?k=부산북구-건물태양광,N
1116,부산,부산구군,부산 북구,옥상 태양광,부산 북구 옥상 태양광,부산북구-옥상태양광,https://www.solarlink.co.kr/?k=%EB%B6%80%EC%82%B0%EB%B6%81%EA%B5%AC-%EC%98%A5%EC%83%81%ED%83%9C%EC%96%91%EA%B4%91,https://www.solarlink.co.kr/?k=부산북구-옥상태양광,N
1117,부산,부산구군,부산 북구,상가 태양광,부산 북구 상가 태양광,부산북구-상가태양광,https://www.solarlink.co.kr/?k=%EB%B6%80%EC%82%B0%EB%B6%81%EA%B5%AC-%EC%83%81%EA%B0%80%ED%83%9C%EC%96%91%EA%B4%91,https://www.solarlink.co.kr/?k=부산북구-상가태양광,N
1118,부산,부산구군,부산 북구,공장 태양광,부산 북구 공장 태양광,부산북구-공장태양광,https://www.solarlink.co.kr/?k=%EB%B6%80%EC%82%B0%EB%B6%81%EA%B5%AC-%EA%B3%B5%EC%9E%A5%ED%83%9C%EC%96%91%EA%B4%91,https://www.solarlink.co.kr/?k=부산북구-공장태양광,N
1119,부산,부산구군,부산 북구,지붕 태양광 임대,부산 북구 지붕 태양광 임대,부산북구-지붕태양광임대,https://www.solarlink.co.kr/?k=%EB%B6%80%EC%82%B0%EB%B6%81%EA%B5%AC-%EC%A7%80%EB%B6%95%ED%83%9C%EC%96%91%EA%B4%91%EC%9E%84%EB%8C%80,https://www.solarlink.co.kr/?k=부산북구-지붕태양광임대,N
1120,부산,부산구군,부산 북구,태양광 발전사업,부산 북구 태양광 발전사업,부산북구-태양광발전사업,https://www.solarlink.co.kr/?k=%EB%B6%80%EC%82%B0%EB%B6%81%EA%B5%AC-%ED%83%9C%EC%96%91%EA%B4%91%EB%B0%9C%EC%A0%84%EC%82%AC%EC%97%85,https://www.solarlink.co.kr/?k=부산북구-태양광발전사업,N
1121,부산,부산구군,부산 해운대구,태양광 설치,부산 해운대구 태양광 설치,부산해운대구-태양광설치,https://www.solarlink.co.kr/?k=%EB%B6%80%EC%82%B0%ED%95%B4%EC%9A%B4%EB%8C%80%EA%B5%AC-%ED%83%9C%EC%96%91%EA%B4%91%EC%84%A4%EC%B9%98,https://www.solarlink.co.kr/?k=부산해운대구-태양광설치,N
1122,부산,부산구군,부산 해운대구,태양광 업체,부산 해운대구 태양광 업체,부산해운대구-태양광업체,https://www.solarlink.co.kr/?k=%EB%B6%80%EC%82%B0%ED%95%B4%EC%9A%B4%EB%8C%80%EA%B5%AC-%ED%83%9C%EC%96%91%EA%B4%91%EC%97%85%EC%B2%B4,https://www.solarlink.co.kr/?k=부산해운대구-태양광업체,N
1123,부산,부산구군,부산 해운대구,건물 태양광,부산 해운대구 건물 태양광,부산해운대구-건물태양광,https://www.solarlink.co.kr/?k=%EB%B6%80%EC%82%B0%ED%95%B4%EC%9A%B4%EB%8C%80%EA%B5%AC-%EA%B1%B4%EB%AC%BC%ED%83%9C%EC%96%91%EA%B4%91,https://www.solarlink.co.kr/?k=부산해운대구-건물태양광,N
1124,부산,부산구군,부산 해운대구,옥상 태양광,부산 해운대구 옥상 태양광,부산해운대구-옥상태양광,https://www.solarlink.co.kr/?k=%EB%B6%80%EC%82%B0%ED%95%B4%EC%9A%B4%EB%8C%80%EA%B5%AC-%EC%98%A5%EC%83%81%ED%83%9C%EC%96%91%EA%B4%91,https://www.solarlink.co.kr/?k=부산해운대구-옥상태양광,N
1125,부산,부산구군,부산 해운대구,상가 태양광,부산 해운대구 상가 태양광,부산해운대구-상가태양광,https://www.solarlink.co.kr/?k=%EB%B6%80%EC%82%B0%ED%95%B4%EC%9A%B4%EB%8C%80%EA%B5%AC-%EC%83%81%EA%B0%80%ED%83%9C%EC%96%91%EA%B4%91,https://www.solarlink.co.kr/?k=부산해운대구-상가태양광,N
1126,부산,부산구군,부산 해운대구,공장 태양광,부산 해운대구 공장 태양광,부산해운대구-공장태양광,https://www.solarlink.co.kr/?k=%EB%B6%80%EC%82%B0%ED%95%B4%EC%9A%B4%EB%8C%80%EA%B5%AC-%EA%B3%B5%EC%9E%A5%ED%83%9C%EC%96%91%EA%B4%91,https://www.solarlink.co.kr/?k=부산해운대구-공장태양광,N
1127,부산,부산구군,부산 해운대구,지붕 태양광 임대,부산 해운대구 지붕 태양광 임대,부산해운대구-지붕태양광임대,https://www.solarlink.co.kr/?k=%EB%B6%80%EC%82%B0%ED%95%B4%EC%9A%B4%EB%8C%80%EA%B5%AC-%EC%A7%80%EB%B6%95%ED%83%9C%EC%96%91%EA%B4%91%EC%9E%84%EB%8C%80,https://www.solarlink.co.kr/?k=부산해운대구-지붕태양광임대,N
1128,부산,부산구군,부산 해운대구,태양광 발전사업,부산 해운대구 태양광 발전사업,부산해운대구-태양광발전사업,https://www.solarlink.co.kr/?k=%EB%B6%80%EC%82%B0%ED%95%B4%EC%9A%B4%EB%8C%80%EA%B5%AC-%ED%83%9C%EC%96%91%EA%B4%91%EB%B0%9C%EC%A0%84%EC%82%AC%EC%97%85,https://www.solarlink.co.kr/?k=부산해운대구-태양광발전사업,N
1129,부산,부산구군,부산 사하구,태양광 설치,부산 사하구 태양광 설치,부산사하구-태양광설치,https://www.solarlink.co.kr/?k=%EB%B6%80%EC%82%B0%EC%82%AC%ED%95%98%EA%B5%AC-%ED%83%9C%EC%96%91%EA%B4%91%EC%84%A4%EC%B9%98,https://www.solarlink.co.kr/?k=부산사하구-태양광설치,N
1130,부산,부산구군,부산 사하구,태양광 업체,부산 사하구 태양광 업체,부산사하구-태양광업체,https://www.solarlink.co.kr/?k=%EB%B6%80%EC%82%B0%EC%82%AC%ED%95%98%EA%B5%AC-%ED%83%9C%EC%96%91%EA%B4%91%EC%97%85%EC%B2%B4,https://www.solarlink.co.kr/?k=부산사하구-태양광업체,N
1131,부산,부산구군,부산 사하구,건물 태양광,부산 사하구 건물 태양광,부산사하구-건물태양광,https://www.solarlink.co.kr/?k=%EB%B6%80%EC%82%B0%EC%82%AC%ED%95%98%EA%B5%AC-%EA%B1%B4%EB%AC%BC%ED%83%9C%EC%96%91%EA%B4%91,https://www.solarlink.co.kr/?k=부산사하구-건물태양광,N
1132,부산,부산구군,부산 사하구,옥상 태양광,부산 사하구 옥상 태양광,부산사하구-옥상태양광,https://www.solarlink.co.kr/?k=%EB%B6%80%EC%82%B0%EC%82%AC%ED%95%98%EA%B5%AC-%EC%98%A5%EC%83%81%ED%83%9C%EC%96%91%EA%B4%91,https://www.solarlink.co.kr/?k=부산사하구-옥상태양광,N
1133,부산,부산구군,부산 사하구,상가 태양광,부산 사하구 상가 태양광,부산사하구-상가태양광,https://www.solarlink.co.kr/?k=%EB%B6%80%EC%82%B0%EC%82%AC%ED%95%98%EA%B5%AC-%EC%83%81%EA%B0%80%ED%83%9C%EC%96%91%EA%B4%91,https://www.solarlink.co.kr/?k=부산사하구-상가태양광,N
1134,부산,부산구군,부산 사하구,공장 태양광,부산 사하구 공장 태양광,부산사하구-공장태양광,https://www.solarlink.co.kr/?k=%EB%B6%80%EC%82%B0%EC%82%AC%ED%95%98%EA%B5%AC-%EA%B3%B5%EC%9E%A5%ED%83%9C%EC%96%91%EA%B4%91,https://www.solarlink.co.kr/?k=부산사하구-공장태양광,N
1135,부산,부산구군,부산 사하구,지붕 태양광 임대,부산 사하구 지붕 태양광 임대,부산사하구-지붕태양광임대,https://www.solarlink.co.kr/?k=%EB%B6%80%EC%82%B0%EC%82%AC%ED%95%98%EA%B5%AC-%EC%A7%80%EB%B6%95%ED%83%9C%EC%96%91%EA%B4%91%EC%9E%84%EB%8C%80,https://www.solarlink.co.kr/?k=부산사하구-지붕태양광임대,N
1136,부산,부산구군,부산 사하구,태양광 발전사업,부산 사하구 태양광 발전사업,부산사하구-태양광발전사업,https://www.solarlink.co.kr/?k=%EB%B6%80%EC%82%B0%EC%82%AC%ED%95%98%EA%B5%AC-%ED%83%9C%EC%96%91%EA%B4%91%EB%B0%9C%EC%A0%84%EC%82%AC%EC%97%85,https://www.solarlink.co.kr/?k=부산사하구-태양광발전사업,N
1137,부산,부산구군,부산 금정구,태양광 설치,부산 금정구 태양광 설치,부산금정구-태양광설치,https://www.solarlink.co.kr/?k=%EB%B6%80%EC%82%B0%EA%B8%88%EC%A0%95%EA%B5%AC-%ED%83%9C%EC%96%91%EA%B4%91%EC%84%A4%EC%B9%98,https://www.solarlink.co.kr/?k=부산금정구-태양광설치,N
1138,부산,부산구군,부산 금정구,태양광 업체,부산 금정구 태양광 업체,부산금정구-태양광업체,https://www.solarlink.co.kr/?k=%EB%B6%80%EC%82%B0%EA%B8%88%EC%A0%95%EA%B5%AC-%ED%83%9C%EC%96%91%EA%B4%91%EC%97%85%EC%B2%B4,https://www.solarlink.co.kr/?k=부산금정구-태양광업체,N
1139,부산,부산구군,부산 금정구,건물 태양광,부산 금정구 건물 태양광,부산금정구-건물태양광,https://www.solarlink.co.kr/?k=%EB%B6%80%EC%82%B0%EA%B8%88%EC%A0%95%EA%B5%AC-%EA%B1%B4%EB%AC%BC%ED%83%9C%EC%96%91%EA%B4%91,https://www.solarlink.co.kr/?k=부산금정구-건물태양광,N
1140,부산,부산구군,부산 금정구,옥상 태양광,부산 금정구 옥상 태양광,부산금정구-옥상태양광,https://www.solarlink.co.kr/?k=%EB%B6%80%EC%82%B0%EA%B8%88%EC%A0%95%EA%B5%AC-%EC%98%A5%EC%83%81%ED%83%9C%EC%96%91%EA%B4%91,https://www.solarlink.co.kr/?k=부산금정구-옥상태양광,N
1141,부산,부산구군,부산 금정구,상가 태양광,부산 금정구 상가 태양광,부산금정구-상가태양광,https://www.solarlink.co.kr/?k=%EB%B6%80%EC%82%B0%EA%B8%88%EC%A0%95%EA%B5%AC-%EC%83%81%EA%B0%80%ED%83%9C%EC%96%91%EA%B4%91,https://www.solarlink.co.kr/?k=부산금정구-상가태양광,N
1142,부산,부산구군,부산 금정구,공장 태양광,부산 금정구 공장 태양광,부산금정구-공장태양광,https://www.solarlink.co.kr/?k=%EB%B6%80%EC%82%B0%EA%B8%88%EC%A0%95%EA%B5%AC-%EA%B3%B5%EC%9E%A5%ED%83%9C%EC%96%91%EA%B4%91,https://www.solarlink.co.kr/?k=부산금정구-공장태양광,N
1143,부산,부산구군,부산 금정구,지붕 태양광 임대,부산 금정구 지붕 태양광 임대,부산금정구-지붕태양광임대,https://www.solarlink.co.kr/?k=%EB%B6%80%EC%82%B0%EA%B8%88%EC%A0%95%EA%B5%AC-%EC%A7%80%EB%B6%95%ED%83%9C%EC%96%91%EA%B4%91%EC%9E%84%EB%8C%80,https://www.solarlink.co.kr/?k=부산금정구-지붕태양광임대,N
1144,부산,부산구군,부산 금정구,태양광 발전사업,부산 금정구 태양광 발전사업,부산금정구-태양광발전사업,https://www.solarlink.co.kr/?k=%EB%B6%80%EC%82%B0%EA%B8%88%EC%A0%95%EA%B5%AC-%ED%83%9C%EC%96%91%EA%B4%91%EB%B0%9C%EC%A0%84%EC%82%AC%EC%97%85,https://www.solarlink.co.kr/?k=부산금정구-태양광발전사업,N
1145,부산,부산구군,부산 강서구,태양광 설치,부산 강서구 태양광 설치,부산강서구-태양광설치,https://www.solarlink.co.kr/?k=%EB%B6%80%EC%82%B0%EA%B0%95%EC%84%9C%EA%B5%AC-%ED%83%9C%EC%96%91%EA%B4%91%EC%84%A4%EC%B9%98,https://www.solarlink.co.kr/?k=부산강서구-태양광설치,N
1146,부산,부산구군,부산 강서구,태양광 업체,부산 강서구 태양광 업체,부산강서구-태양광업체,https://www.solarlink.co.kr/?k=%EB%B6%80%EC%82%B0%EA%B0%95%EC%84%9C%EA%B5%AC-%ED%83%9C%EC%96%91%EA%B4%91%EC%97%85%EC%B2%B4,https://www.solarlink.co.kr/?k=부산강서구-태양광업체,N
1147,부산,부산구군,부산 강서구,건물 태양광,부산 강서구 건물 태양광,부산강서구-건물태양광,https://www.solarlink.co.kr/?k=%EB%B6%80%EC%82%B0%EA%B0%95%EC%84%9C%EA%B5%AC-%EA%B1%B4%EB%AC%BC%ED%83%9C%EC%96%91%EA%B4%91,https://www.solarlink.co.kr/?k=부산강서구-건물태양광,N
1148,부산,부산구군,부산 강서구,옥상 태양광,부산 강서구 옥상 태양광,부산강서구-옥상태양광,https://www.solarlink.co.kr/?k=%EB%B6%80%EC%82%B0%EA%B0%95%EC%84%9C%EA%B5%AC-%EC%98%A5%EC%83%81%ED%83%9C%EC%96%91%EA%B4%91,https://www.solarlink.co.kr/?k=부산강서구-옥상태양광,N
1149,부산,부산구군,부산 강서구,상가 태양광,부산 강서구 상가 태양광,부산강서구-상가태양광,https://www.solarlink.co.kr/?k=%EB%B6%80%EC%82%B0%EA%B0%95%EC%84%9C%EA%B5%AC-%EC%83%81%EA%B0%80%ED%83%9C%EC%96%91%EA%B4%91,https://www.solarlink.co.kr/?k=부산강서구-상가태양광,N
1150,부산,부산구군,부산 강서구,공장 태양광,부산 강서구 공장 태양광,부산강서구-공장태양광,https://www.solarlink.co.kr/?k=%EB%B6%80%EC%82%B0%EA%B0%95%EC%84%9C%EA%B5%AC-%EA%B3%B5%EC%9E%A5%ED%83%9C%EC%96%91%EA%B4%91,https://www.solarlink.co.kr/?k=부산강서구-공장태양광,N
1151,부산,부산구군,부산 강서구,지붕 태양광 임대,부산 강서구 지붕 태양광 임대,부산강서구-지붕태양광임대,https://www.solarlink.co.kr/?k=%EB%B6%80%EC%82%B0%EA%B0%95%EC%84%9C%EA%B5%AC-%EC%A7%80%EB%B6%95%ED%83%9C%EC%96%91%EA%B4%91%EC%9E%84%EB%8C%80,https://www.solarlink.co.kr/?k=부산강서구-지붕태양광임대,N
1152,부산,부산구군,부산 강서구,태양광 발전사업,부산 강서구 태양광 발전사업,부산강서구-태양광발전사업,https://www.solarlink.co.kr/?k=%EB%B6%80%EC%82%B0%EA%B0%95%EC%84%9C%EA%B5%AC-%ED%83%9C%EC%96%91%EA%B4%91%EB%B0%9C%EC%A0%84%EC%82%AC%EC%97%85,https://www.solarlink.co.kr/?k=부산강서구-태양광발전사업,N
1153,부산,부산구군,부산 연제구,태양광 설치,부산 연제구 태양광 설치,부산연제구-태양광설치,https://www.solarlink.co.kr/?k=%EB%B6%80%EC%82%B0%EC%97%B0%EC%A0%9C%EA%B5%AC-%ED%83%9C%EC%96%91%EA%B4%91%EC%84%A4%EC%B9%98,https://www.solarlink.co.kr/?k=부산연제구-태양광설치,N
1154,부산,부산구군,부산 연제구,태양광 업체,부산 연제구 태양광 업체,부산연제구-태양광업체,https://www.solarlink.co.kr/?k=%EB%B6%80%EC%82%B0%EC%97%B0%EC%A0%9C%EA%B5%AC-%ED%83%9C%EC%96%91%EA%B4%91%EC%97%85%EC%B2%B4,https://www.solarlink.co.kr/?k=부산연제구-태양광업체,N
1155,부산,부산구군,부산 연제구,건물 태양광,부산 연제구 건물 태양광,부산연제구-건물태양광,https://www.solarlink.co.kr/?k=%EB%B6%80%EC%82%B0%EC%97%B0%EC%A0%9C%EA%B5%AC-%EA%B1%B4%EB%AC%BC%ED%83%9C%EC%96%91%EA%B4%91,https://www.solarlink.co.kr/?k=부산연제구-건물태양광,N
1156,부산,부산구군,부산 연제구,옥상 태양광,부산 연제구 옥상 태양광,부산연제구-옥상태양광,https://www.solarlink.co.kr/?k=%EB%B6%80%EC%82%B0%EC%97%B0%EC%A0%9C%EA%B5%AC-%EC%98%A5%EC%83%81%ED%83%9C%EC%96%91%EA%B4%91,https://www.solarlink.co.kr/?k=부산연제구-옥상태양광,N
1157,부산,부산구군,부산 연제구,상가 태양광,부산 연제구 상가 태양광,부산연제구-상가태양광,https://www.solarlink.co.kr/?k=%EB%B6%80%EC%82%B0%EC%97%B0%EC%A0%9C%EA%B5%AC-%EC%83%81%EA%B0%80%ED%83%9C%EC%96%91%EA%B4%91,https://www.solarlink.co.kr/?k=부산연제구-상가태양광,N
1158,부산,부산구군,부산 연제구,공장 태양광,부산 연제구 공장 태양광,부산연제구-공장태양광,https://www.solarlink.co.kr/?k=%EB%B6%80%EC%82%B0%EC%97%B0%EC%A0%9C%EA%B5%AC-%EA%B3%B5%EC%9E%A5%ED%83%9C%EC%96%91%EA%B4%91,https://www.solarlink.co.kr/?k=부산연제구-공장태양광,N
1159,부산,부산구군,부산 연제구,지붕 태양광 임대,부산 연제구 지붕 태양광 임대,부산연제구-지붕태양광임대,https://www.solarlink.co.kr/?k=%EB%B6%80%EC%82%B0%EC%97%B0%EC%A0%9C%EA%B5%AC-%EC%A7%80%EB%B6%95%ED%83%9C%EC%96%91%EA%B4%91%EC%9E%84%EB%8C%80,https://www.solarlink.co.kr/?k=부산연제구-지붕태양광임대,N
1160,부산,부산구군,부산 연제구,태양광 발전사업,부산 연제구 태양광 발전사업,부산연제구-태양광발전사업,https://www.solarlink.co.kr/?k=%EB%B6%80%EC%82%B0%EC%97%B0%EC%A0%9C%EA%B5%AC-%ED%83%9C%EC%96%91%EA%B4%91%EB%B0%9C%EC%A0%84%EC%82%AC%EC%97%85,https://www.solarlink.co.kr/?k=부산연제구-태양광발전사업,N
1161,부산,부산구군,부산 수영구,태양광 설치,부산 수영구 태양광 설치,부산수영구-태양광설치,https://www.solarlink.co.kr/?k=%EB%B6%80%EC%82%B0%EC%88%98%EC%98%81%EA%B5%AC-%ED%83%9C%EC%96%91%EA%B4%91%EC%84%A4%EC%B9%98,https://www.solarlink.co.kr/?k=부산수영구-태양광설치,N
1162,부산,부산구군,부산 수영구,태양광 업체,부산 수영구 태양광 업체,부산수영구-태양광업체,https://www.solarlink.co.kr/?k=%EB%B6%80%EC%82%B0%EC%88%98%EC%98%81%EA%B5%AC-%ED%83%9C%EC%96%91%EA%B4%91%EC%97%85%EC%B2%B4,https://www.solarlink.co.kr/?k=부산수영구-태양광업체,N
1163,부산,부산구군,부산 수영구,건물 태양광,부산 수영구 건물 태양광,부산수영구-건물태양광,https://www.solarlink.co.kr/?k=%EB%B6%80%EC%82%B0%EC%88%98%EC%98%81%EA%B5%AC-%EA%B1%B4%EB%AC%BC%ED%83%9C%EC%96%91%EA%B4%91,https://www.solarlink.co.kr/?k=부산수영구-건물태양광,N
1164,부산,부산구군,부산 수영구,옥상 태양광,부산 수영구 옥상 태양광,부산수영구-옥상태양광,https://www.solarlink.co.kr/?k=%EB%B6%80%EC%82%B0%EC%88%98%EC%98%81%EA%B5%AC-%EC%98%A5%EC%83%81%ED%83%9C%EC%96%91%EA%B4%91,https://www.solarlink.co.kr/?k=부산수영구-옥상태양광,N
1165,부산,부산구군,부산 수영구,상가 태양광,부산 수영구 상가 태양광,부산수영구-상가태양광,https://www.solarlink.co.kr/?k=%EB%B6%80%EC%82%B0%EC%88%98%EC%98%81%EA%B5%AC-%EC%83%81%EA%B0%80%ED%83%9C%EC%96%91%EA%B4%91,https://www.solarlink.co.kr/?k=부산수영구-상가태양광,N
1166,부산,부산구군,부산 수영구,공장 태양광,부산 수영구 공장 태양광,부산수영구-공장태양광,https://www.solarlink.co.kr/?k=%EB%B6%80%EC%82%B0%EC%88%98%EC%98%81%EA%B5%AC-%EA%B3%B5%EC%9E%A5%ED%83%9C%EC%96%91%EA%B4%91,https://www.solarlink.co.kr/?k=부산수영구-공장태양광,N
1167,부산,부산구군,부산 수영구,지붕 태양광 임대,부산 수영구 지붕 태양광 임대,부산수영구-지붕태양광임대,https://www.solarlink.co.kr/?k=%EB%B6%80%EC%82%B0%EC%88%98%EC%98%81%EA%B5%AC-%EC%A7%80%EB%B6%95%ED%83%9C%EC%96%91%EA%B4%91%EC%9E%84%EB%8C%80,https://www.solarlink.co.kr/?k=부산수영구-지붕태양광임대,N
1168,부산,부산구군,부산 수영구,태양광 발전사업,부산 수영구 태양광 발전사업,부산수영구-태양광발전사업,https://www.solarlink.co.kr/?k=%EB%B6%80%EC%82%B0%EC%88%98%EC%98%81%EA%B5%AC-%ED%83%9C%EC%96%91%EA%B4%91%EB%B0%9C%EC%A0%84%EC%82%AC%EC%97%85,https://www.solarlink.co.kr/?k=부산수영구-태양광발전사업,N
1169,부산,부산구군,부산 사상구,태양광 설치,부산 사상구 태양광 설치,부산사상구-태양광설치,https://www.solarlink.co.kr/?k=%EB%B6%80%EC%82%B0%EC%82%AC%EC%83%81%EA%B5%AC-%ED%83%9C%EC%96%91%EA%B4%91%EC%84%A4%EC%B9%98,https://www.solarlink.co.kr/?k=부산사상구-태양광설치,N
1170,부산,부산구군,부산 사상구,태양광 업체,부산 사상구 태양광 업체,부산사상구-태양광업체,https://www.solarlink.co.kr/?k=%EB%B6%80%EC%82%B0%EC%82%AC%EC%83%81%EA%B5%AC-%ED%83%9C%EC%96%91%EA%B4%91%EC%97%85%EC%B2%B4,https://www.solarlink.co.kr/?k=부산사상구-태양광업체,N
1171,부산,부산구군,부산 사상구,건물 태양광,부산 사상구 건물 태양광,부산사상구-건물태양광,https://www.solarlink.co.kr/?k=%EB%B6%80%EC%82%B0%EC%82%AC%EC%83%81%EA%B5%AC-%EA%B1%B4%EB%AC%BC%ED%83%9C%EC%96%91%EA%B4%91,https://www.solarlink.co.kr/?k=부산사상구-건물태양광,N
1172,부산,부산구군,부산 사상구,옥상 태양광,부산 사상구 옥상 태양광,부산사상구-옥상태양광,https://www.solarlink.co.kr/?k=%EB%B6%80%EC%82%B0%EC%82%AC%EC%83%81%EA%B5%AC-%EC%98%A5%EC%83%81%ED%83%9C%EC%96%91%EA%B4%91,https://www.solarlink.co.kr/?k=부산사상구-옥상태양광,N
1173,부산,부산구군,부산 사상구,상가 태양광,부산 사상구 상가 태양광,부산사상구-상가태양광,https://www.solarlink.co.kr/?k=%EB%B6%80%EC%82%B0%EC%82%AC%EC%83%81%EA%B5%AC-%EC%83%81%EA%B0%80%ED%83%9C%EC%96%91%EA%B4%91,https://www.solarlink.co.kr/?k=부산사상구-상가태양광,N
1174,부산,부산구군,부산 사상구,공장 태양광,부산 사상구 공장 태양광,부산사상구-공장태양광,https://www.solarlink.co.kr/?k=%EB%B6%80%EC%82%B0%EC%82%AC%EC%83%81%EA%B5%AC-%EA%B3%B5%EC%9E%A5%ED%83%9C%EC%96%91%EA%B4%91,https://www.solarlink.co.kr/?k=부산사상구-공장태양광,N
1175,부산,부산구군,부산 사상구,지붕 태양광 임대,부산 사상구 지붕 태양광 임대,부산사상구-지붕태양광임대,https://www.solarlink.co.kr/?k=%EB%B6%80%EC%82%B0%EC%82%AC%EC%83%81%EA%B5%AC-%EC%A7%80%EB%B6%95%ED%83%9C%EC%96%91%EA%B4%91%EC%9E%84%EB%8C%80,https://www.solarlink.co.kr/?k=부산사상구-지붕태양광임대,N
1176,부산,부산구군,부산 사상구,태양광 발전사업,부산 사상구 태양광 발전사업,부산사상구-태양광발전사업,https://www.solarlink.co.kr/?k=%EB%B6%80%EC%82%B0%EC%82%AC%EC%83%81%EA%B5%AC-%ED%83%9C%EC%96%91%EA%B4%91%EB%B0%9C%EC%A0%84%EC%82%AC%EC%97%85,https://www.solarlink.co.kr/?k=부산사상구-태양광발전사업,N
1177,부산,부산구군,부산 기장군,태양광 설치,부산 기장군 태양광 설치,부산기장군-태양광설치,https://www.solarlink.co.kr/?k=%EB%B6%80%EC%82%B0%EA%B8%B0%EC%9E%A5%EA%B5%B0-%ED%83%9C%EC%96%91%EA%B4%91%EC%84%A4%EC%B9%98,https://www.solarlink.co.kr/?k=부산기장군-태양광설치,N
1178,부산,부산구군,부산 기장군,태양광 업체,부산 기장군 태양광 업체,부산기장군-태양광업체,https://www.solarlink.co.kr/?k=%EB%B6%80%EC%82%B0%EA%B8%B0%EC%9E%A5%EA%B5%B0-%ED%83%9C%EC%96%91%EA%B4%91%EC%97%85%EC%B2%B4,https://www.solarlink.co.kr/?k=부산기장군-태양광업체,N
1179,부산,부산구군,부산 기장군,건물 태양광,부산 기장군 건물 태양광,부산기장군-건물태양광,https://www.solarlink.co.kr/?k=%EB%B6%80%EC%82%B0%EA%B8%B0%EC%9E%A5%EA%B5%B0-%EA%B1%B4%EB%AC%BC%ED%83%9C%EC%96%91%EA%B4%91,https://www.solarlink.co.kr/?k=부산기장군-건물태양광,N
1180,부산,부산구군,부산 기장군,옥상 태양광,부산 기장군 옥상 태양광,부산기장군-옥상태양광,https://www.solarlink.co.kr/?k=%EB%B6%80%EC%82%B0%EA%B8%B0%EC%9E%A5%EA%B5%B0-%EC%98%A5%EC%83%81%ED%83%9C%EC%96%91%EA%B4%91,https://www.solarlink.co.kr/?k=부산기장군-옥상태양광,N
1181,부산,부산구군,부산 기장군,상가 태양광,부산 기장군 상가 태양광,부산기장군-상가태양광,https://www.solarlink.co.kr/?k=%EB%B6%80%EC%82%B0%EA%B8%B0%EC%9E%A5%EA%B5%B0-%EC%83%81%EA%B0%80%ED%83%9C%EC%96%91%EA%B4%91,https://www.solarlink.co.kr/?k=부산기장군-상가태양광,N
1182,부산,부산구군,부산 기장군,공장 태양광,부산 기장군 공장 태양광,부산기장군-공장태양광,https://www.solarlink.co.kr/?k=%EB%B6%80%EC%82%B0%EA%B8%B0%EC%9E%A5%EA%B5%B0-%EA%B3%B5%EC%9E%A5%ED%83%9C%EC%96%91%EA%B4%91,https://www.solarlink.co.kr/?k=부산기장군-공장태양광,N
1183,부산,부산구군,부산 기장군,지붕 태양광 임대,부산 기장군 지붕 태양광 임대,부산기장군-지붕태양광임대,https://www.solarlink.co.kr/?k=%EB%B6%80%EC%82%B0%EA%B8%B0%EC%9E%A5%EA%B5%B0-%EC%A7%80%EB%B6%95%ED%83%9C%EC%96%91%EA%B4%91%EC%9E%84%EB%8C%80,https://www.solarlink.co.kr/?k=부산기장군-지붕태양광임대,N
1184,부산,부산구군,부산 기장군,태양광 발전사업,부산 기장군 태양광 발전사업,부산기장군-태양광발전사업,https://www.solarlink.co.kr/?k=%EB%B6%80%EC%82%B0%EA%B8%B0%EC%9E%A5%EA%B5%B0-%ED%83%9C%EC%96%91%EA%B4%91%EB%B0%9C%EC%A0%84%EC%82%AC%EC%97%85,https://www.solarlink.co.kr/?k=부산기장군-태양광발전사업,N
1185,대구,대구구군,대구 중구,태양광 설치,대구 중구 태양광 설치,대구중구-태양광설치,https://www.solarlink.co.kr/?k=%EB%8C%80%EA%B5%AC%EC%A4%91%EA%B5%AC-%ED%83%9C%EC%96%91%EA%B4%91%EC%84%A4%EC%B9%98,https://www.solarlink.co.kr/?k=대구중구-태양광설치,N
1186,대구,대구구군,대구 중구,태양광 업체,대구 중구 태양광 업체,대구중구-태양광업체,https://www.solarlink.co.kr/?k=%EB%8C%80%EA%B5%AC%EC%A4%91%EA%B5%AC-%ED%83%9C%EC%96%91%EA%B4%91%EC%97%85%EC%B2%B4,https://www.solarlink.co.kr/?k=대구중구-태양광업체,N
1187,대구,대구구군,대구 중구,건물 태양광,대구 중구 건물 태양광,대구중구-건물태양광,https://www.solarlink.co.kr/?k=%EB%8C%80%EA%B5%AC%EC%A4%91%EA%B5%AC-%EA%B1%B4%EB%AC%BC%ED%83%9C%EC%96%91%EA%B4%91,https://www.solarlink.co.kr/?k=대구중구-건물태양광,N
1188,대구,대구구군,대구 중구,옥상 태양광,대구 중구 옥상 태양광,대구중구-옥상태양광,https://www.solarlink.co.kr/?k=%EB%8C%80%EA%B5%AC%EC%A4%91%EA%B5%AC-%EC%98%A5%EC%83%81%ED%83%9C%EC%96%91%EA%B4%91,https://www.solarlink.co.kr/?k=대구중구-옥상태양광,N
1189,대구,대구구군,대구 중구,상가 태양광,대구 중구 상가 태양광,대구중구-상가태양광,https://www.solarlink.co.kr/?k=%EB%8C%80%EA%B5%AC%EC%A4%91%EA%B5%AC-%EC%83%81%EA%B0%80%ED%83%9C%EC%96%91%EA%B4%91,https://www.solarlink.co.kr/?k=대구중구-상가태양광,N
1190,대구,대구구군,대구 중구,공장 태양광,대구 중구 공장 태양광,대구중구-공장태양광,https://www.solarlink.co.kr/?k=%EB%8C%80%EA%B5%AC%EC%A4%91%EA%B5%AC-%EA%B3%B5%EC%9E%A5%ED%83%9C%EC%96%91%EA%B4%91,https://www.solarlink.co.kr/?k=대구중구-공장태양광,N
1191,대구,대구구군,대구 중구,지붕 태양광 임대,대구 중구 지붕 태양광 임대,대구중구-지붕태양광임대,https://www.solarlink.co.kr/?k=%EB%8C%80%EA%B5%AC%EC%A4%91%EA%B5%AC-%EC%A7%80%EB%B6%95%ED%83%9C%EC%96%91%EA%B4%91%EC%9E%84%EB%8C%80,https://www.solarlink.co.kr/?k=대구중구-지붕태양광임대,N
1192,대구,대구구군,대구 중구,태양광 발전사업,대구 중구 태양광 발전사업,대구중구-태양광발전사업,https://www.solarlink.co.kr/?k=%EB%8C%80%EA%B5%AC%EC%A4%91%EA%B5%AC-%ED%83%9C%EC%96%91%EA%B4%91%EB%B0%9C%EC%A0%84%EC%82%AC%EC%97%85,https://www.solarlink.co.kr/?k=대구중구-태양광발전사업,N
1193,대구,대구구군,대구 동구,태양광 설치,대구 동구 태양광 설치,대구동구-태양광설치,https://www.solarlink.co.kr/?k=%EB%8C%80%EA%B5%AC%EB%8F%99%EA%B5%AC-%ED%83%9C%EC%96%91%EA%B4%91%EC%84%A4%EC%B9%98,https://www.solarlink.co.kr/?k=대구동구-태양광설치,N
1194,대구,대구구군,대구 동구,태양광 업체,대구 동구 태양광 업체,대구동구-태양광업체,https://www.solarlink.co.kr/?k=%EB%8C%80%EA%B5%AC%EB%8F%99%EA%B5%AC-%ED%83%9C%EC%96%91%EA%B4%91%EC%97%85%EC%B2%B4,https://www.solarlink.co.kr/?k=대구동구-태양광업체,N
1195,대구,대구구군,대구 동구,건물 태양광,대구 동구 건물 태양광,대구동구-건물태양광,https://www.solarlink.co.kr/?k=%EB%8C%80%EA%B5%AC%EB%8F%99%EA%B5%AC-%EA%B1%B4%EB%AC%BC%ED%83%9C%EC%96%91%EA%B4%91,https://www.solarlink.co.kr/?k=대구동구-건물태양광,N
1196,대구,대구구군,대구 동구,옥상 태양광,대구 동구 옥상 태양광,대구동구-옥상태양광,https://www.solarlink.co.kr/?k=%EB%8C%80%EA%B5%AC%EB%8F%99%EA%B5%AC-%EC%98%A5%EC%83%81%ED%83%9C%EC%96%91%EA%B4%91,https://www.solarlink.co.kr/?k=대구동구-옥상태양광,N
1197,대구,대구구군,대구 동구,상가 태양광,대구 동구 상가 태양광,대구동구-상가태양광,https://www.solarlink.co.kr/?k=%EB%8C%80%EA%B5%AC%EB%8F%99%EA%B5%AC-%EC%83%81%EA%B0%80%ED%83%9C%EC%96%91%EA%B4%91,https://www.solarlink.co.kr/?k=대구동구-상가태양광,N
1198,대구,대구구군,대구 동구,공장 태양광,대구 동구 공장 태양광,대구동구-공장태양광,https://www.solarlink.co.kr/?k=%EB%8C%80%EA%B5%AC%EB%8F%99%EA%B5%AC-%EA%B3%B5%EC%9E%A5%ED%83%9C%EC%96%91%EA%B4%91,https://www.solarlink.co.kr/?k=대구동구-공장태양광,N
1199,대구,대구구군,대구 동구,지붕 태양광 임대,대구 동구 지붕 태양광 임대,대구동구-지붕태양광임대,https://www.solarlink.co.kr/?k=%EB%8C%80%EA%B5%AC%EB%8F%99%EA%B5%AC-%EC%A7%80%EB%B6%95%ED%83%9C%EC%96%91%EA%B4%91%EC%9E%84%EB%8C%80,https://www.solarlink.co.kr/?k=대구동구-지붕태양광임대,N
1200,대구,대구구군,대구 동구,태양광 발전사업,대구 동구 태양광 발전사업,대구동구-태양광발전사업,https://www.solarlink.co.kr/?k=%EB%8C%80%EA%B5%AC%EB%8F%99%EA%B5%AC-%ED%83%9C%EC%96%91%EA%B4%91%EB%B0%9C%EC%A0%84%EC%82%AC%EC%97%85,https://www.solarlink.co.kr/?k=대구동구-태양광발전사업,N
1201,대구,대구구군,대구 서구,태양광 설치,대구 서구 태양광 설치,대구서구-태양광설치,https://www.solarlink.co.kr/?k=%EB%8C%80%EA%B5%AC%EC%84%9C%EA%B5%AC-%ED%83%9C%EC%96%91%EA%B4%91%EC%84%A4%EC%B9%98,https://www.solarlink.co.kr/?k=대구서구-태양광설치,N
1202,대구,대구구군,대구 서구,태양광 업체,대구 서구 태양광 업체,대구서구-태양광업체,https://www.solarlink.co.kr/?k=%EB%8C%80%EA%B5%AC%EC%84%9C%EA%B5%AC-%ED%83%9C%EC%96%91%EA%B4%91%EC%97%85%EC%B2%B4,https://www.solarlink.co.kr/?k=대구서구-태양광업체,N
1203,대구,대구구군,대구 서구,건물 태양광,대구 서구 건물 태양광,대구서구-건물태양광,https://www.solarlink.co.kr/?k=%EB%8C%80%EA%B5%AC%EC%84%9C%EA%B5%AC-%EA%B1%B4%EB%AC%BC%ED%83%9C%EC%96%91%EA%B4%91,https://www.solarlink.co.kr/?k=대구서구-건물태양광,N
1204,대구,대구구군,대구 서구,옥상 태양광,대구 서구 옥상 태양광,대구서구-옥상태양광,https://www.solarlink.co.kr/?k=%EB%8C%80%EA%B5%AC%EC%84%9C%EA%B5%AC-%EC%98%A5%EC%83%81%ED%83%9C%EC%96%91%EA%B4%91,https://www.solarlink.co.kr/?k=대구서구-옥상태양광,N
1205,대구,대구구군,대구 서구,상가 태양광,대구 서구 상가 태양광,대구서구-상가태양광,https://www.solarlink.co.kr/?k=%EB%8C%80%EA%B5%AC%EC%84%9C%EA%B5%AC-%EC%83%81%EA%B0%80%ED%83%9C%EC%96%91%EA%B4%91,https://www.solarlink.co.kr/?k=대구서구-상가태양광,N
1206,대구,대구구군,대구 서구,공장 태양광,대구 서구 공장 태양광,대구서구-공장태양광,https://www.solarlink.co.kr/?k=%EB%8C%80%EA%B5%AC%EC%84%9C%EA%B5%AC-%EA%B3%B5%EC%9E%A5%ED%83%9C%EC%96%91%EA%B4%91,https://www.solarlink.co.kr/?k=대구서구-공장태양광,N
1207,대구,대구구군,대구 서구,지붕 태양광 임대,대구 서구 지붕 태양광 임대,대구서구-지붕태양광임대,https://www.solarlink.co.kr/?k=%EB%8C%80%EA%B5%AC%EC%84%9C%EA%B5%AC-%EC%A7%80%EB%B6%95%ED%83%9C%EC%96%91%EA%B4%91%EC%9E%84%EB%8C%80,https://www.solarlink.co.kr/?k=대구서구-지붕태양광임대,N
1208,대구,대구구군,대구 서구,태양광 발전사업,대구 서구 태양광 발전사업,대구서구-태양광발전사업,https://www.solarlink.co.kr/?k=%EB%8C%80%EA%B5%AC%EC%84%9C%EA%B5%AC-%ED%83%9C%EC%96%91%EA%B4%91%EB%B0%9C%EC%A0%84%EC%82%AC%EC%97%85,https://www.solarlink.co.kr/?k=대구서구-태양광발전사업,N
1209,대구,대구구군,대구 남구,태양광 설치,대구 남구 태양광 설치,대구남구-태양광설치,https://www.solarlink.co.kr/?k=%EB%8C%80%EA%B5%AC%EB%82%A8%EA%B5%AC-%ED%83%9C%EC%96%91%EA%B4%91%EC%84%A4%EC%B9%98,https://www.solarlink.co.kr/?k=대구남구-태양광설치,N
1210,대구,대구구군,대구 남구,태양광 업체,대구 남구 태양광 업체,대구남구-태양광업체,https://www.solarlink.co.kr/?k=%EB%8C%80%EA%B5%AC%EB%82%A8%EA%B5%AC-%ED%83%9C%EC%96%91%EA%B4%91%EC%97%85%EC%B2%B4,https://www.solarlink.co.kr/?k=대구남구-태양광업체,N
1211,대구,대구구군,대구 남구,건물 태양광,대구 남구 건물 태양광,대구남구-건물태양광,https://www.solarlink.co.kr/?k=%EB%8C%80%EA%B5%AC%EB%82%A8%EA%B5%AC-%EA%B1%B4%EB%AC%BC%ED%83%9C%EC%96%91%EA%B4%91,https://www.solarlink.co.kr/?k=대구남구-건물태양광,N
1212,대구,대구구군,대구 남구,옥상 태양광,대구 남구 옥상 태양광,대구남구-옥상태양광,https://www.solarlink.co.kr/?k=%EB%8C%80%EA%B5%AC%EB%82%A8%EA%B5%AC-%EC%98%A5%EC%83%81%ED%83%9C%EC%96%91%EA%B4%91,https://www.solarlink.co.kr/?k=대구남구-옥상태양광,N
1213,대구,대구구군,대구 남구,상가 태양광,대구 남구 상가 태양광,대구남구-상가태양광,https://www.solarlink.co.kr/?k=%EB%8C%80%EA%B5%AC%EB%82%A8%EA%B5%AC-%EC%83%81%EA%B0%80%ED%83%9C%EC%96%91%EA%B4%91,https://www.solarlink.co.kr/?k=대구남구-상가태양광,N
1214,대구,대구구군,대구 남구,공장 태양광,대구 남구 공장 태양광,대구남구-공장태양광,https://www.solarlink.co.kr/?k=%EB%8C%80%EA%B5%AC%EB%82%A8%EA%B5%AC-%EA%B3%B5%EC%9E%A5%ED%83%9C%EC%96%91%EA%B4%91,https://www.solarlink.co.kr/?k=대구남구-공장태양광,N
1215,대구,대구구군,대구 남구,지붕 태양광 임대,대구 남구 지붕 태양광 임대,대구남구-지붕태양광임대,https://www.solarlink.co.kr/?k=%EB%8C%80%EA%B5%AC%EB%82%A8%EA%B5%AC-%EC%A7%80%EB%B6%95%ED%83%9C%EC%96%91%EA%B4%91%EC%9E%84%EB%8C%80,https://www.solarlink.co.kr/?k=대구남구-지붕태양광임대,N
1216,대구,대구구군,대구 남구,태양광 발전사업,대구 남구 태양광 발전사업,대구남구-태양광발전사업,https://www.solarlink.co.kr/?k=%EB%8C%80%EA%B5%AC%EB%82%A8%EA%B5%AC-%ED%83%9C%EC%96%91%EA%B4%91%EB%B0%9C%EC%A0%84%EC%82%AC%EC%97%85,https://www.solarlink.co.kr/?k=대구남구-태양광발전사업,N
1217,대구,대구구군,대구 북구,태양광 설치,대구 북구 태양광 설치,대구북구-태양광설치,https://www.solarlink.co.kr/?k=%EB%8C%80%EA%B5%AC%EB%B6%81%EA%B5%AC-%ED%83%9C%EC%96%91%EA%B4%91%EC%84%A4%EC%B9%98,https://www.solarlink.co.kr/?k=대구북구-태양광설치,N
1218,대구,대구구군,대구 북구,태양광 업체,대구 북구 태양광 업체,대구북구-태양광업체,https://www.solarlink.co.kr/?k=%EB%8C%80%EA%B5%AC%EB%B6%81%EA%B5%AC-%ED%83%9C%EC%96%91%EA%B4%91%EC%97%85%EC%B2%B4,https://www.solarlink.co.kr/?k=대구북구-태양광업체,N
1219,대구,대구구군,대구 북구,건물 태양광,대구 북구 건물 태양광,대구북구-건물태양광,https://www.solarlink.co.kr/?k=%EB%8C%80%EA%B5%AC%EB%B6%81%EA%B5%AC-%EA%B1%B4%EB%AC%BC%ED%83%9C%EC%96%91%EA%B4%91,https://www.solarlink.co.kr/?k=대구북구-건물태양광,N
1220,대구,대구구군,대구 북구,옥상 태양광,대구 북구 옥상 태양광,대구북구-옥상태양광,https://www.solarlink.co.kr/?k=%EB%8C%80%EA%B5%AC%EB%B6%81%EA%B5%AC-%EC%98%A5%EC%83%81%ED%83%9C%EC%96%91%EA%B4%91,https://www.solarlink.co.kr/?k=대구북구-옥상태양광,N
1221,대구,대구구군,대구 북구,상가 태양광,대구 북구 상가 태양광,대구북구-상가태양광,https://www.solarlink.co.kr/?k=%EB%8C%80%EA%B5%AC%EB%B6%81%EA%B5%AC-%EC%83%81%EA%B0%80%ED%83%9C%EC%96%91%EA%B4%91,https://www.solarlink.co.kr/?k=대구북구-상가태양광,N
1222,대구,대구구군,대구 북구,공장 태양광,대구 북구 공장 태양광,대구북구-공장태양광,https://www.solarlink.co.kr/?k=%EB%8C%80%EA%B5%AC%EB%B6%81%EA%B5%AC-%EA%B3%B5%EC%9E%A5%ED%83%9C%EC%96%91%EA%B4%91,https://www.solarlink.co.kr/?k=대구북구-공장태양광,N
1223,대구,대구구군,대구 북구,지붕 태양광 임대,대구 북구 지붕 태양광 임대,대구북구-지붕태양광임대,https://www.solarlink.co.kr/?k=%EB%8C%80%EA%B5%AC%EB%B6%81%EA%B5%AC-%EC%A7%80%EB%B6%95%ED%83%9C%EC%96%91%EA%B4%91%EC%9E%84%EB%8C%80,https://www.solarlink.co.kr/?k=대구북구-지붕태양광임대,N
1224,대구,대구구군,대구 북구,태양광 발전사업,대구 북구 태양광 발전사업,대구북구-태양광발전사업,https://www.solarlink.co.kr/?k=%EB%8C%80%EA%B5%AC%EB%B6%81%EA%B5%AC-%ED%83%9C%EC%96%91%EA%B4%91%EB%B0%9C%EC%A0%84%EC%82%AC%EC%97%85,https://www.solarlink.co.kr/?k=대구북구-태양광발전사업,N
1225,대구,대구구군,대구 수성구,태양광 설치,대구 수성구 태양광 설치,대구수성구-태양광설치,https://www.solarlink.co.kr/?k=%EB%8C%80%EA%B5%AC%EC%88%98%EC%84%B1%EA%B5%AC-%ED%83%9C%EC%96%91%EA%B4%91%EC%84%A4%EC%B9%98,https://www.solarlink.co.kr/?k=대구수성구-태양광설치,N
1226,대구,대구구군,대구 수성구,태양광 업체,대구 수성구 태양광 업체,대구수성구-태양광업체,https://www.solarlink.co.kr/?k=%EB%8C%80%EA%B5%AC%EC%88%98%EC%84%B1%EA%B5%AC-%ED%83%9C%EC%96%91%EA%B4%91%EC%97%85%EC%B2%B4,https://www.solarlink.co.kr/?k=대구수성구-태양광업체,N
1227,대구,대구구군,대구 수성구,건물 태양광,대구 수성구 건물 태양광,대구수성구-건물태양광,https://www.solarlink.co.kr/?k=%EB%8C%80%EA%B5%AC%EC%88%98%EC%84%B1%EA%B5%AC-%EA%B1%B4%EB%AC%BC%ED%83%9C%EC%96%91%EA%B4%91,https://www.solarlink.co.kr/?k=대구수성구-건물태양광,N
1228,대구,대구구군,대구 수성구,옥상 태양광,대구 수성구 옥상 태양광,대구수성구-옥상태양광,https://www.solarlink.co.kr/?k=%EB%8C%80%EA%B5%AC%EC%88%98%EC%84%B1%EA%B5%AC-%EC%98%A5%EC%83%81%ED%83%9C%EC%96%91%EA%B4%91,https://www.solarlink.co.kr/?k=대구수성구-옥상태양광,N
1229,대구,대구구군,대구 수성구,상가 태양광,대구 수성구 상가 태양광,대구수성구-상가태양광,https://www.solarlink.co.kr/?k=%EB%8C%80%EA%B5%AC%EC%88%98%EC%84%B1%EA%B5%AC-%EC%83%81%EA%B0%80%ED%83%9C%EC%96%91%EA%B4%91,https://www.solarlink.co.kr/?k=대구수성구-상가태양광,N
1230,대구,대구구군,대구 수성구,공장 태양광,대구 수성구 공장 태양광,대구수성구-공장태양광,https://www.solarlink.co.kr/?k=%EB%8C%80%EA%B5%AC%EC%88%98%EC%84%B1%EA%B5%AC-%EA%B3%B5%EC%9E%A5%ED%83%9C%EC%96%91%EA%B4%91,https://www.solarlink.co.kr/?k=대구수성구-공장태양광,N
1231,대구,대구구군,대구 수성구,지붕 태양광 임대,대구 수성구 지붕 태양광 임대,대구수성구-지붕태양광임대,https://www.solarlink.co.kr/?k=%EB%8C%80%EA%B5%AC%EC%88%98%EC%84%B1%EA%B5%AC-%EC%A7%80%EB%B6%95%ED%83%9C%EC%96%91%EA%B4%91%EC%9E%84%EB%8C%80,https://www.solarlink.co.kr/?k=대구수성구-지붕태양광임대,N
1232,대구,대구구군,대구 수성구,태양광 발전사업,대구 수성구 태양광 발전사업,대구수성구-태양광발전사업,https://www.solarlink.co.kr/?k=%EB%8C%80%EA%B5%AC%EC%88%98%EC%84%B1%EA%B5%AC-%ED%83%9C%EC%96%91%EA%B4%91%EB%B0%9C%EC%A0%84%EC%82%AC%EC%97%85,https://www.solarlink.co.kr/?k=대구수성구-태양광발전사업,N
1233,대구,대구구군,대구 달서구,태양광 설치,대구 달서구 태양광 설치,대구달서구-태양광설치,https://www.solarlink.co.kr/?k=%EB%8C%80%EA%B5%AC%EB%8B%AC%EC%84%9C%EA%B5%AC-%ED%83%9C%EC%96%91%EA%B4%91%EC%84%A4%EC%B9%98,https://www.solarlink.co.kr/?k=대구달서구-태양광설치,N
1234,대구,대구구군,대구 달서구,태양광 업체,대구 달서구 태양광 업체,대구달서구-태양광업체,https://www.solarlink.co.kr/?k=%EB%8C%80%EA%B5%AC%EB%8B%AC%EC%84%9C%EA%B5%AC-%ED%83%9C%EC%96%91%EA%B4%91%EC%97%85%EC%B2%B4,https://www.solarlink.co.kr/?k=대구달서구-태양광업체,N
1235,대구,대구구군,대구 달서구,건물 태양광,대구 달서구 건물 태양광,대구달서구-건물태양광,https://www.solarlink.co.kr/?k=%EB%8C%80%EA%B5%AC%EB%8B%AC%EC%84%9C%EA%B5%AC-%EA%B1%B4%EB%AC%BC%ED%83%9C%EC%96%91%EA%B4%91,https://www.solarlink.co.kr/?k=대구달서구-건물태양광,N
1236,대구,대구구군,대구 달서구,옥상 태양광,대구 달서구 옥상 태양광,대구달서구-옥상태양광,https://www.solarlink.co.kr/?k=%EB%8C%80%EA%B5%AC%EB%8B%AC%EC%84%9C%EA%B5%AC-%EC%98%A5%EC%83%81%ED%83%9C%EC%96%91%EA%B4%91,https://www.solarlink.co.kr/?k=대구달서구-옥상태양광,N
1237,대구,대구구군,대구 달서구,상가 태양광,대구 달서구 상가 태양광,대구달서구-상가태양광,https://www.solarlink.co.kr/?k=%EB%8C%80%EA%B5%AC%EB%8B%AC%EC%84%9C%EA%B5%AC-%EC%83%81%EA%B0%80%ED%83%9C%EC%96%91%EA%B4%91,https://www.solarlink.co.kr/?k=대구달서구-상가태양광,N
1238,대구,대구구군,대구 달서구,공장 태양광,대구 달서구 공장 태양광,대구달서구-공장태양광,https://www.solarlink.co.kr/?k=%EB%8C%80%EA%B5%AC%EB%8B%AC%EC%84%9C%EA%B5%AC-%EA%B3%B5%EC%9E%A5%ED%83%9C%EC%96%91%EA%B4%91,https://www.solarlink.co.kr/?k=대구달서구-공장태양광,N
1239,대구,대구구군,대구 달서구,지붕 태양광 임대,대구 달서구 지붕 태양광 임대,대구달서구-지붕태양광임대,https://www.solarlink.co.kr/?k=%EB%8C%80%EA%B5%AC%EB%8B%AC%EC%84%9C%EA%B5%AC-%EC%A7%80%EB%B6%95%ED%83%9C%EC%96%91%EA%B4%91%EC%9E%84%EB%8C%80,https://www.solarlink.co.kr/?k=대구달서구-지붕태양광임대,N
1240,대구,대구구군,대구 달서구,태양광 발전사업,대구 달서구 태양광 발전사업,대구달서구-태양광발전사업,https://www.solarlink.co.kr/?k=%EB%8C%80%EA%B5%AC%EB%8B%AC%EC%84%9C%EA%B5%AC-%ED%83%9C%EC%96%91%EA%B4%91%EB%B0%9C%EC%A0%84%EC%82%AC%EC%97%85,https://www.solarlink.co.kr/?k=대구달서구-태양광발전사업,N
1241,대구,대구구군,대구 달성군,태양광 설치,대구 달성군 태양광 설치,대구달성군-태양광설치,https://www.solarlink.co.kr/?k=%EB%8C%80%EA%B5%AC%EB%8B%AC%EC%84%B1%EA%B5%B0-%ED%83%9C%EC%96%91%EA%B4%91%EC%84%A4%EC%B9%98,https://www.solarlink.co.kr/?k=대구달성군-태양광설치,N
1242,대구,대구구군,대구 달성군,태양광 업체,대구 달성군 태양광 업체,대구달성군-태양광업체,https://www.solarlink.co.kr/?k=%EB%8C%80%EA%B5%AC%EB%8B%AC%EC%84%B1%EA%B5%B0-%ED%83%9C%EC%96%91%EA%B4%91%EC%97%85%EC%B2%B4,https://www.solarlink.co.kr/?k=대구달성군-태양광업체,N
1243,대구,대구구군,대구 달성군,건물 태양광,대구 달성군 건물 태양광,대구달성군-건물태양광,https://www.solarlink.co.kr/?k=%EB%8C%80%EA%B5%AC%EB%8B%AC%EC%84%B1%EA%B5%B0-%EA%B1%B4%EB%AC%BC%ED%83%9C%EC%96%91%EA%B4%91,https://www.solarlink.co.kr/?k=대구달성군-건물태양광,N
1244,대구,대구구군,대구 달성군,옥상 태양광,대구 달성군 옥상 태양광,대구달성군-옥상태양광,https://www.solarlink.co.kr/?k=%EB%8C%80%EA%B5%AC%EB%8B%AC%EC%84%B1%EA%B5%B0-%EC%98%A5%EC%83%81%ED%83%9C%EC%96%91%EA%B4%91,https://www.solarlink.co.kr/?k=대구달성군-옥상태양광,N
1245,대구,대구구군,대구 달성군,상가 태양광,대구 달성군 상가 태양광,대구달성군-상가태양광,https://www.solarlink.co.kr/?k=%EB%8C%80%EA%B5%AC%EB%8B%AC%EC%84%B1%EA%B5%B0-%EC%83%81%EA%B0%80%ED%83%9C%EC%96%91%EA%B4%91,https://www.solarlink.co.kr/?k=대구달성군-상가태양광,N
1246,대구,대구구군,대구 달성군,공장 태양광,대구 달성군 공장 태양광,대구달성군-공장태양광,https://www.solarlink.co.kr/?k=%EB%8C%80%EA%B5%AC%EB%8B%AC%EC%84%B1%EA%B5%B0-%EA%B3%B5%EC%9E%A5%ED%83%9C%EC%96%91%EA%B4%91,https://www.solarlink.co.kr/?k=대구달성군-공장태양광,N
1247,대구,대구구군,대구 달성군,지붕 태양광 임대,대구 달성군 지붕 태양광 임대,대구달성군-지붕태양광임대,https://www.solarlink.co.kr/?k=%EB%8C%80%EA%B5%AC%EB%8B%AC%EC%84%B1%EA%B5%B0-%EC%A7%80%EB%B6%95%ED%83%9C%EC%96%91%EA%B4%91%EC%9E%84%EB%8C%80,https://www.solarlink.co.kr/?k=대구달성군-지붕태양광임대,N
1248,대구,대구구군,대구 달성군,태양광 발전사업,대구 달성군 태양광 발전사업,대구달성군-태양광발전사업,https://www.solarlink.co.kr/?k=%EB%8C%80%EA%B5%AC%EB%8B%AC%EC%84%B1%EA%B5%B0-%ED%83%9C%EC%96%91%EA%B4%91%EB%B0%9C%EC%A0%84%EC%82%AC%EC%97%85,https://www.solarlink.co.kr/?k=대구달성군-태양광발전사업,N
1249,대구,대구구군,대구 군위군,태양광 설치,대구 군위군 태양광 설치,대구군위군-태양광설치,https://www.solarlink.co.kr/?k=%EB%8C%80%EA%B5%AC%EA%B5%B0%EC%9C%84%EA%B5%B0-%ED%83%9C%EC%96%91%EA%B4%91%EC%84%A4%EC%B9%98,https://www.solarlink.co.kr/?k=대구군위군-태양광설치,N
1250,대구,대구구군,대구 군위군,태양광 업체,대구 군위군 태양광 업체,대구군위군-태양광업체,https://www.solarlink.co.kr/?k=%EB%8C%80%EA%B5%AC%EA%B5%B0%EC%9C%84%EA%B5%B0-%ED%83%9C%EC%96%91%EA%B4%91%EC%97%85%EC%B2%B4,https://www.solarlink.co.kr/?k=대구군위군-태양광업체,N
1251,대구,대구구군,대구 군위군,건물 태양광,대구 군위군 건물 태양광,대구군위군-건물태양광,https://www.solarlink.co.kr/?k=%EB%8C%80%EA%B5%AC%EA%B5%B0%EC%9C%84%EA%B5%B0-%EA%B1%B4%EB%AC%BC%ED%83%9C%EC%96%91%EA%B4%91,https://www.solarlink.co.kr/?k=대구군위군-건물태양광,N
1252,대구,대구구군,대구 군위군,옥상 태양광,대구 군위군 옥상 태양광,대구군위군-옥상태양광,https://www.solarlink.co.kr/?k=%EB%8C%80%EA%B5%AC%EA%B5%B0%EC%9C%84%EA%B5%B0-%EC%98%A5%EC%83%81%ED%83%9C%EC%96%91%EA%B4%91,https://www.solarlink.co.kr/?k=대구군위군-옥상태양광,N
1253,대구,대구구군,대구 군위군,상가 태양광,대구 군위군 상가 태양광,대구군위군-상가태양광,https://www.solarlink.co.kr/?k=%EB%8C%80%EA%B5%AC%EA%B5%B0%EC%9C%84%EA%B5%B0-%EC%83%81%EA%B0%80%ED%83%9C%EC%96%91%EA%B4%91,https://www.solarlink.co.kr/?k=대구군위군-상가태양광,N
1254,대구,대구구군,대구 군위군,공장 태양광,대구 군위군 공장 태양광,대구군위군-공장태양광,https://www.solarlink.co.kr/?k=%EB%8C%80%EA%B5%AC%EA%B5%B0%EC%9C%84%EA%B5%B0-%EA%B3%B5%EC%9E%A5%ED%83%9C%EC%96%91%EA%B4%91,https://www.solarlink.co.kr/?k=대구군위군-공장태양광,N
1255,대구,대구구군,대구 군위군,지붕 태양광 임대,대구 군위군 지붕 태양광 임대,대구군위군-지붕태양광임대,https://www.solarlink.co.kr/?k=%EB%8C%80%EA%B5%AC%EA%B5%B0%EC%9C%84%EA%B5%B0-%EC%A7%80%EB%B6%95%ED%83%9C%EC%96%91%EA%B4%91%EC%9E%84%EB%8C%80,https://www.solarlink.co.kr/?k=대구군위군-지붕태양광임대,N
1256,대구,대구구군,대구 군위군,태양광 발전사업,대구 군위군 태양광 발전사업,대구군위군-태양광발전사업,https://www.solarlink.co.kr/?k=%EB%8C%80%EA%B5%AC%EA%B5%B0%EC%9C%84%EA%B5%B0-%ED%83%9C%EC%96%91%EA%B4%91%EB%B0%9C%EC%A0%84%EC%82%AC%EC%97%85,https://www.solarlink.co.kr/?k=대구군위군-태양광발전사업,N
1257,울산,울산구군,울산 중구,태양광 설치,울산 중구 태양광 설치,울산중구-태양광설치,https://www.solarlink.co.kr/?k=%EC%9A%B8%EC%82%B0%EC%A4%91%EA%B5%AC-%ED%83%9C%EC%96%91%EA%B4%91%EC%84%A4%EC%B9%98,https://www.solarlink.co.kr/?k=울산중구-태양광설치,N
1258,울산,울산구군,울산 중구,태양광 업체,울산 중구 태양광 업체,울산중구-태양광업체,https://www.solarlink.co.kr/?k=%EC%9A%B8%EC%82%B0%EC%A4%91%EA%B5%AC-%ED%83%9C%EC%96%91%EA%B4%91%EC%97%85%EC%B2%B4,https://www.solarlink.co.kr/?k=울산중구-태양광업체,N
1259,울산,울산구군,울산 중구,건물 태양광,울산 중구 건물 태양광,울산중구-건물태양광,https://www.solarlink.co.kr/?k=%EC%9A%B8%EC%82%B0%EC%A4%91%EA%B5%AC-%EA%B1%B4%EB%AC%BC%ED%83%9C%EC%96%91%EA%B4%91,https://www.solarlink.co.kr/?k=울산중구-건물태양광,N
1260,울산,울산구군,울산 중구,옥상 태양광,울산 중구 옥상 태양광,울산중구-옥상태양광,https://www.solarlink.co.kr/?k=%EC%9A%B8%EC%82%B0%EC%A4%91%EA%B5%AC-%EC%98%A5%EC%83%81%ED%83%9C%EC%96%91%EA%B4%91,https://www.solarlink.co.kr/?k=울산중구-옥상태양광,N
1261,울산,울산구군,울산 중구,상가 태양광,울산 중구 상가 태양광,울산중구-상가태양광,https://www.solarlink.co.kr/?k=%EC%9A%B8%EC%82%B0%EC%A4%91%EA%B5%AC-%EC%83%81%EA%B0%80%ED%83%9C%EC%96%91%EA%B4%91,https://www.solarlink.co.kr/?k=울산중구-상가태양광,N
1262,울산,울산구군,울산 중구,공장 태양광,울산 중구 공장 태양광,울산중구-공장태양광,https://www.solarlink.co.kr/?k=%EC%9A%B8%EC%82%B0%EC%A4%91%EA%B5%AC-%EA%B3%B5%EC%9E%A5%ED%83%9C%EC%96%91%EA%B4%91,https://www.solarlink.co.kr/?k=울산중구-공장태양광,N
1263,울산,울산구군,울산 중구,지붕 태양광 임대,울산 중구 지붕 태양광 임대,울산중구-지붕태양광임대,https://www.solarlink.co.kr/?k=%EC%9A%B8%EC%82%B0%EC%A4%91%EA%B5%AC-%EC%A7%80%EB%B6%95%ED%83%9C%EC%96%91%EA%B4%91%EC%9E%84%EB%8C%80,https://www.solarlink.co.kr/?k=울산중구-지붕태양광임대,N
1264,울산,울산구군,울산 중구,태양광 발전사업,울산 중구 태양광 발전사업,울산중구-태양광발전사업,https://www.solarlink.co.kr/?k=%EC%9A%B8%EC%82%B0%EC%A4%91%EA%B5%AC-%ED%83%9C%EC%96%91%EA%B4%91%EB%B0%9C%EC%A0%84%EC%82%AC%EC%97%85,https://www.solarlink.co.kr/?k=울산중구-태양광발전사업,N
1265,울산,울산구군,울산 남구,태양광 설치,울산 남구 태양광 설치,울산남구-태양광설치,https://www.solarlink.co.kr/?k=%EC%9A%B8%EC%82%B0%EB%82%A8%EA%B5%AC-%ED%83%9C%EC%96%91%EA%B4%91%EC%84%A4%EC%B9%98,https://www.solarlink.co.kr/?k=울산남구-태양광설치,N
1266,울산,울산구군,울산 남구,태양광 업체,울산 남구 태양광 업체,울산남구-태양광업체,https://www.solarlink.co.kr/?k=%EC%9A%B8%EC%82%B0%EB%82%A8%EA%B5%AC-%ED%83%9C%EC%96%91%EA%B4%91%EC%97%85%EC%B2%B4,https://www.solarlink.co.kr/?k=울산남구-태양광업체,N
1267,울산,울산구군,울산 남구,건물 태양광,울산 남구 건물 태양광,울산남구-건물태양광,https://www.solarlink.co.kr/?k=%EC%9A%B8%EC%82%B0%EB%82%A8%EA%B5%AC-%EA%B1%B4%EB%AC%BC%ED%83%9C%EC%96%91%EA%B4%91,https://www.solarlink.co.kr/?k=울산남구-건물태양광,N
1268,울산,울산구군,울산 남구,옥상 태양광,울산 남구 옥상 태양광,울산남구-옥상태양광,https://www.solarlink.co.kr/?k=%EC%9A%B8%EC%82%B0%EB%82%A8%EA%B5%AC-%EC%98%A5%EC%83%81%ED%83%9C%EC%96%91%EA%B4%91,https://www.solarlink.co.kr/?k=울산남구-옥상태양광,N
1269,울산,울산구군,울산 남구,상가 태양광,울산 남구 상가 태양광,울산남구-상가태양광,https://www.solarlink.co.kr/?k=%EC%9A%B8%EC%82%B0%EB%82%A8%EA%B5%AC-%EC%83%81%EA%B0%80%ED%83%9C%EC%96%91%EA%B4%91,https://www.solarlink.co.kr/?k=울산남구-상가태양광,N
1270,울산,울산구군,울산 남구,공장 태양광,울산 남구 공장 태양광,울산남구-공장태양광,https://www.solarlink.co.kr/?k=%EC%9A%B8%EC%82%B0%EB%82%A8%EA%B5%AC-%EA%B3%B5%EC%9E%A5%ED%83%9C%EC%96%91%EA%B4%91,https://www.solarlink.co.kr/?k=울산남구-공장태양광,N
1271,울산,울산구군,울산 남구,지붕 태양광 임대,울산 남구 지붕 태양광 임대,울산남구-지붕태양광임대,https://www.solarlink.co.kr/?k=%EC%9A%B8%EC%82%B0%EB%82%A8%EA%B5%AC-%EC%A7%80%EB%B6%95%ED%83%9C%EC%96%91%EA%B4%91%EC%9E%84%EB%8C%80,https://www.solarlink.co.kr/?k=울산남구-지붕태양광임대,N
1272,울산,울산구군,울산 남구,태양광 발전사업,울산 남구 태양광 발전사업,울산남구-태양광발전사업,https://www.solarlink.co.kr/?k=%EC%9A%B8%EC%82%B0%EB%82%A8%EA%B5%AC-%ED%83%9C%EC%96%91%EA%B4%91%EB%B0%9C%EC%A0%84%EC%82%AC%EC%97%85,https://www.solarlink.co.kr/?k=울산남구-태양광발전사업,N
1273,울산,울산구군,울산 동구,태양광 설치,울산 동구 태양광 설치,울산동구-태양광설치,https://www.solarlink.co.kr/?k=%EC%9A%B8%EC%82%B0%EB%8F%99%EA%B5%AC-%ED%83%9C%EC%96%91%EA%B4%91%EC%84%A4%EC%B9%98,https://www.solarlink.co.kr/?k=울산동구-태양광설치,N
1274,울산,울산구군,울산 동구,태양광 업체,울산 동구 태양광 업체,울산동구-태양광업체,https://www.solarlink.co.kr/?k=%EC%9A%B8%EC%82%B0%EB%8F%99%EA%B5%AC-%ED%83%9C%EC%96%91%EA%B4%91%EC%97%85%EC%B2%B4,https://www.solarlink.co.kr/?k=울산동구-태양광업체,N
1275,울산,울산구군,울산 동구,건물 태양광,울산 동구 건물 태양광,울산동구-건물태양광,https://www.solarlink.co.kr/?k=%EC%9A%B8%EC%82%B0%EB%8F%99%EA%B5%AC-%EA%B1%B4%EB%AC%BC%ED%83%9C%EC%96%91%EA%B4%91,https://www.solarlink.co.kr/?k=울산동구-건물태양광,N
1276,울산,울산구군,울산 동구,옥상 태양광,울산 동구 옥상 태양광,울산동구-옥상태양광,https://www.solarlink.co.kr/?k=%EC%9A%B8%EC%82%B0%EB%8F%99%EA%B5%AC-%EC%98%A5%EC%83%81%ED%83%9C%EC%96%91%EA%B4%91,https://www.solarlink.co.kr/?k=울산동구-옥상태양광,N
1277,울산,울산구군,울산 동구,상가 태양광,울산 동구 상가 태양광,울산동구-상가태양광,https://www.solarlink.co.kr/?k=%EC%9A%B8%EC%82%B0%EB%8F%99%EA%B5%AC-%EC%83%81%EA%B0%80%ED%83%9C%EC%96%91%EA%B4%91,https://www.solarlink.co.kr/?k=울산동구-상가태양광,N
1278,울산,울산구군,울산 동구,공장 태양광,울산 동구 공장 태양광,울산동구-공장태양광,https://www.solarlink.co.kr/?k=%EC%9A%B8%EC%82%B0%EB%8F%99%EA%B5%AC-%EA%B3%B5%EC%9E%A5%ED%83%9C%EC%96%91%EA%B4%91,https://www.solarlink.co.kr/?k=울산동구-공장태양광,N
1279,울산,울산구군,울산 동구,지붕 태양광 임대,울산 동구 지붕 태양광 임대,울산동구-지붕태양광임대,https://www.solarlink.co.kr/?k=%EC%9A%B8%EC%82%B0%EB%8F%99%EA%B5%AC-%EC%A7%80%EB%B6%95%ED%83%9C%EC%96%91%EA%B4%91%EC%9E%84%EB%8C%80,https://www.solarlink.co.kr/?k=울산동구-지붕태양광임대,N
1280,울산,울산구군,울산 동구,태양광 발전사업,울산 동구 태양광 발전사업,울산동구-태양광발전사업,https://www.solarlink.co.kr/?k=%EC%9A%B8%EC%82%B0%EB%8F%99%EA%B5%AC-%ED%83%9C%EC%96%91%EA%B4%91%EB%B0%9C%EC%A0%84%EC%82%AC%EC%97%85,https://www.solarlink.co.kr/?k=울산동구-태양광발전사업,N
1281,울산,울산구군,울산 북구,태양광 설치,울산 북구 태양광 설치,울산북구-태양광설치,https://www.solarlink.co.kr/?k=%EC%9A%B8%EC%82%B0%EB%B6%81%EA%B5%AC-%ED%83%9C%EC%96%91%EA%B4%91%EC%84%A4%EC%B9%98,https://www.solarlink.co.kr/?k=울산북구-태양광설치,N
1282,울산,울산구군,울산 북구,태양광 업체,울산 북구 태양광 업체,울산북구-태양광업체,https://www.solarlink.co.kr/?k=%EC%9A%B8%EC%82%B0%EB%B6%81%EA%B5%AC-%ED%83%9C%EC%96%91%EA%B4%91%EC%97%85%EC%B2%B4,https://www.solarlink.co.kr/?k=울산북구-태양광업체,N
1283,울산,울산구군,울산 북구,건물 태양광,울산 북구 건물 태양광,울산북구-건물태양광,https://www.solarlink.co.kr/?k=%EC%9A%B8%EC%82%B0%EB%B6%81%EA%B5%AC-%EA%B1%B4%EB%AC%BC%ED%83%9C%EC%96%91%EA%B4%91,https://www.solarlink.co.kr/?k=울산북구-건물태양광,N
1284,울산,울산구군,울산 북구,옥상 태양광,울산 북구 옥상 태양광,울산북구-옥상태양광,https://www.solarlink.co.kr/?k=%EC%9A%B8%EC%82%B0%EB%B6%81%EA%B5%AC-%EC%98%A5%EC%83%81%ED%83%9C%EC%96%91%EA%B4%91,https://www.solarlink.co.kr/?k=울산북구-옥상태양광,N
1285,울산,울산구군,울산 북구,상가 태양광,울산 북구 상가 태양광,울산북구-상가태양광,https://www.solarlink.co.kr/?k=%EC%9A%B8%EC%82%B0%EB%B6%81%EA%B5%AC-%EC%83%81%EA%B0%80%ED%83%9C%EC%96%91%EA%B4%91,https://www.solarlink.co.kr/?k=울산북구-상가태양광,N
1286,울산,울산구군,울산 북구,공장 태양광,울산 북구 공장 태양광,울산북구-공장태양광,https://www.solarlink.co.kr/?k=%EC%9A%B8%EC%82%B0%EB%B6%81%EA%B5%AC-%EA%B3%B5%EC%9E%A5%ED%83%9C%EC%96%91%EA%B4%91,https://www.solarlink.co.kr/?k=울산북구-공장태양광,N
1287,울산,울산구군,울산 북구,지붕 태양광 임대,울산 북구 지붕 태양광 임대,울산북구-지붕태양광임대,https://www.solarlink.co.kr/?k=%EC%9A%B8%EC%82%B0%EB%B6%81%EA%B5%AC-%EC%A7%80%EB%B6%95%ED%83%9C%EC%96%91%EA%B4%91%EC%9E%84%EB%8C%80,https://www.solarlink.co.kr/?k=울산북구-지붕태양광임대,N
1288,울산,울산구군,울산 북구,태양광 발전사업,울산 북구 태양광 발전사업,울산북구-태양광발전사업,https://www.solarlink.co.kr/?k=%EC%9A%B8%EC%82%B0%EB%B6%81%EA%B5%AC-%ED%83%9C%EC%96%91%EA%B4%91%EB%B0%9C%EC%A0%84%EC%82%AC%EC%97%85,https://www.solarlink.co.kr/?k=울산북구-태양광발전사업,N
1289,울산,울산구군,울산 울주군,태양광 설치,울산 울주군 태양광 설치,울산울주군-태양광설치,https://www.solarlink.co.kr/?k=%EC%9A%B8%EC%82%B0%EC%9A%B8%EC%A3%BC%EA%B5%B0-%ED%83%9C%EC%96%91%EA%B4%91%EC%84%A4%EC%B9%98,https://www.solarlink.co.kr/?k=울산울주군-태양광설치,N
1290,울산,울산구군,울산 울주군,태양광 업체,울산 울주군 태양광 업체,울산울주군-태양광업체,https://www.solarlink.co.kr/?k=%EC%9A%B8%EC%82%B0%EC%9A%B8%EC%A3%BC%EA%B5%B0-%ED%83%9C%EC%96%91%EA%B4%91%EC%97%85%EC%B2%B4,https://www.solarlink.co.kr/?k=울산울주군-태양광업체,N
1291,울산,울산구군,울산 울주군,건물 태양광,울산 울주군 건물 태양광,울산울주군-건물태양광,https://www.solarlink.co.kr/?k=%EC%9A%B8%EC%82%B0%EC%9A%B8%EC%A3%BC%EA%B5%B0-%EA%B1%B4%EB%AC%BC%ED%83%9C%EC%96%91%EA%B4%91,https://www.solarlink.co.kr/?k=울산울주군-건물태양광,N
1292,울산,울산구군,울산 울주군,옥상 태양광,울산 울주군 옥상 태양광,울산울주군-옥상태양광,https://www.solarlink.co.kr/?k=%EC%9A%B8%EC%82%B0%EC%9A%B8%EC%A3%BC%EA%B5%B0-%EC%98%A5%EC%83%81%ED%83%9C%EC%96%91%EA%B4%91,https://www.solarlink.co.kr/?k=울산울주군-옥상태양광,N
1293,울산,울산구군,울산 울주군,상가 태양광,울산 울주군 상가 태양광,울산울주군-상가태양광,https://www.solarlink.co.kr/?k=%EC%9A%B8%EC%82%B0%EC%9A%B8%EC%A3%BC%EA%B5%B0-%EC%83%81%EA%B0%80%ED%83%9C%EC%96%91%EA%B4%91,https://www.solarlink.co.kr/?k=울산울주군-상가태양광,N
1294,울산,울산구군,울산 울주군,공장 태양광,울산 울주군 공장 태양광,울산울주군-공장태양광,https://www.solarlink.co.kr/?k=%EC%9A%B8%EC%82%B0%EC%9A%B8%EC%A3%BC%EA%B5%B0-%EA%B3%B5%EC%9E%A5%ED%83%9C%EC%96%91%EA%B4%91,https://www.solarlink.co.kr/?k=울산울주군-공장태양광,N
1295,울산,울산구군,울산 울주군,지붕 태양광 임대,울산 울주군 지붕 태양광 임대,울산울주군-지붕태양광임대,https://www.solarlink.co.kr/?k=%EC%9A%B8%EC%82%B0%EC%9A%B8%EC%A3%BC%EA%B5%B0-%EC%A7%80%EB%B6%95%ED%83%9C%EC%96%91%EA%B4%91%EC%9E%84%EB%8C%80,https://www.solarlink.co.kr/?k=울산울주군-지붕태양광임대,N
1296,울산,울산구군,울산 울주군,태양광 발전사업,울산 울주군 태양광 발전사업,울산울주군-태양광발전사업,https://www.solarlink.co.kr/?k=%EC%9A%B8%EC%82%B0%EC%9A%B8%EC%A3%BC%EA%B5%B0-%ED%83%9C%EC%96%91%EA%B4%91%EB%B0%9C%EC%A0%84%EC%82%AC%EC%97%85,https://www.solarlink.co.kr/?k=울산울주군-태양광발전사업,N
1297,전남,전남시군,목포,태양광 설치,목포 태양광 설치,목포-태양광설치,https://www.solarlink.co.kr/?k=%EB%AA%A9%ED%8F%AC-%ED%83%9C%EC%96%91%EA%B4%91%EC%84%A4%EC%B9%98,https://www.solarlink.co.kr/?k=목포-태양광설치,N
1298,전남,전남시군,목포,태양광 업체,목포 태양광 업체,목포-태양광업체,https://www.solarlink.co.kr/?k=%EB%AA%A9%ED%8F%AC-%ED%83%9C%EC%96%91%EA%B4%91%EC%97%85%EC%B2%B4,https://www.solarlink.co.kr/?k=목포-태양광업체,N
1299,전남,전남시군,목포,공장 태양광,목포 공장 태양광,목포-공장태양광,https://www.solarlink.co.kr/?k=%EB%AA%A9%ED%8F%AC-%EA%B3%B5%EC%9E%A5%ED%83%9C%EC%96%91%EA%B4%91,https://www.solarlink.co.kr/?k=목포-공장태양광,N
1300,전남,전남시군,목포,공장 지붕 태양광,목포 공장 지붕 태양광,목포-공장지붕태양광,https://www.solarlink.co.kr/?k=%EB%AA%A9%ED%8F%AC-%EA%B3%B5%EC%9E%A5%EC%A7%80%EB%B6%95%ED%83%9C%EC%96%91%EA%B4%91,https://www.solarlink.co.kr/?k=목포-공장지붕태양광,N
1301,전남,전남시군,목포,창고 태양광,목포 창고 태양광,목포-창고태양광,https://www.solarlink.co.kr/?k=%EB%AA%A9%ED%8F%AC-%EC%B0%BD%EA%B3%A0%ED%83%9C%EC%96%91%EA%B4%91,https://www.solarlink.co.kr/?k=목포-창고태양광,N
1302,전남,전남시군,목포,축사 태양광,목포 축사 태양광,목포-축사태양광,https://www.solarlink.co.kr/?k=%EB%AA%A9%ED%8F%AC-%EC%B6%95%EC%82%AC%ED%83%9C%EC%96%91%EA%B4%91,https://www.solarlink.co.kr/?k=목포-축사태양광,N
1303,전남,전남시군,목포,지붕 태양광 임대,목포 지붕 태양광 임대,목포-지붕태양광임대,https://www.solarlink.co.kr/?k=%EB%AA%A9%ED%8F%AC-%EC%A7%80%EB%B6%95%ED%83%9C%EC%96%91%EA%B4%91%EC%9E%84%EB%8C%80,https://www.solarlink.co.kr/?k=목포-지붕태양광임대,N
1304,전남,전남시군,목포,태양광 발전사업,목포 태양광 발전사업,목포-태양광발전사업,https://www.solarlink.co.kr/?k=%EB%AA%A9%ED%8F%AC-%ED%83%9C%EC%96%91%EA%B4%91%EB%B0%9C%EC%A0%84%EC%82%AC%EC%97%85,https://www.solarlink.co.kr/?k=목포-태양광발전사업,N
1305,전남,전남시군,여수,태양광 설치,여수 태양광 설치,여수-태양광설치,https://www.solarlink.co.kr/?k=%EC%97%AC%EC%88%98-%ED%83%9C%EC%96%91%EA%B4%91%EC%84%A4%EC%B9%98,https://www.solarlink.co.kr/?k=여수-태양광설치,N
1306,전남,전남시군,여수,태양광 업체,여수 태양광 업체,여수-태양광업체,https://www.solarlink.co.kr/?k=%EC%97%AC%EC%88%98-%ED%83%9C%EC%96%91%EA%B4%91%EC%97%85%EC%B2%B4,https://www.solarlink.co.kr/?k=여수-태양광업체,N
1307,전남,전남시군,여수,공장 태양광,여수 공장 태양광,여수-공장태양광,https://www.solarlink.co.kr/?k=%EC%97%AC%EC%88%98-%EA%B3%B5%EC%9E%A5%ED%83%9C%EC%96%91%EA%B4%91,https://www.solarlink.co.kr/?k=여수-공장태양광,N
1308,전남,전남시군,여수,공장 지붕 태양광,여수 공장 지붕 태양광,여수-공장지붕태양광,https://www.solarlink.co.kr/?k=%EC%97%AC%EC%88%98-%EA%B3%B5%EC%9E%A5%EC%A7%80%EB%B6%95%ED%83%9C%EC%96%91%EA%B4%91,https://www.solarlink.co.kr/?k=여수-공장지붕태양광,N
1309,전남,전남시군,여수,창고 태양광,여수 창고 태양광,여수-창고태양광,https://www.solarlink.co.kr/?k=%EC%97%AC%EC%88%98-%EC%B0%BD%EA%B3%A0%ED%83%9C%EC%96%91%EA%B4%91,https://www.solarlink.co.kr/?k=여수-창고태양광,N
1310,전남,전남시군,여수,축사 태양광,여수 축사 태양광,여수-축사태양광,https://www.solarlink.co.kr/?k=%EC%97%AC%EC%88%98-%EC%B6%95%EC%82%AC%ED%83%9C%EC%96%91%EA%B4%91,https://www.solarlink.co.kr/?k=여수-축사태양광,N
1311,전남,전남시군,여수,지붕 태양광 임대,여수 지붕 태양광 임대,여수-지붕태양광임대,https://www.solarlink.co.kr/?k=%EC%97%AC%EC%88%98-%EC%A7%80%EB%B6%95%ED%83%9C%EC%96%91%EA%B4%91%EC%9E%84%EB%8C%80,https://www.solarlink.co.kr/?k=여수-지붕태양광임대,N
1312,전남,전남시군,여수,태양광 발전사업,여수 태양광 발전사업,여수-태양광발전사업,https://www.solarlink.co.kr/?k=%EC%97%AC%EC%88%98-%ED%83%9C%EC%96%91%EA%B4%91%EB%B0%9C%EC%A0%84%EC%82%AC%EC%97%85,https://www.solarlink.co.kr/?k=여수-태양광발전사업,N
1313,전남,전남시군,순천,태양광 설치,순천 태양광 설치,순천-태양광설치,https://www.solarlink.co.kr/?k=%EC%88%9C%EC%B2%9C-%ED%83%9C%EC%96%91%EA%B4%91%EC%84%A4%EC%B9%98,https://www.solarlink.co.kr/?k=순천-태양광설치,N
1314,전남,전남시군,순천,태양광 업체,순천 태양광 업체,순천-태양광업체,https://www.solarlink.co.kr/?k=%EC%88%9C%EC%B2%9C-%ED%83%9C%EC%96%91%EA%B4%91%EC%97%85%EC%B2%B4,https://www.solarlink.co.kr/?k=순천-태양광업체,N
1315,전남,전남시군,순천,공장 태양광,순천 공장 태양광,순천-공장태양광,https://www.solarlink.co.kr/?k=%EC%88%9C%EC%B2%9C-%EA%B3%B5%EC%9E%A5%ED%83%9C%EC%96%91%EA%B4%91,https://www.solarlink.co.kr/?k=순천-공장태양광,N
1316,전남,전남시군,순천,공장 지붕 태양광,순천 공장 지붕 태양광,순천-공장지붕태양광,https://www.solarlink.co.kr/?k=%EC%88%9C%EC%B2%9C-%EA%B3%B5%EC%9E%A5%EC%A7%80%EB%B6%95%ED%83%9C%EC%96%91%EA%B4%91,https://www.solarlink.co.kr/?k=순천-공장지붕태양광,N
1317,전남,전남시군,순천,창고 태양광,순천 창고 태양광,순천-창고태양광,https://www.solarlink.co.kr/?k=%EC%88%9C%EC%B2%9C-%EC%B0%BD%EA%B3%A0%ED%83%9C%EC%96%91%EA%B4%91,https://www.solarlink.co.kr/?k=순천-창고태양광,N
1318,전남,전남시군,순천,축사 태양광,순천 축사 태양광,순천-축사태양광,https://www.solarlink.co.kr/?k=%EC%88%9C%EC%B2%9C-%EC%B6%95%EC%82%AC%ED%83%9C%EC%96%91%EA%B4%91,https://www.solarlink.co.kr/?k=순천-축사태양광,N
1319,전남,전남시군,순천,지붕 태양광 임대,순천 지붕 태양광 임대,순천-지붕태양광임대,https://www.solarlink.co.kr/?k=%EC%88%9C%EC%B2%9C-%EC%A7%80%EB%B6%95%ED%83%9C%EC%96%91%EA%B4%91%EC%9E%84%EB%8C%80,https://www.solarlink.co.kr/?k=순천-지붕태양광임대,N
1320,전남,전남시군,순천,태양광 발전사업,순천 태양광 발전사업,순천-태양광발전사업,https://www.solarlink.co.kr/?k=%EC%88%9C%EC%B2%9C-%ED%83%9C%EC%96%91%EA%B4%91%EB%B0%9C%EC%A0%84%EC%82%AC%EC%97%85,https://www.solarlink.co.kr/?k=순천-태양광발전사업,N
1321,전남,전남시군,나주,태양광 설치,나주 태양광 설치,나주-태양광설치,https://www.solarlink.co.kr/?k=%EB%82%98%EC%A3%BC-%ED%83%9C%EC%96%91%EA%B4%91%EC%84%A4%EC%B9%98,https://www.solarlink.co.kr/?k=나주-태양광설치,N
1322,전남,전남시군,나주,태양광 업체,나주 태양광 업체,나주-태양광업체,https://www.solarlink.co.kr/?k=%EB%82%98%EC%A3%BC-%ED%83%9C%EC%96%91%EA%B4%91%EC%97%85%EC%B2%B4,https://www.solarlink.co.kr/?k=나주-태양광업체,N
1323,전남,전남시군,나주,공장 태양광,나주 공장 태양광,나주-공장태양광,https://www.solarlink.co.kr/?k=%EB%82%98%EC%A3%BC-%EA%B3%B5%EC%9E%A5%ED%83%9C%EC%96%91%EA%B4%91,https://www.solarlink.co.kr/?k=나주-공장태양광,N
1324,전남,전남시군,나주,공장 지붕 태양광,나주 공장 지붕 태양광,나주-공장지붕태양광,https://www.solarlink.co.kr/?k=%EB%82%98%EC%A3%BC-%EA%B3%B5%EC%9E%A5%EC%A7%80%EB%B6%95%ED%83%9C%EC%96%91%EA%B4%91,https://www.solarlink.co.kr/?k=나주-공장지붕태양광,N
1325,전남,전남시군,나주,창고 태양광,나주 창고 태양광,나주-창고태양광,https://www.solarlink.co.kr/?k=%EB%82%98%EC%A3%BC-%EC%B0%BD%EA%B3%A0%ED%83%9C%EC%96%91%EA%B4%91,https://www.solarlink.co.kr/?k=나주-창고태양광,N
1326,전남,전남시군,나주,축사 태양광,나주 축사 태양광,나주-축사태양광,https://www.solarlink.co.kr/?k=%EB%82%98%EC%A3%BC-%EC%B6%95%EC%82%AC%ED%83%9C%EC%96%91%EA%B4%91,https://www.solarlink.co.kr/?k=나주-축사태양광,N
1327,전남,전남시군,나주,지붕 태양광 임대,나주 지붕 태양광 임대,나주-지붕태양광임대,https://www.solarlink.co.kr/?k=%EB%82%98%EC%A3%BC-%EC%A7%80%EB%B6%95%ED%83%9C%EC%96%91%EA%B4%91%EC%9E%84%EB%8C%80,https://www.solarlink.co.kr/?k=나주-지붕태양광임대,N
1328,전남,전남시군,나주,태양광 발전사업,나주 태양광 발전사업,나주-태양광발전사업,https://www.solarlink.co.kr/?k=%EB%82%98%EC%A3%BC-%ED%83%9C%EC%96%91%EA%B4%91%EB%B0%9C%EC%A0%84%EC%82%AC%EC%97%85,https://www.solarlink.co.kr/?k=나주-태양광발전사업,N
1329,전남,전남시군,광양,태양광 설치,광양 태양광 설치,광양-태양광설치,https://www.solarlink.co.kr/?k=%EA%B4%91%EC%96%91-%ED%83%9C%EC%96%91%EA%B4%91%EC%84%A4%EC%B9%98,https://www.solarlink.co.kr/?k=광양-태양광설치,N
1330,전남,전남시군,광양,태양광 업체,광양 태양광 업체,광양-태양광업체,https://www.solarlink.co.kr/?k=%EA%B4%91%EC%96%91-%ED%83%9C%EC%96%91%EA%B4%91%EC%97%85%EC%B2%B4,https://www.solarlink.co.kr/?k=광양-태양광업체,N
1331,전남,전남시군,광양,공장 태양광,광양 공장 태양광,광양-공장태양광,https://www.solarlink.co.kr/?k=%EA%B4%91%EC%96%91-%EA%B3%B5%EC%9E%A5%ED%83%9C%EC%96%91%EA%B4%91,https://www.solarlink.co.kr/?k=광양-공장태양광,N
1332,전남,전남시군,광양,공장 지붕 태양광,광양 공장 지붕 태양광,광양-공장지붕태양광,https://www.solarlink.co.kr/?k=%EA%B4%91%EC%96%91-%EA%B3%B5%EC%9E%A5%EC%A7%80%EB%B6%95%ED%83%9C%EC%96%91%EA%B4%91,https://www.solarlink.co.kr/?k=광양-공장지붕태양광,N
1333,전남,전남시군,광양,창고 태양광,광양 창고 태양광,광양-창고태양광,https://www.solarlink.co.kr/?k=%EA%B4%91%EC%96%91-%EC%B0%BD%EA%B3%A0%ED%83%9C%EC%96%91%EA%B4%91,https://www.solarlink.co.kr/?k=광양-창고태양광,N
1334,전남,전남시군,광양,축사 태양광,광양 축사 태양광,광양-축사태양광,https://www.solarlink.co.kr/?k=%EA%B4%91%EC%96%91-%EC%B6%95%EC%82%AC%ED%83%9C%EC%96%91%EA%B4%91,https://www.solarlink.co.kr/?k=광양-축사태양광,N
1335,전남,전남시군,광양,지붕 태양광 임대,광양 지붕 태양광 임대,광양-지붕태양광임대,https://www.solarlink.co.kr/?k=%EA%B4%91%EC%96%91-%EC%A7%80%EB%B6%95%ED%83%9C%EC%96%91%EA%B4%91%EC%9E%84%EB%8C%80,https://www.solarlink.co.kr/?k=광양-지붕태양광임대,N
1336,전남,전남시군,광양,태양광 발전사업,광양 태양광 발전사업,광양-태양광발전사업,https://www.solarlink.co.kr/?k=%EA%B4%91%EC%96%91-%ED%83%9C%EC%96%91%EA%B4%91%EB%B0%9C%EC%A0%84%EC%82%AC%EC%97%85,https://www.solarlink.co.kr/?k=광양-태양광발전사업,N
1337,전남,전남시군,담양,태양광 설치,담양 태양광 설치,담양-태양광설치,https://www.solarlink.co.kr/?k=%EB%8B%B4%EC%96%91-%ED%83%9C%EC%96%91%EA%B4%91%EC%84%A4%EC%B9%98,https://www.solarlink.co.kr/?k=담양-태양광설치,N
1338,전남,전남시군,담양,태양광 업체,담양 태양광 업체,담양-태양광업체,https://www.solarlink.co.kr/?k=%EB%8B%B4%EC%96%91-%ED%83%9C%EC%96%91%EA%B4%91%EC%97%85%EC%B2%B4,https://www.solarlink.co.kr/?k=담양-태양광업체,N
1339,전남,전남시군,담양,공장 태양광,담양 공장 태양광,담양-공장태양광,https://www.solarlink.co.kr/?k=%EB%8B%B4%EC%96%91-%EA%B3%B5%EC%9E%A5%ED%83%9C%EC%96%91%EA%B4%91,https://www.solarlink.co.kr/?k=담양-공장태양광,N
1340,전남,전남시군,담양,공장 지붕 태양광,담양 공장 지붕 태양광,담양-공장지붕태양광,https://www.solarlink.co.kr/?k=%EB%8B%B4%EC%96%91-%EA%B3%B5%EC%9E%A5%EC%A7%80%EB%B6%95%ED%83%9C%EC%96%91%EA%B4%91,https://www.solarlink.co.kr/?k=담양-공장지붕태양광,N
1341,전남,전남시군,담양,창고 태양광,담양 창고 태양광,담양-창고태양광,https://www.solarlink.co.kr/?k=%EB%8B%B4%EC%96%91-%EC%B0%BD%EA%B3%A0%ED%83%9C%EC%96%91%EA%B4%91,https://www.solarlink.co.kr/?k=담양-창고태양광,N
1342,전남,전남시군,담양,축사 태양광,담양 축사 태양광,담양-축사태양광,https://www.solarlink.co.kr/?k=%EB%8B%B4%EC%96%91-%EC%B6%95%EC%82%AC%ED%83%9C%EC%96%91%EA%B4%91,https://www.solarlink.co.kr/?k=담양-축사태양광,N
1343,전남,전남시군,담양,지붕 태양광 임대,담양 지붕 태양광 임대,담양-지붕태양광임대,https://www.solarlink.co.kr/?k=%EB%8B%B4%EC%96%91-%EC%A7%80%EB%B6%95%ED%83%9C%EC%96%91%EA%B4%91%EC%9E%84%EB%8C%80,https://www.solarlink.co.kr/?k=담양-지붕태양광임대,N
1344,전남,전남시군,담양,태양광 발전사업,담양 태양광 발전사업,담양-태양광발전사업,https://www.solarlink.co.kr/?k=%EB%8B%B4%EC%96%91-%ED%83%9C%EC%96%91%EA%B4%91%EB%B0%9C%EC%A0%84%EC%82%AC%EC%97%85,https://www.solarlink.co.kr/?k=담양-태양광발전사업,N
1345,전남,전남시군,곡성,태양광 설치,곡성 태양광 설치,곡성-태양광설치,https://www.solarlink.co.kr/?k=%EA%B3%A1%EC%84%B1-%ED%83%9C%EC%96%91%EA%B4%91%EC%84%A4%EC%B9%98,https://www.solarlink.co.kr/?k=곡성-태양광설치,N
1346,전남,전남시군,곡성,태양광 업체,곡성 태양광 업체,곡성-태양광업체,https://www.solarlink.co.kr/?k=%EA%B3%A1%EC%84%B1-%ED%83%9C%EC%96%91%EA%B4%91%EC%97%85%EC%B2%B4,https://www.solarlink.co.kr/?k=곡성-태양광업체,N
1347,전남,전남시군,곡성,공장 태양광,곡성 공장 태양광,곡성-공장태양광,https://www.solarlink.co.kr/?k=%EA%B3%A1%EC%84%B1-%EA%B3%B5%EC%9E%A5%ED%83%9C%EC%96%91%EA%B4%91,https://www.solarlink.co.kr/?k=곡성-공장태양광,N
1348,전남,전남시군,곡성,공장 지붕 태양광,곡성 공장 지붕 태양광,곡성-공장지붕태양광,https://www.solarlink.co.kr/?k=%EA%B3%A1%EC%84%B1-%EA%B3%B5%EC%9E%A5%EC%A7%80%EB%B6%95%ED%83%9C%EC%96%91%EA%B4%91,https://www.solarlink.co.kr/?k=곡성-공장지붕태양광,N
1349,전남,전남시군,곡성,창고 태양광,곡성 창고 태양광,곡성-창고태양광,https://www.solarlink.co.kr/?k=%EA%B3%A1%EC%84%B1-%EC%B0%BD%EA%B3%A0%ED%83%9C%EC%96%91%EA%B4%91,https://www.solarlink.co.kr/?k=곡성-창고태양광,N
1350,전남,전남시군,곡성,축사 태양광,곡성 축사 태양광,곡성-축사태양광,https://www.solarlink.co.kr/?k=%EA%B3%A1%EC%84%B1-%EC%B6%95%EC%82%AC%ED%83%9C%EC%96%91%EA%B4%91,https://www.solarlink.co.kr/?k=곡성-축사태양광,N
1351,전남,전남시군,곡성,지붕 태양광 임대,곡성 지붕 태양광 임대,곡성-지붕태양광임대,https://www.solarlink.co.kr/?k=%EA%B3%A1%EC%84%B1-%EC%A7%80%EB%B6%95%ED%83%9C%EC%96%91%EA%B4%91%EC%9E%84%EB%8C%80,https://www.solarlink.co.kr/?k=곡성-지붕태양광임대,N
1352,전남,전남시군,곡성,태양광 발전사업,곡성 태양광 발전사업,곡성-태양광발전사업,https://www.solarlink.co.kr/?k=%EA%B3%A1%EC%84%B1-%ED%83%9C%EC%96%91%EA%B4%91%EB%B0%9C%EC%A0%84%EC%82%AC%EC%97%85,https://www.solarlink.co.kr/?k=곡성-태양광발전사업,N
1353,전남,전남시군,구례,태양광 설치,구례 태양광 설치,구례-태양광설치,https://www.solarlink.co.kr/?k=%EA%B5%AC%EB%A1%80-%ED%83%9C%EC%96%91%EA%B4%91%EC%84%A4%EC%B9%98,https://www.solarlink.co.kr/?k=구례-태양광설치,N
1354,전남,전남시군,구례,태양광 업체,구례 태양광 업체,구례-태양광업체,https://www.solarlink.co.kr/?k=%EA%B5%AC%EB%A1%80-%ED%83%9C%EC%96%91%EA%B4%91%EC%97%85%EC%B2%B4,https://www.solarlink.co.kr/?k=구례-태양광업체,N
1355,전남,전남시군,구례,공장 태양광,구례 공장 태양광,구례-공장태양광,https://www.solarlink.co.kr/?k=%EA%B5%AC%EB%A1%80-%EA%B3%B5%EC%9E%A5%ED%83%9C%EC%96%91%EA%B4%91,https://www.solarlink.co.kr/?k=구례-공장태양광,N
1356,전남,전남시군,구례,공장 지붕 태양광,구례 공장 지붕 태양광,구례-공장지붕태양광,https://www.solarlink.co.kr/?k=%EA%B5%AC%EB%A1%80-%EA%B3%B5%EC%9E%A5%EC%A7%80%EB%B6%95%ED%83%9C%EC%96%91%EA%B4%91,https://www.solarlink.co.kr/?k=구례-공장지붕태양광,N
1357,전남,전남시군,구례,창고 태양광,구례 창고 태양광,구례-창고태양광,https://www.solarlink.co.kr/?k=%EA%B5%AC%EB%A1%80-%EC%B0%BD%EA%B3%A0%ED%83%9C%EC%96%91%EA%B4%91,https://www.solarlink.co.kr/?k=구례-창고태양광,N
1358,전남,전남시군,구례,축사 태양광,구례 축사 태양광,구례-축사태양광,https://www.solarlink.co.kr/?k=%EA%B5%AC%EB%A1%80-%EC%B6%95%EC%82%AC%ED%83%9C%EC%96%91%EA%B4%91,https://www.solarlink.co.kr/?k=구례-축사태양광,N
1359,전남,전남시군,구례,지붕 태양광 임대,구례 지붕 태양광 임대,구례-지붕태양광임대,https://www.solarlink.co.kr/?k=%EA%B5%AC%EB%A1%80-%EC%A7%80%EB%B6%95%ED%83%9C%EC%96%91%EA%B4%91%EC%9E%84%EB%8C%80,https://www.solarlink.co.kr/?k=구례-지붕태양광임대,N
1360,전남,전남시군,구례,태양광 발전사업,구례 태양광 발전사업,구례-태양광발전사업,https://www.solarlink.co.kr/?k=%EA%B5%AC%EB%A1%80-%ED%83%9C%EC%96%91%EA%B4%91%EB%B0%9C%EC%A0%84%EC%82%AC%EC%97%85,https://www.solarlink.co.kr/?k=구례-태양광발전사업,N
1361,전남,전남시군,고흥,태양광 설치,고흥 태양광 설치,고흥-태양광설치,https://www.solarlink.co.kr/?k=%EA%B3%A0%ED%9D%A5-%ED%83%9C%EC%96%91%EA%B4%91%EC%84%A4%EC%B9%98,https://www.solarlink.co.kr/?k=고흥-태양광설치,N
1362,전남,전남시군,고흥,태양광 업체,고흥 태양광 업체,고흥-태양광업체,https://www.solarlink.co.kr/?k=%EA%B3%A0%ED%9D%A5-%ED%83%9C%EC%96%91%EA%B4%91%EC%97%85%EC%B2%B4,https://www.solarlink.co.kr/?k=고흥-태양광업체,N
1363,전남,전남시군,고흥,공장 태양광,고흥 공장 태양광,고흥-공장태양광,https://www.solarlink.co.kr/?k=%EA%B3%A0%ED%9D%A5-%EA%B3%B5%EC%9E%A5%ED%83%9C%EC%96%91%EA%B4%91,https://www.solarlink.co.kr/?k=고흥-공장태양광,N
1364,전남,전남시군,고흥,공장 지붕 태양광,고흥 공장 지붕 태양광,고흥-공장지붕태양광,https://www.solarlink.co.kr/?k=%EA%B3%A0%ED%9D%A5-%EA%B3%B5%EC%9E%A5%EC%A7%80%EB%B6%95%ED%83%9C%EC%96%91%EA%B4%91,https://www.solarlink.co.kr/?k=고흥-공장지붕태양광,N
1365,전남,전남시군,고흥,창고 태양광,고흥 창고 태양광,고흥-창고태양광,https://www.solarlink.co.kr/?k=%EA%B3%A0%ED%9D%A5-%EC%B0%BD%EA%B3%A0%ED%83%9C%EC%96%91%EA%B4%91,https://www.solarlink.co.kr/?k=고흥-창고태양광,N
1366,전남,전남시군,고흥,축사 태양광,고흥 축사 태양광,고흥-축사태양광,https://www.solarlink.co.kr/?k=%EA%B3%A0%ED%9D%A5-%EC%B6%95%EC%82%AC%ED%83%9C%EC%96%91%EA%B4%91,https://www.solarlink.co.kr/?k=고흥-축사태양광,N
1367,전남,전남시군,고흥,지붕 태양광 임대,고흥 지붕 태양광 임대,고흥-지붕태양광임대,https://www.solarlink.co.kr/?k=%EA%B3%A0%ED%9D%A5-%EC%A7%80%EB%B6%95%ED%83%9C%EC%96%91%EA%B4%91%EC%9E%84%EB%8C%80,https://www.solarlink.co.kr/?k=고흥-지붕태양광임대,N
1368,전남,전남시군,고흥,태양광 발전사업,고흥 태양광 발전사업,고흥-태양광발전사업,https://www.solarlink.co.kr/?k=%EA%B3%A0%ED%9D%A5-%ED%83%9C%EC%96%91%EA%B4%91%EB%B0%9C%EC%A0%84%EC%82%AC%EC%97%85,https://www.solarlink.co.kr/?k=고흥-태양광발전사업,N
1369,전남,전남시군,보성,태양광 설치,보성 태양광 설치,보성-태양광설치,https://www.solarlink.co.kr/?k=%EB%B3%B4%EC%84%B1-%ED%83%9C%EC%96%91%EA%B4%91%EC%84%A4%EC%B9%98,https://www.solarlink.co.kr/?k=보성-태양광설치,N
1370,전남,전남시군,보성,태양광 업체,보성 태양광 업체,보성-태양광업체,https://www.solarlink.co.kr/?k=%EB%B3%B4%EC%84%B1-%ED%83%9C%EC%96%91%EA%B4%91%EC%97%85%EC%B2%B4,https://www.solarlink.co.kr/?k=보성-태양광업체,N
1371,전남,전남시군,보성,공장 태양광,보성 공장 태양광,보성-공장태양광,https://www.solarlink.co.kr/?k=%EB%B3%B4%EC%84%B1-%EA%B3%B5%EC%9E%A5%ED%83%9C%EC%96%91%EA%B4%91,https://www.solarlink.co.kr/?k=보성-공장태양광,N
1372,전남,전남시군,보성,공장 지붕 태양광,보성 공장 지붕 태양광,보성-공장지붕태양광,https://www.solarlink.co.kr/?k=%EB%B3%B4%EC%84%B1-%EA%B3%B5%EC%9E%A5%EC%A7%80%EB%B6%95%ED%83%9C%EC%96%91%EA%B4%91,https://www.solarlink.co.kr/?k=보성-공장지붕태양광,N
1373,전남,전남시군,보성,창고 태양광,보성 창고 태양광,보성-창고태양광,https://www.solarlink.co.kr/?k=%EB%B3%B4%EC%84%B1-%EC%B0%BD%EA%B3%A0%ED%83%9C%EC%96%91%EA%B4%91,https://www.solarlink.co.kr/?k=보성-창고태양광,N
1374,전남,전남시군,보성,축사 태양광,보성 축사 태양광,보성-축사태양광,https://www.solarlink.co.kr/?k=%EB%B3%B4%EC%84%B1-%EC%B6%95%EC%82%AC%ED%83%9C%EC%96%91%EA%B4%91,https://www.solarlink.co.kr/?k=보성-축사태양광,N
1375,전남,전남시군,보성,지붕 태양광 임대,보성 지붕 태양광 임대,보성-지붕태양광임대,https://www.solarlink.co.kr/?k=%EB%B3%B4%EC%84%B1-%EC%A7%80%EB%B6%95%ED%83%9C%EC%96%91%EA%B4%91%EC%9E%84%EB%8C%80,https://www.solarlink.co.kr/?k=보성-지붕태양광임대,N
1376,전남,전남시군,보성,태양광 발전사업,보성 태양광 발전사업,보성-태양광발전사업,https://www.solarlink.co.kr/?k=%EB%B3%B4%EC%84%B1-%ED%83%9C%EC%96%91%EA%B4%91%EB%B0%9C%EC%A0%84%EC%82%AC%EC%97%85,https://www.solarlink.co.kr/?k=보성-태양광발전사업,N
1377,전남,전남시군,화순,태양광 설치,화순 태양광 설치,화순-태양광설치,https://www.solarlink.co.kr/?k=%ED%99%94%EC%88%9C-%ED%83%9C%EC%96%91%EA%B4%91%EC%84%A4%EC%B9%98,https://www.solarlink.co.kr/?k=화순-태양광설치,N
1378,전남,전남시군,화순,태양광 업체,화순 태양광 업체,화순-태양광업체,https://www.solarlink.co.kr/?k=%ED%99%94%EC%88%9C-%ED%83%9C%EC%96%91%EA%B4%91%EC%97%85%EC%B2%B4,https://www.solarlink.co.kr/?k=화순-태양광업체,N
1379,전남,전남시군,화순,공장 태양광,화순 공장 태양광,화순-공장태양광,https://www.solarlink.co.kr/?k=%ED%99%94%EC%88%9C-%EA%B3%B5%EC%9E%A5%ED%83%9C%EC%96%91%EA%B4%91,https://www.solarlink.co.kr/?k=화순-공장태양광,N
1380,전남,전남시군,화순,공장 지붕 태양광,화순 공장 지붕 태양광,화순-공장지붕태양광,https://www.solarlink.co.kr/?k=%ED%99%94%EC%88%9C-%EA%B3%B5%EC%9E%A5%EC%A7%80%EB%B6%95%ED%83%9C%EC%96%91%EA%B4%91,https://www.solarlink.co.kr/?k=화순-공장지붕태양광,N
1381,전남,전남시군,화순,창고 태양광,화순 창고 태양광,화순-창고태양광,https://www.solarlink.co.kr/?k=%ED%99%94%EC%88%9C-%EC%B0%BD%EA%B3%A0%ED%83%9C%EC%96%91%EA%B4%91,https://www.solarlink.co.kr/?k=화순-창고태양광,N
1382,전남,전남시군,화순,축사 태양광,화순 축사 태양광,화순-축사태양광,https://www.solarlink.co.kr/?k=%ED%99%94%EC%88%9C-%EC%B6%95%EC%82%AC%ED%83%9C%EC%96%91%EA%B4%91,https://www.solarlink.co.kr/?k=화순-축사태양광,N
1383,전남,전남시군,화순,지붕 태양광 임대,화순 지붕 태양광 임대,화순-지붕태양광임대,https://www.solarlink.co.kr/?k=%ED%99%94%EC%88%9C-%EC%A7%80%EB%B6%95%ED%83%9C%EC%96%91%EA%B4%91%EC%9E%84%EB%8C%80,https://www.solarlink.co.kr/?k=화순-지붕태양광임대,N
1384,전남,전남시군,화순,태양광 발전사업,화순 태양광 발전사업,화순-태양광발전사업,https://www.solarlink.co.kr/?k=%ED%99%94%EC%88%9C-%ED%83%9C%EC%96%91%EA%B4%91%EB%B0%9C%EC%A0%84%EC%82%AC%EC%97%85,https://www.solarlink.co.kr/?k=화순-태양광발전사업,N
1385,전남,전남시군,장흥,태양광 설치,장흥 태양광 설치,장흥-태양광설치,https://www.solarlink.co.kr/?k=%EC%9E%A5%ED%9D%A5-%ED%83%9C%EC%96%91%EA%B4%91%EC%84%A4%EC%B9%98,https://www.solarlink.co.kr/?k=장흥-태양광설치,N
1386,전남,전남시군,장흥,태양광 업체,장흥 태양광 업체,장흥-태양광업체,https://www.solarlink.co.kr/?k=%EC%9E%A5%ED%9D%A5-%ED%83%9C%EC%96%91%EA%B4%91%EC%97%85%EC%B2%B4,https://www.solarlink.co.kr/?k=장흥-태양광업체,N
1387,전남,전남시군,장흥,공장 태양광,장흥 공장 태양광,장흥-공장태양광,https://www.solarlink.co.kr/?k=%EC%9E%A5%ED%9D%A5-%EA%B3%B5%EC%9E%A5%ED%83%9C%EC%96%91%EA%B4%91,https://www.solarlink.co.kr/?k=장흥-공장태양광,N
1388,전남,전남시군,장흥,공장 지붕 태양광,장흥 공장 지붕 태양광,장흥-공장지붕태양광,https://www.solarlink.co.kr/?k=%EC%9E%A5%ED%9D%A5-%EA%B3%B5%EC%9E%A5%EC%A7%80%EB%B6%95%ED%83%9C%EC%96%91%EA%B4%91,https://www.solarlink.co.kr/?k=장흥-공장지붕태양광,N
1389,전남,전남시군,장흥,창고 태양광,장흥 창고 태양광,장흥-창고태양광,https://www.solarlink.co.kr/?k=%EC%9E%A5%ED%9D%A5-%EC%B0%BD%EA%B3%A0%ED%83%9C%EC%96%91%EA%B4%91,https://www.solarlink.co.kr/?k=장흥-창고태양광,N
1390,전남,전남시군,장흥,축사 태양광,장흥 축사 태양광,장흥-축사태양광,https://www.solarlink.co.kr/?k=%EC%9E%A5%ED%9D%A5-%EC%B6%95%EC%82%AC%ED%83%9C%EC%96%91%EA%B4%91,https://www.solarlink.co.kr/?k=장흥-축사태양광,N
1391,전남,전남시군,장흥,지붕 태양광 임대,장흥 지붕 태양광 임대,장흥-지붕태양광임대,https://www.solarlink.co.kr/?k=%EC%9E%A5%ED%9D%A5-%EC%A7%80%EB%B6%95%ED%83%9C%EC%96%91%EA%B4%91%EC%9E%84%EB%8C%80,https://www.solarlink.co.kr/?k=장흥-지붕태양광임대,N
1392,전남,전남시군,장흥,태양광 발전사업,장흥 태양광 발전사업,장흥-태양광발전사업,https://www.solarlink.co.kr/?k=%EC%9E%A5%ED%9D%A5-%ED%83%9C%EC%96%91%EA%B4%91%EB%B0%9C%EC%A0%84%EC%82%AC%EC%97%85,https://www.solarlink.co.kr/?k=장흥-태양광발전사업,N
1393,전남,전남시군,강진,태양광 설치,강진 태양광 설치,강진-태양광설치,https://www.solarlink.co.kr/?k=%EA%B0%95%EC%A7%84-%ED%83%9C%EC%96%91%EA%B4%91%EC%84%A4%EC%B9%98,https://www.solarlink.co.kr/?k=강진-태양광설치,N
1394,전남,전남시군,강진,태양광 업체,강진 태양광 업체,강진-태양광업체,https://www.solarlink.co.kr/?k=%EA%B0%95%EC%A7%84-%ED%83%9C%EC%96%91%EA%B4%91%EC%97%85%EC%B2%B4,https://www.solarlink.co.kr/?k=강진-태양광업체,N
1395,전남,전남시군,강진,공장 태양광,강진 공장 태양광,강진-공장태양광,https://www.solarlink.co.kr/?k=%EA%B0%95%EC%A7%84-%EA%B3%B5%EC%9E%A5%ED%83%9C%EC%96%91%EA%B4%91,https://www.solarlink.co.kr/?k=강진-공장태양광,N
1396,전남,전남시군,강진,공장 지붕 태양광,강진 공장 지붕 태양광,강진-공장지붕태양광,https://www.solarlink.co.kr/?k=%EA%B0%95%EC%A7%84-%EA%B3%B5%EC%9E%A5%EC%A7%80%EB%B6%95%ED%83%9C%EC%96%91%EA%B4%91,https://www.solarlink.co.kr/?k=강진-공장지붕태양광,N
1397,전남,전남시군,강진,창고 태양광,강진 창고 태양광,강진-창고태양광,https://www.solarlink.co.kr/?k=%EA%B0%95%EC%A7%84-%EC%B0%BD%EA%B3%A0%ED%83%9C%EC%96%91%EA%B4%91,https://www.solarlink.co.kr/?k=강진-창고태양광,N
1398,전남,전남시군,강진,축사 태양광,강진 축사 태양광,강진-축사태양광,https://www.solarlink.co.kr/?k=%EA%B0%95%EC%A7%84-%EC%B6%95%EC%82%AC%ED%83%9C%EC%96%91%EA%B4%91,https://www.solarlink.co.kr/?k=강진-축사태양광,N
1399,전남,전남시군,강진,지붕 태양광 임대,강진 지붕 태양광 임대,강진-지붕태양광임대,https://www.solarlink.co.kr/?k=%EA%B0%95%EC%A7%84-%EC%A7%80%EB%B6%95%ED%83%9C%EC%96%91%EA%B4%91%EC%9E%84%EB%8C%80,https://www.solarlink.co.kr/?k=강진-지붕태양광임대,N
1400,전남,전남시군,강진,태양광 발전사업,강진 태양광 발전사업,강진-태양광발전사업,https://www.solarlink.co.kr/?k=%EA%B0%95%EC%A7%84-%ED%83%9C%EC%96%91%EA%B4%91%EB%B0%9C%EC%A0%84%EC%82%AC%EC%97%85,https://www.solarlink.co.kr/?k=강진-태양광발전사업,N
1401,전남,전남시군,해남,태양광 설치,해남 태양광 설치,해남-태양광설치,https://www.solarlink.co.kr/?k=%ED%95%B4%EB%82%A8-%ED%83%9C%EC%96%91%EA%B4%91%EC%84%A4%EC%B9%98,https://www.solarlink.co.kr/?k=해남-태양광설치,N
1402,전남,전남시군,해남,태양광 업체,해남 태양광 업체,해남-태양광업체,https://www.solarlink.co.kr/?k=%ED%95%B4%EB%82%A8-%ED%83%9C%EC%96%91%EA%B4%91%EC%97%85%EC%B2%B4,https://www.solarlink.co.kr/?k=해남-태양광업체,N
1403,전남,전남시군,해남,공장 태양광,해남 공장 태양광,해남-공장태양광,https://www.solarlink.co.kr/?k=%ED%95%B4%EB%82%A8-%EA%B3%B5%EC%9E%A5%ED%83%9C%EC%96%91%EA%B4%91,https://www.solarlink.co.kr/?k=해남-공장태양광,N
1404,전남,전남시군,해남,공장 지붕 태양광,해남 공장 지붕 태양광,해남-공장지붕태양광,https://www.solarlink.co.kr/?k=%ED%95%B4%EB%82%A8-%EA%B3%B5%EC%9E%A5%EC%A7%80%EB%B6%95%ED%83%9C%EC%96%91%EA%B4%91,https://www.solarlink.co.kr/?k=해남-공장지붕태양광,N
1405,전남,전남시군,해남,창고 태양광,해남 창고 태양광,해남-창고태양광,https://www.solarlink.co.kr/?k=%ED%95%B4%EB%82%A8-%EC%B0%BD%EA%B3%A0%ED%83%9C%EC%96%91%EA%B4%91,https://www.solarlink.co.kr/?k=해남-창고태양광,N
1406,전남,전남시군,해남,축사 태양광,해남 축사 태양광,해남-축사태양광,https://www.solarlink.co.kr/?k=%ED%95%B4%EB%82%A8-%EC%B6%95%EC%82%AC%ED%83%9C%EC%96%91%EA%B4%91,https://www.solarlink.co.kr/?k=해남-축사태양광,N
1407,전남,전남시군,해남,지붕 태양광 임대,해남 지붕 태양광 임대,해남-지붕태양광임대,https://www.solarlink.co.kr/?k=%ED%95%B4%EB%82%A8-%EC%A7%80%EB%B6%95%ED%83%9C%EC%96%91%EA%B4%91%EC%9E%84%EB%8C%80,https://www.solarlink.co.kr/?k=해남-지붕태양광임대,N
1408,전남,전남시군,해남,태양광 발전사업,해남 태양광 발전사업,해남-태양광발전사업,https://www.solarlink.co.kr/?k=%ED%95%B4%EB%82%A8-%ED%83%9C%EC%96%91%EA%B4%91%EB%B0%9C%EC%A0%84%EC%82%AC%EC%97%85,https://www.solarlink.co.kr/?k=해남-태양광발전사업,N
1409,전남,전남시군,영암,태양광 설치,영암 태양광 설치,영암-태양광설치,https://www.solarlink.co.kr/?k=%EC%98%81%EC%95%94-%ED%83%9C%EC%96%91%EA%B4%91%EC%84%A4%EC%B9%98,https://www.solarlink.co.kr/?k=영암-태양광설치,N
1410,전남,전남시군,영암,태양광 업체,영암 태양광 업체,영암-태양광업체,https://www.solarlink.co.kr/?k=%EC%98%81%EC%95%94-%ED%83%9C%EC%96%91%EA%B4%91%EC%97%85%EC%B2%B4,https://www.solarlink.co.kr/?k=영암-태양광업체,N
1411,전남,전남시군,영암,공장 태양광,영암 공장 태양광,영암-공장태양광,https://www.solarlink.co.kr/?k=%EC%98%81%EC%95%94-%EA%B3%B5%EC%9E%A5%ED%83%9C%EC%96%91%EA%B4%91,https://www.solarlink.co.kr/?k=영암-공장태양광,N
1412,전남,전남시군,영암,공장 지붕 태양광,영암 공장 지붕 태양광,영암-공장지붕태양광,https://www.solarlink.co.kr/?k=%EC%98%81%EC%95%94-%EA%B3%B5%EC%9E%A5%EC%A7%80%EB%B6%95%ED%83%9C%EC%96%91%EA%B4%91,https://www.solarlink.co.kr/?k=영암-공장지붕태양광,N
1413,전남,전남시군,영암,창고 태양광,영암 창고 태양광,영암-창고태양광,https://www.solarlink.co.kr/?k=%EC%98%81%EC%95%94-%EC%B0%BD%EA%B3%A0%ED%83%9C%EC%96%91%EA%B4%91,https://www.solarlink.co.kr/?k=영암-창고태양광,N
1414,전남,전남시군,영암,축사 태양광,영암 축사 태양광,영암-축사태양광,https://www.solarlink.co.kr/?k=%EC%98%81%EC%95%94-%EC%B6%95%EC%82%AC%ED%83%9C%EC%96%91%EA%B4%91,https://www.solarlink.co.kr/?k=영암-축사태양광,N
1415,전남,전남시군,영암,지붕 태양광 임대,영암 지붕 태양광 임대,영암-지붕태양광임대,https://www.solarlink.co.kr/?k=%EC%98%81%EC%95%94-%EC%A7%80%EB%B6%95%ED%83%9C%EC%96%91%EA%B4%91%EC%9E%84%EB%8C%80,https://www.solarlink.co.kr/?k=영암-지붕태양광임대,N
1416,전남,전남시군,영암,태양광 발전사업,영암 태양광 발전사업,영암-태양광발전사업,https://www.solarlink.co.kr/?k=%EC%98%81%EC%95%94-%ED%83%9C%EC%96%91%EA%B4%91%EB%B0%9C%EC%A0%84%EC%82%AC%EC%97%85,https://www.solarlink.co.kr/?k=영암-태양광발전사업,N
1417,전남,전남시군,무안,태양광 설치,무안 태양광 설치,무안-태양광설치,https://www.solarlink.co.kr/?k=%EB%AC%B4%EC%95%88-%ED%83%9C%EC%96%91%EA%B4%91%EC%84%A4%EC%B9%98,https://www.solarlink.co.kr/?k=무안-태양광설치,N
1418,전남,전남시군,무안,태양광 업체,무안 태양광 업체,무안-태양광업체,https://www.solarlink.co.kr/?k=%EB%AC%B4%EC%95%88-%ED%83%9C%EC%96%91%EA%B4%91%EC%97%85%EC%B2%B4,https://www.solarlink.co.kr/?k=무안-태양광업체,N
1419,전남,전남시군,무안,공장 태양광,무안 공장 태양광,무안-공장태양광,https://www.solarlink.co.kr/?k=%EB%AC%B4%EC%95%88-%EA%B3%B5%EC%9E%A5%ED%83%9C%EC%96%91%EA%B4%91,https://www.solarlink.co.kr/?k=무안-공장태양광,N
1420,전남,전남시군,무안,공장 지붕 태양광,무안 공장 지붕 태양광,무안-공장지붕태양광,https://www.solarlink.co.kr/?k=%EB%AC%B4%EC%95%88-%EA%B3%B5%EC%9E%A5%EC%A7%80%EB%B6%95%ED%83%9C%EC%96%91%EA%B4%91,https://www.solarlink.co.kr/?k=무안-공장지붕태양광,N
1421,전남,전남시군,무안,창고 태양광,무안 창고 태양광,무안-창고태양광,https://www.solarlink.co.kr/?k=%EB%AC%B4%EC%95%88-%EC%B0%BD%EA%B3%A0%ED%83%9C%EC%96%91%EA%B4%91,https://www.solarlink.co.kr/?k=무안-창고태양광,N
1422,전남,전남시군,무안,축사 태양광,무안 축사 태양광,무안-축사태양광,https://www.solarlink.co.kr/?k=%EB%AC%B4%EC%95%88-%EC%B6%95%EC%82%AC%ED%83%9C%EC%96%91%EA%B4%91,https://www.solarlink.co.kr/?k=무안-축사태양광,N
1423,전남,전남시군,무안,지붕 태양광 임대,무안 지붕 태양광 임대,무안-지붕태양광임대,https://www.solarlink.co.kr/?k=%EB%AC%B4%EC%95%88-%EC%A7%80%EB%B6%95%ED%83%9C%EC%96%91%EA%B4%91%EC%9E%84%EB%8C%80,https://www.solarlink.co.kr/?k=무안-지붕태양광임대,N
1424,전남,전남시군,무안,태양광 발전사업,무안 태양광 발전사업,무안-태양광발전사업,https://www.solarlink.co.kr/?k=%EB%AC%B4%EC%95%88-%ED%83%9C%EC%96%91%EA%B4%91%EB%B0%9C%EC%A0%84%EC%82%AC%EC%97%85,https://www.solarlink.co.kr/?k=무안-태양광발전사업,N
1425,전남,전남시군,함평,태양광 설치,함평 태양광 설치,함평-태양광설치,https://www.solarlink.co.kr/?k=%ED%95%A8%ED%8F%89-%ED%83%9C%EC%96%91%EA%B4%91%EC%84%A4%EC%B9%98,https://www.solarlink.co.kr/?k=함평-태양광설치,N
1426,전남,전남시군,함평,태양광 업체,함평 태양광 업체,함평-태양광업체,https://www.solarlink.co.kr/?k=%ED%95%A8%ED%8F%89-%ED%83%9C%EC%96%91%EA%B4%91%EC%97%85%EC%B2%B4,https://www.solarlink.co.kr/?k=함평-태양광업체,N
1427,전남,전남시군,함평,공장 태양광,함평 공장 태양광,함평-공장태양광,https://www.solarlink.co.kr/?k=%ED%95%A8%ED%8F%89-%EA%B3%B5%EC%9E%A5%ED%83%9C%EC%96%91%EA%B4%91,https://www.solarlink.co.kr/?k=함평-공장태양광,N
1428,전남,전남시군,함평,공장 지붕 태양광,함평 공장 지붕 태양광,함평-공장지붕태양광,https://www.solarlink.co.kr/?k=%ED%95%A8%ED%8F%89-%EA%B3%B5%EC%9E%A5%EC%A7%80%EB%B6%95%ED%83%9C%EC%96%91%EA%B4%91,https://www.solarlink.co.kr/?k=함평-공장지붕태양광,N
1429,전남,전남시군,함평,창고 태양광,함평 창고 태양광,함평-창고태양광,https://www.solarlink.co.kr/?k=%ED%95%A8%ED%8F%89-%EC%B0%BD%EA%B3%A0%ED%83%9C%EC%96%91%EA%B4%91,https://www.solarlink.co.kr/?k=함평-창고태양광,N
1430,전남,전남시군,함평,축사 태양광,함평 축사 태양광,함평-축사태양광,https://www.solarlink.co.kr/?k=%ED%95%A8%ED%8F%89-%EC%B6%95%EC%82%AC%ED%83%9C%EC%96%91%EA%B4%91,https://www.solarlink.co.kr/?k=함평-축사태양광,N
1431,전남,전남시군,함평,지붕 태양광 임대,함평 지붕 태양광 임대,함평-지붕태양광임대,https://www.solarlink.co.kr/?k=%ED%95%A8%ED%8F%89-%EC%A7%80%EB%B6%95%ED%83%9C%EC%96%91%EA%B4%91%EC%9E%84%EB%8C%80,https://www.solarlink.co.kr/?k=함평-지붕태양광임대,N
1432,전남,전남시군,함평,태양광 발전사업,함평 태양광 발전사업,함평-태양광발전사업,https://www.solarlink.co.kr/?k=%ED%95%A8%ED%8F%89-%ED%83%9C%EC%96%91%EA%B4%91%EB%B0%9C%EC%A0%84%EC%82%AC%EC%97%85,https://www.solarlink.co.kr/?k=함평-태양광발전사업,N
1433,전남,전남시군,영광,태양광 설치,영광 태양광 설치,영광-태양광설치,https://www.solarlink.co.kr/?k=%EC%98%81%EA%B4%91-%ED%83%9C%EC%96%91%EA%B4%91%EC%84%A4%EC%B9%98,https://www.solarlink.co.kr/?k=영광-태양광설치,N
1434,전남,전남시군,영광,태양광 업체,영광 태양광 업체,영광-태양광업체,https://www.solarlink.co.kr/?k=%EC%98%81%EA%B4%91-%ED%83%9C%EC%96%91%EA%B4%91%EC%97%85%EC%B2%B4,https://www.solarlink.co.kr/?k=영광-태양광업체,N
1435,전남,전남시군,영광,공장 태양광,영광 공장 태양광,영광-공장태양광,https://www.solarlink.co.kr/?k=%EC%98%81%EA%B4%91-%EA%B3%B5%EC%9E%A5%ED%83%9C%EC%96%91%EA%B4%91,https://www.solarlink.co.kr/?k=영광-공장태양광,N
1436,전남,전남시군,영광,공장 지붕 태양광,영광 공장 지붕 태양광,영광-공장지붕태양광,https://www.solarlink.co.kr/?k=%EC%98%81%EA%B4%91-%EA%B3%B5%EC%9E%A5%EC%A7%80%EB%B6%95%ED%83%9C%EC%96%91%EA%B4%91,https://www.solarlink.co.kr/?k=영광-공장지붕태양광,N
1437,전남,전남시군,영광,창고 태양광,영광 창고 태양광,영광-창고태양광,https://www.solarlink.co.kr/?k=%EC%98%81%EA%B4%91-%EC%B0%BD%EA%B3%A0%ED%83%9C%EC%96%91%EA%B4%91,https://www.solarlink.co.kr/?k=영광-창고태양광,N
1438,전남,전남시군,영광,축사 태양광,영광 축사 태양광,영광-축사태양광,https://www.solarlink.co.kr/?k=%EC%98%81%EA%B4%91-%EC%B6%95%EC%82%AC%ED%83%9C%EC%96%91%EA%B4%91,https://www.solarlink.co.kr/?k=영광-축사태양광,N
1439,전남,전남시군,영광,지붕 태양광 임대,영광 지붕 태양광 임대,영광-지붕태양광임대,https://www.solarlink.co.kr/?k=%EC%98%81%EA%B4%91-%EC%A7%80%EB%B6%95%ED%83%9C%EC%96%91%EA%B4%91%EC%9E%84%EB%8C%80,https://www.solarlink.co.kr/?k=영광-지붕태양광임대,N
1440,전남,전남시군,영광,태양광 발전사업,영광 태양광 발전사업,영광-태양광발전사업,https://www.solarlink.co.kr/?k=%EC%98%81%EA%B4%91-%ED%83%9C%EC%96%91%EA%B4%91%EB%B0%9C%EC%A0%84%EC%82%AC%EC%97%85,https://www.solarlink.co.kr/?k=영광-태양광발전사업,N
1441,전남,전남시군,장성,태양광 설치,장성 태양광 설치,장성-태양광설치,https://www.solarlink.co.kr/?k=%EC%9E%A5%EC%84%B1-%ED%83%9C%EC%96%91%EA%B4%91%EC%84%A4%EC%B9%98,https://www.solarlink.co.kr/?k=장성-태양광설치,N
1442,전남,전남시군,장성,태양광 업체,장성 태양광 업체,장성-태양광업체,https://www.solarlink.co.kr/?k=%EC%9E%A5%EC%84%B1-%ED%83%9C%EC%96%91%EA%B4%91%EC%97%85%EC%B2%B4,https://www.solarlink.co.kr/?k=장성-태양광업체,N
1443,전남,전남시군,장성,공장 태양광,장성 공장 태양광,장성-공장태양광,https://www.solarlink.co.kr/?k=%EC%9E%A5%EC%84%B1-%EA%B3%B5%EC%9E%A5%ED%83%9C%EC%96%91%EA%B4%91,https://www.solarlink.co.kr/?k=장성-공장태양광,N
1444,전남,전남시군,장성,공장 지붕 태양광,장성 공장 지붕 태양광,장성-공장지붕태양광,https://www.solarlink.co.kr/?k=%EC%9E%A5%EC%84%B1-%EA%B3%B5%EC%9E%A5%EC%A7%80%EB%B6%95%ED%83%9C%EC%96%91%EA%B4%91,https://www.solarlink.co.kr/?k=장성-공장지붕태양광,N
1445,전남,전남시군,장성,창고 태양광,장성 창고 태양광,장성-창고태양광,https://www.solarlink.co.kr/?k=%EC%9E%A5%EC%84%B1-%EC%B0%BD%EA%B3%A0%ED%83%9C%EC%96%91%EA%B4%91,https://www.solarlink.co.kr/?k=장성-창고태양광,N
1446,전남,전남시군,장성,축사 태양광,장성 축사 태양광,장성-축사태양광,https://www.solarlink.co.kr/?k=%EC%9E%A5%EC%84%B1-%EC%B6%95%EC%82%AC%ED%83%9C%EC%96%91%EA%B4%91,https://www.solarlink.co.kr/?k=장성-축사태양광,N
1447,전남,전남시군,장성,지붕 태양광 임대,장성 지붕 태양광 임대,장성-지붕태양광임대,https://www.solarlink.co.kr/?k=%EC%9E%A5%EC%84%B1-%EC%A7%80%EB%B6%95%ED%83%9C%EC%96%91%EA%B4%91%EC%9E%84%EB%8C%80,https://www.solarlink.co.kr/?k=장성-지붕태양광임대,N
1448,전남,전남시군,장성,태양광 발전사업,장성 태양광 발전사업,장성-태양광발전사업,https://www.solarlink.co.kr/?k=%EC%9E%A5%EC%84%B1-%ED%83%9C%EC%96%91%EA%B4%91%EB%B0%9C%EC%A0%84%EC%82%AC%EC%97%85,https://www.solarlink.co.kr/?k=장성-태양광발전사업,N
1449,전남,전남시군,완도,태양광 설치,완도 태양광 설치,완도-태양광설치,https://www.solarlink.co.kr/?k=%EC%99%84%EB%8F%84-%ED%83%9C%EC%96%91%EA%B4%91%EC%84%A4%EC%B9%98,https://www.solarlink.co.kr/?k=완도-태양광설치,N
1450,전남,전남시군,완도,태양광 업체,완도 태양광 업체,완도-태양광업체,https://www.solarlink.co.kr/?k=%EC%99%84%EB%8F%84-%ED%83%9C%EC%96%91%EA%B4%91%EC%97%85%EC%B2%B4,https://www.solarlink.co.kr/?k=완도-태양광업체,N
1451,전남,전남시군,완도,공장 태양광,완도 공장 태양광,완도-공장태양광,https://www.solarlink.co.kr/?k=%EC%99%84%EB%8F%84-%EA%B3%B5%EC%9E%A5%ED%83%9C%EC%96%91%EA%B4%91,https://www.solarlink.co.kr/?k=완도-공장태양광,N
1452,전남,전남시군,완도,공장 지붕 태양광,완도 공장 지붕 태양광,완도-공장지붕태양광,https://www.solarlink.co.kr/?k=%EC%99%84%EB%8F%84-%EA%B3%B5%EC%9E%A5%EC%A7%80%EB%B6%95%ED%83%9C%EC%96%91%EA%B4%91,https://www.solarlink.co.kr/?k=완도-공장지붕태양광,N
1453,전남,전남시군,완도,창고 태양광,완도 창고 태양광,완도-창고태양광,https://www.solarlink.co.kr/?k=%EC%99%84%EB%8F%84-%EC%B0%BD%EA%B3%A0%ED%83%9C%EC%96%91%EA%B4%91,https://www.solarlink.co.kr/?k=완도-창고태양광,N
1454,전남,전남시군,완도,축사 태양광,완도 축사 태양광,완도-축사태양광,https://www.solarlink.co.kr/?k=%EC%99%84%EB%8F%84-%EC%B6%95%EC%82%AC%ED%83%9C%EC%96%91%EA%B4%91,https://www.solarlink.co.kr/?k=완도-축사태양광,N
1455,전남,전남시군,완도,지붕 태양광 임대,완도 지붕 태양광 임대,완도-지붕태양광임대,https://www.solarlink.co.kr/?k=%EC%99%84%EB%8F%84-%EC%A7%80%EB%B6%95%ED%83%9C%EC%96%91%EA%B4%91%EC%9E%84%EB%8C%80,https://www.solarlink.co.kr/?k=완도-지붕태양광임대,N
1456,전남,전남시군,완도,태양광 발전사업,완도 태양광 발전사업,완도-태양광발전사업,https://www.solarlink.co.kr/?k=%EC%99%84%EB%8F%84-%ED%83%9C%EC%96%91%EA%B4%91%EB%B0%9C%EC%A0%84%EC%82%AC%EC%97%85,https://www.solarlink.co.kr/?k=완도-태양광발전사업,N
1457,전남,전남시군,진도,태양광 설치,진도 태양광 설치,진도-태양광설치,https://www.solarlink.co.kr/?k=%EC%A7%84%EB%8F%84-%ED%83%9C%EC%96%91%EA%B4%91%EC%84%A4%EC%B9%98,https://www.solarlink.co.kr/?k=진도-태양광설치,N
1458,전남,전남시군,진도,태양광 업체,진도 태양광 업체,진도-태양광업체,https://www.solarlink.co.kr/?k=%EC%A7%84%EB%8F%84-%ED%83%9C%EC%96%91%EA%B4%91%EC%97%85%EC%B2%B4,https://www.solarlink.co.kr/?k=진도-태양광업체,N
1459,전남,전남시군,진도,공장 태양광,진도 공장 태양광,진도-공장태양광,https://www.solarlink.co.kr/?k=%EC%A7%84%EB%8F%84-%EA%B3%B5%EC%9E%A5%ED%83%9C%EC%96%91%EA%B4%91,https://www.solarlink.co.kr/?k=진도-공장태양광,N
1460,전남,전남시군,진도,공장 지붕 태양광,진도 공장 지붕 태양광,진도-공장지붕태양광,https://www.solarlink.co.kr/?k=%EC%A7%84%EB%8F%84-%EA%B3%B5%EC%9E%A5%EC%A7%80%EB%B6%95%ED%83%9C%EC%96%91%EA%B4%91,https://www.solarlink.co.kr/?k=진도-공장지붕태양광,N
1461,전남,전남시군,진도,창고 태양광,진도 창고 태양광,진도-창고태양광,https://www.solarlink.co.kr/?k=%EC%A7%84%EB%8F%84-%EC%B0%BD%EA%B3%A0%ED%83%9C%EC%96%91%EA%B4%91,https://www.solarlink.co.kr/?k=진도-창고태양광,N
1462,전남,전남시군,진도,축사 태양광,진도 축사 태양광,진도-축사태양광,https://www.solarlink.co.kr/?k=%EC%A7%84%EB%8F%84-%EC%B6%95%EC%82%AC%ED%83%9C%EC%96%91%EA%B4%91,https://www.solarlink.co.kr/?k=진도-축사태양광,N
1463,전남,전남시군,진도,지붕 태양광 임대,진도 지붕 태양광 임대,진도-지붕태양광임대,https://www.solarlink.co.kr/?k=%EC%A7%84%EB%8F%84-%EC%A7%80%EB%B6%95%ED%83%9C%EC%96%91%EA%B4%91%EC%9E%84%EB%8C%80,https://www.solarlink.co.kr/?k=진도-지붕태양광임대,N
1464,전남,전남시군,진도,태양광 발전사업,진도 태양광 발전사업,진도-태양광발전사업,https://www.solarlink.co.kr/?k=%EC%A7%84%EB%8F%84-%ED%83%9C%EC%96%91%EA%B4%91%EB%B0%9C%EC%A0%84%EC%82%AC%EC%97%85,https://www.solarlink.co.kr/?k=진도-태양광발전사업,N
1465,전남,전남시군,신안,태양광 설치,신안 태양광 설치,신안-태양광설치,https://www.solarlink.co.kr/?k=%EC%8B%A0%EC%95%88-%ED%83%9C%EC%96%91%EA%B4%91%EC%84%A4%EC%B9%98,https://www.solarlink.co.kr/?k=신안-태양광설치,N
1466,전남,전남시군,신안,태양광 업체,신안 태양광 업체,신안-태양광업체,https://www.solarlink.co.kr/?k=%EC%8B%A0%EC%95%88-%ED%83%9C%EC%96%91%EA%B4%91%EC%97%85%EC%B2%B4,https://www.solarlink.co.kr/?k=신안-태양광업체,N
1467,전남,전남시군,신안,공장 태양광,신안 공장 태양광,신안-공장태양광,https://www.solarlink.co.kr/?k=%EC%8B%A0%EC%95%88-%EA%B3%B5%EC%9E%A5%ED%83%9C%EC%96%91%EA%B4%91,https://www.solarlink.co.kr/?k=신안-공장태양광,N
1468,전남,전남시군,신안,공장 지붕 태양광,신안 공장 지붕 태양광,신안-공장지붕태양광,https://www.solarlink.co.kr/?k=%EC%8B%A0%EC%95%88-%EA%B3%B5%EC%9E%A5%EC%A7%80%EB%B6%95%ED%83%9C%EC%96%91%EA%B4%91,https://www.solarlink.co.kr/?k=신안-공장지붕태양광,N
1469,전남,전남시군,신안,창고 태양광,신안 창고 태양광,신안-창고태양광,https://www.solarlink.co.kr/?k=%EC%8B%A0%EC%95%88-%EC%B0%BD%EA%B3%A0%ED%83%9C%EC%96%91%EA%B4%91,https://www.solarlink.co.kr/?k=신안-창고태양광,N
1470,전남,전남시군,신안,축사 태양광,신안 축사 태양광,신안-축사태양광,https://www.solarlink.co.kr/?k=%EC%8B%A0%EC%95%88-%EC%B6%95%EC%82%AC%ED%83%9C%EC%96%91%EA%B4%91,https://www.solarlink.co.kr/?k=신안-축사태양광,N
1471,전남,전남시군,신안,지붕 태양광 임대,신안 지붕 태양광 임대,신안-지붕태양광임대,https://www.solarlink.co.kr/?k=%EC%8B%A0%EC%95%88-%EC%A7%80%EB%B6%95%ED%83%9C%EC%96%91%EA%B4%91%EC%9E%84%EB%8C%80,https://www.solarlink.co.kr/?k=신안-지붕태양광임대,N
1472,전남,전남시군,신안,태양광 발전사업,신안 태양광 발전사업,신안-태양광발전사업,https://www.solarlink.co.kr/?k=%EC%8B%A0%EC%95%88-%ED%83%9C%EC%96%91%EA%B4%91%EB%B0%9C%EC%A0%84%EC%82%AC%EC%97%85,https://www.solarlink.co.kr/?k=신안-태양광발전사업,N
1473,전북,전북시군,전주,태양광 설치,전주 태양광 설치,전주-태양광설치,https://www.solarlink.co.kr/?k=%EC%A0%84%EC%A3%BC-%ED%83%9C%EC%96%91%EA%B4%91%EC%84%A4%EC%B9%98,https://www.solarlink.co.kr/?k=전주-태양광설치,N
1474,전북,전북시군,전주,태양광 업체,전주 태양광 업체,전주-태양광업체,https://www.solarlink.co.kr/?k=%EC%A0%84%EC%A3%BC-%ED%83%9C%EC%96%91%EA%B4%91%EC%97%85%EC%B2%B4,https://www.solarlink.co.kr/?k=전주-태양광업체,N
1475,전북,전북시군,전주,공장 태양광,전주 공장 태양광,전주-공장태양광,https://www.solarlink.co.kr/?k=%EC%A0%84%EC%A3%BC-%EA%B3%B5%EC%9E%A5%ED%83%9C%EC%96%91%EA%B4%91,https://www.solarlink.co.kr/?k=전주-공장태양광,N
1476,전북,전북시군,전주,공장 지붕 태양광,전주 공장 지붕 태양광,전주-공장지붕태양광,https://www.solarlink.co.kr/?k=%EC%A0%84%EC%A3%BC-%EA%B3%B5%EC%9E%A5%EC%A7%80%EB%B6%95%ED%83%9C%EC%96%91%EA%B4%91,https://www.solarlink.co.kr/?k=전주-공장지붕태양광,N
1477,전북,전북시군,전주,창고 태양광,전주 창고 태양광,전주-창고태양광,https://www.solarlink.co.kr/?k=%EC%A0%84%EC%A3%BC-%EC%B0%BD%EA%B3%A0%ED%83%9C%EC%96%91%EA%B4%91,https://www.solarlink.co.kr/?k=전주-창고태양광,N
1478,전북,전북시군,전주,축사 태양광,전주 축사 태양광,전주-축사태양광,https://www.solarlink.co.kr/?k=%EC%A0%84%EC%A3%BC-%EC%B6%95%EC%82%AC%ED%83%9C%EC%96%91%EA%B4%91,https://www.solarlink.co.kr/?k=전주-축사태양광,N
1479,전북,전북시군,전주,지붕 태양광 임대,전주 지붕 태양광 임대,전주-지붕태양광임대,https://www.solarlink.co.kr/?k=%EC%A0%84%EC%A3%BC-%EC%A7%80%EB%B6%95%ED%83%9C%EC%96%91%EA%B4%91%EC%9E%84%EB%8C%80,https://www.solarlink.co.kr/?k=전주-지붕태양광임대,N
1480,전북,전북시군,전주,태양광 발전사업,전주 태양광 발전사업,전주-태양광발전사업,https://www.solarlink.co.kr/?k=%EC%A0%84%EC%A3%BC-%ED%83%9C%EC%96%91%EA%B4%91%EB%B0%9C%EC%A0%84%EC%82%AC%EC%97%85,https://www.solarlink.co.kr/?k=전주-태양광발전사업,N
1481,전북,전북시군,군산,태양광 설치,군산 태양광 설치,군산-태양광설치,https://www.solarlink.co.kr/?k=%EA%B5%B0%EC%82%B0-%ED%83%9C%EC%96%91%EA%B4%91%EC%84%A4%EC%B9%98,https://www.solarlink.co.kr/?k=군산-태양광설치,N
1482,전북,전북시군,군산,태양광 업체,군산 태양광 업체,군산-태양광업체,https://www.solarlink.co.kr/?k=%EA%B5%B0%EC%82%B0-%ED%83%9C%EC%96%91%EA%B4%91%EC%97%85%EC%B2%B4,https://www.solarlink.co.kr/?k=군산-태양광업체,N
1483,전북,전북시군,군산,공장 태양광,군산 공장 태양광,군산-공장태양광,https://www.solarlink.co.kr/?k=%EA%B5%B0%EC%82%B0-%EA%B3%B5%EC%9E%A5%ED%83%9C%EC%96%91%EA%B4%91,https://www.solarlink.co.kr/?k=군산-공장태양광,N
1484,전북,전북시군,군산,공장 지붕 태양광,군산 공장 지붕 태양광,군산-공장지붕태양광,https://www.solarlink.co.kr/?k=%EA%B5%B0%EC%82%B0-%EA%B3%B5%EC%9E%A5%EC%A7%80%EB%B6%95%ED%83%9C%EC%96%91%EA%B4%91,https://www.solarlink.co.kr/?k=군산-공장지붕태양광,N
1485,전북,전북시군,군산,창고 태양광,군산 창고 태양광,군산-창고태양광,https://www.solarlink.co.kr/?k=%EA%B5%B0%EC%82%B0-%EC%B0%BD%EA%B3%A0%ED%83%9C%EC%96%91%EA%B4%91,https://www.solarlink.co.kr/?k=군산-창고태양광,N
1486,전북,전북시군,군산,축사 태양광,군산 축사 태양광,군산-축사태양광,https://www.solarlink.co.kr/?k=%EA%B5%B0%EC%82%B0-%EC%B6%95%EC%82%AC%ED%83%9C%EC%96%91%EA%B4%91,https://www.solarlink.co.kr/?k=군산-축사태양광,N
1487,전북,전북시군,군산,지붕 태양광 임대,군산 지붕 태양광 임대,군산-지붕태양광임대,https://www.solarlink.co.kr/?k=%EA%B5%B0%EC%82%B0-%EC%A7%80%EB%B6%95%ED%83%9C%EC%96%91%EA%B4%91%EC%9E%84%EB%8C%80,https://www.solarlink.co.kr/?k=군산-지붕태양광임대,N
1488,전북,전북시군,군산,태양광 발전사업,군산 태양광 발전사업,군산-태양광발전사업,https://www.solarlink.co.kr/?k=%EA%B5%B0%EC%82%B0-%ED%83%9C%EC%96%91%EA%B4%91%EB%B0%9C%EC%A0%84%EC%82%AC%EC%97%85,https://www.solarlink.co.kr/?k=군산-태양광발전사업,N
1489,전북,전북시군,익산,태양광 설치,익산 태양광 설치,익산-태양광설치,https://www.solarlink.co.kr/?k=%EC%9D%B5%EC%82%B0-%ED%83%9C%EC%96%91%EA%B4%91%EC%84%A4%EC%B9%98,https://www.solarlink.co.kr/?k=익산-태양광설치,N
1490,전북,전북시군,익산,태양광 업체,익산 태양광 업체,익산-태양광업체,https://www.solarlink.co.kr/?k=%EC%9D%B5%EC%82%B0-%ED%83%9C%EC%96%91%EA%B4%91%EC%97%85%EC%B2%B4,https://www.solarlink.co.kr/?k=익산-태양광업체,N
1491,전북,전북시군,익산,공장 태양광,익산 공장 태양광,익산-공장태양광,https://www.solarlink.co.kr/?k=%EC%9D%B5%EC%82%B0-%EA%B3%B5%EC%9E%A5%ED%83%9C%EC%96%91%EA%B4%91,https://www.solarlink.co.kr/?k=익산-공장태양광,N
1492,전북,전북시군,익산,공장 지붕 태양광,익산 공장 지붕 태양광,익산-공장지붕태양광,https://www.solarlink.co.kr/?k=%EC%9D%B5%EC%82%B0-%EA%B3%B5%EC%9E%A5%EC%A7%80%EB%B6%95%ED%83%9C%EC%96%91%EA%B4%91,https://www.solarlink.co.kr/?k=익산-공장지붕태양광,N
1493,전북,전북시군,익산,창고 태양광,익산 창고 태양광,익산-창고태양광,https://www.solarlink.co.kr/?k=%EC%9D%B5%EC%82%B0-%EC%B0%BD%EA%B3%A0%ED%83%9C%EC%96%91%EA%B4%91,https://www.solarlink.co.kr/?k=익산-창고태양광,N
1494,전북,전북시군,익산,축사 태양광,익산 축사 태양광,익산-축사태양광,https://www.solarlink.co.kr/?k=%EC%9D%B5%EC%82%B0-%EC%B6%95%EC%82%AC%ED%83%9C%EC%96%91%EA%B4%91,https://www.solarlink.co.kr/?k=익산-축사태양광,N
1495,전북,전북시군,익산,지붕 태양광 임대,익산 지붕 태양광 임대,익산-지붕태양광임대,https://www.solarlink.co.kr/?k=%EC%9D%B5%EC%82%B0-%EC%A7%80%EB%B6%95%ED%83%9C%EC%96%91%EA%B4%91%EC%9E%84%EB%8C%80,https://www.solarlink.co.kr/?k=익산-지붕태양광임대,N
1496,전북,전북시군,익산,태양광 발전사업,익산 태양광 발전사업,익산-태양광발전사업,https://www.solarlink.co.kr/?k=%EC%9D%B5%EC%82%B0-%ED%83%9C%EC%96%91%EA%B4%91%EB%B0%9C%EC%A0%84%EC%82%AC%EC%97%85,https://www.solarlink.co.kr/?k=익산-태양광발전사업,N
1497,전북,전북시군,정읍,태양광 설치,정읍 태양광 설치,정읍-태양광설치,https://www.solarlink.co.kr/?k=%EC%A0%95%EC%9D%8D-%ED%83%9C%EC%96%91%EA%B4%91%EC%84%A4%EC%B9%98,https://www.solarlink.co.kr/?k=정읍-태양광설치,N
1498,전북,전북시군,정읍,태양광 업체,정읍 태양광 업체,정읍-태양광업체,https://www.solarlink.co.kr/?k=%EC%A0%95%EC%9D%8D-%ED%83%9C%EC%96%91%EA%B4%91%EC%97%85%EC%B2%B4,https://www.solarlink.co.kr/?k=정읍-태양광업체,N
1499,전북,전북시군,정읍,공장 태양광,정읍 공장 태양광,정읍-공장태양광,https://www.solarlink.co.kr/?k=%EC%A0%95%EC%9D%8D-%EA%B3%B5%EC%9E%A5%ED%83%9C%EC%96%91%EA%B4%91,https://www.solarlink.co.kr/?k=정읍-공장태양광,N
1500,전북,전북시군,정읍,공장 지붕 태양광,정읍 공장 지붕 태양광,정읍-공장지붕태양광,https://www.solarlink.co.kr/?k=%EC%A0%95%EC%9D%8D-%EA%B3%B5%EC%9E%A5%EC%A7%80%EB%B6%95%ED%83%9C%EC%96%91%EA%B4%91,https://www.solarlink.co.kr/?k=정읍-공장지붕태양광,N
1501,전북,전북시군,정읍,창고 태양광,정읍 창고 태양광,정읍-창고태양광,https://www.solarlink.co.kr/?k=%EC%A0%95%EC%9D%8D-%EC%B0%BD%EA%B3%A0%ED%83%9C%EC%96%91%EA%B4%91,https://www.solarlink.co.kr/?k=정읍-창고태양광,N
1502,전북,전북시군,정읍,축사 태양광,정읍 축사 태양광,정읍-축사태양광,https://www.solarlink.co.kr/?k=%EC%A0%95%EC%9D%8D-%EC%B6%95%EC%82%AC%ED%83%9C%EC%96%91%EA%B4%91,https://www.solarlink.co.kr/?k=정읍-축사태양광,N
1503,전북,전북시군,정읍,지붕 태양광 임대,정읍 지붕 태양광 임대,정읍-지붕태양광임대,https://www.solarlink.co.kr/?k=%EC%A0%95%EC%9D%8D-%EC%A7%80%EB%B6%95%ED%83%9C%EC%96%91%EA%B4%91%EC%9E%84%EB%8C%80,https://www.solarlink.co.kr/?k=정읍-지붕태양광임대,N
1504,전북,전북시군,정읍,태양광 발전사업,정읍 태양광 발전사업,정읍-태양광발전사업,https://www.solarlink.co.kr/?k=%EC%A0%95%EC%9D%8D-%ED%83%9C%EC%96%91%EA%B4%91%EB%B0%9C%EC%A0%84%EC%82%AC%EC%97%85,https://www.solarlink.co.kr/?k=정읍-태양광발전사업,N
1505,전북,전북시군,남원,태양광 설치,남원 태양광 설치,남원-태양광설치,https://www.solarlink.co.kr/?k=%EB%82%A8%EC%9B%90-%ED%83%9C%EC%96%91%EA%B4%91%EC%84%A4%EC%B9%98,https://www.solarlink.co.kr/?k=남원-태양광설치,N
1506,전북,전북시군,남원,태양광 업체,남원 태양광 업체,남원-태양광업체,https://www.solarlink.co.kr/?k=%EB%82%A8%EC%9B%90-%ED%83%9C%EC%96%91%EA%B4%91%EC%97%85%EC%B2%B4,https://www.solarlink.co.kr/?k=남원-태양광업체,N
1507,전북,전북시군,남원,공장 태양광,남원 공장 태양광,남원-공장태양광,https://www.solarlink.co.kr/?k=%EB%82%A8%EC%9B%90-%EA%B3%B5%EC%9E%A5%ED%83%9C%EC%96%91%EA%B4%91,https://www.solarlink.co.kr/?k=남원-공장태양광,N
1508,전북,전북시군,남원,공장 지붕 태양광,남원 공장 지붕 태양광,남원-공장지붕태양광,https://www.solarlink.co.kr/?k=%EB%82%A8%EC%9B%90-%EA%B3%B5%EC%9E%A5%EC%A7%80%EB%B6%95%ED%83%9C%EC%96%91%EA%B4%91,https://www.solarlink.co.kr/?k=남원-공장지붕태양광,N
1509,전북,전북시군,남원,창고 태양광,남원 창고 태양광,남원-창고태양광,https://www.solarlink.co.kr/?k=%EB%82%A8%EC%9B%90-%EC%B0%BD%EA%B3%A0%ED%83%9C%EC%96%91%EA%B4%91,https://www.solarlink.co.kr/?k=남원-창고태양광,N
1510,전북,전북시군,남원,축사 태양광,남원 축사 태양광,남원-축사태양광,https://www.solarlink.co.kr/?k=%EB%82%A8%EC%9B%90-%EC%B6%95%EC%82%AC%ED%83%9C%EC%96%91%EA%B4%91,https://www.solarlink.co.kr/?k=남원-축사태양광,N
1511,전북,전북시군,남원,지붕 태양광 임대,남원 지붕 태양광 임대,남원-지붕태양광임대,https://www.solarlink.co.kr/?k=%EB%82%A8%EC%9B%90-%EC%A7%80%EB%B6%95%ED%83%9C%EC%96%91%EA%B4%91%EC%9E%84%EB%8C%80,https://www.solarlink.co.kr/?k=남원-지붕태양광임대,N
1512,전북,전북시군,남원,태양광 발전사업,남원 태양광 발전사업,남원-태양광발전사업,https://www.solarlink.co.kr/?k=%EB%82%A8%EC%9B%90-%ED%83%9C%EC%96%91%EA%B4%91%EB%B0%9C%EC%A0%84%EC%82%AC%EC%97%85,https://www.solarlink.co.kr/?k=남원-태양광발전사업,N
1513,전북,전북시군,김제,태양광 설치,김제 태양광 설치,김제-태양광설치,https://www.solarlink.co.kr/?k=%EA%B9%80%EC%A0%9C-%ED%83%9C%EC%96%91%EA%B4%91%EC%84%A4%EC%B9%98,https://www.solarlink.co.kr/?k=김제-태양광설치,N
1514,전북,전북시군,김제,태양광 업체,김제 태양광 업체,김제-태양광업체,https://www.solarlink.co.kr/?k=%EA%B9%80%EC%A0%9C-%ED%83%9C%EC%96%91%EA%B4%91%EC%97%85%EC%B2%B4,https://www.solarlink.co.kr/?k=김제-태양광업체,N
1515,전북,전북시군,김제,공장 태양광,김제 공장 태양광,김제-공장태양광,https://www.solarlink.co.kr/?k=%EA%B9%80%EC%A0%9C-%EA%B3%B5%EC%9E%A5%ED%83%9C%EC%96%91%EA%B4%91,https://www.solarlink.co.kr/?k=김제-공장태양광,N
1516,전북,전북시군,김제,공장 지붕 태양광,김제 공장 지붕 태양광,김제-공장지붕태양광,https://www.solarlink.co.kr/?k=%EA%B9%80%EC%A0%9C-%EA%B3%B5%EC%9E%A5%EC%A7%80%EB%B6%95%ED%83%9C%EC%96%91%EA%B4%91,https://www.solarlink.co.kr/?k=김제-공장지붕태양광,N
1517,전북,전북시군,김제,창고 태양광,김제 창고 태양광,김제-창고태양광,https://www.solarlink.co.kr/?k=%EA%B9%80%EC%A0%9C-%EC%B0%BD%EA%B3%A0%ED%83%9C%EC%96%91%EA%B4%91,https://www.solarlink.co.kr/?k=김제-창고태양광,N
1518,전북,전북시군,김제,축사 태양광,김제 축사 태양광,김제-축사태양광,https://www.solarlink.co.kr/?k=%EA%B9%80%EC%A0%9C-%EC%B6%95%EC%82%AC%ED%83%9C%EC%96%91%EA%B4%91,https://www.solarlink.co.kr/?k=김제-축사태양광,N
1519,전북,전북시군,김제,지붕 태양광 임대,김제 지붕 태양광 임대,김제-지붕태양광임대,https://www.solarlink.co.kr/?k=%EA%B9%80%EC%A0%9C-%EC%A7%80%EB%B6%95%ED%83%9C%EC%96%91%EA%B4%91%EC%9E%84%EB%8C%80,https://www.solarlink.co.kr/?k=김제-지붕태양광임대,N
1520,전북,전북시군,김제,태양광 발전사업,김제 태양광 발전사업,김제-태양광발전사업,https://www.solarlink.co.kr/?k=%EA%B9%80%EC%A0%9C-%ED%83%9C%EC%96%91%EA%B4%91%EB%B0%9C%EC%A0%84%EC%82%AC%EC%97%85,https://www.solarlink.co.kr/?k=김제-태양광발전사업,N
1521,전북,전북시군,완주,태양광 설치,완주 태양광 설치,완주-태양광설치,https://www.solarlink.co.kr/?k=%EC%99%84%EC%A3%BC-%ED%83%9C%EC%96%91%EA%B4%91%EC%84%A4%EC%B9%98,https://www.solarlink.co.kr/?k=완주-태양광설치,N
1522,전북,전북시군,완주,태양광 업체,완주 태양광 업체,완주-태양광업체,https://www.solarlink.co.kr/?k=%EC%99%84%EC%A3%BC-%ED%83%9C%EC%96%91%EA%B4%91%EC%97%85%EC%B2%B4,https://www.solarlink.co.kr/?k=완주-태양광업체,N
1523,전북,전북시군,완주,공장 태양광,완주 공장 태양광,완주-공장태양광,https://www.solarlink.co.kr/?k=%EC%99%84%EC%A3%BC-%EA%B3%B5%EC%9E%A5%ED%83%9C%EC%96%91%EA%B4%91,https://www.solarlink.co.kr/?k=완주-공장태양광,N
1524,전북,전북시군,완주,공장 지붕 태양광,완주 공장 지붕 태양광,완주-공장지붕태양광,https://www.solarlink.co.kr/?k=%EC%99%84%EC%A3%BC-%EA%B3%B5%EC%9E%A5%EC%A7%80%EB%B6%95%ED%83%9C%EC%96%91%EA%B4%91,https://www.solarlink.co.kr/?k=완주-공장지붕태양광,N
1525,전북,전북시군,완주,창고 태양광,완주 창고 태양광,완주-창고태양광,https://www.solarlink.co.kr/?k=%EC%99%84%EC%A3%BC-%EC%B0%BD%EA%B3%A0%ED%83%9C%EC%96%91%EA%B4%91,https://www.solarlink.co.kr/?k=완주-창고태양광,N
1526,전북,전북시군,완주,축사 태양광,완주 축사 태양광,완주-축사태양광,https://www.solarlink.co.kr/?k=%EC%99%84%EC%A3%BC-%EC%B6%95%EC%82%AC%ED%83%9C%EC%96%91%EA%B4%91,https://www.solarlink.co.kr/?k=완주-축사태양광,N
1527,전북,전북시군,완주,지붕 태양광 임대,완주 지붕 태양광 임대,완주-지붕태양광임대,https://www.solarlink.co.kr/?k=%EC%99%84%EC%A3%BC-%EC%A7%80%EB%B6%95%ED%83%9C%EC%96%91%EA%B4%91%EC%9E%84%EB%8C%80,https://www.solarlink.co.kr/?k=완주-지붕태양광임대,N
1528,전북,전북시군,완주,태양광 발전사업,완주 태양광 발전사업,완주-태양광발전사업,https://www.solarlink.co.kr/?k=%EC%99%84%EC%A3%BC-%ED%83%9C%EC%96%91%EA%B4%91%EB%B0%9C%EC%A0%84%EC%82%AC%EC%97%85,https://www.solarlink.co.kr/?k=완주-태양광발전사업,N
1529,전북,전북시군,진안,태양광 설치,진안 태양광 설치,진안-태양광설치,https://www.solarlink.co.kr/?k=%EC%A7%84%EC%95%88-%ED%83%9C%EC%96%91%EA%B4%91%EC%84%A4%EC%B9%98,https://www.solarlink.co.kr/?k=진안-태양광설치,N
1530,전북,전북시군,진안,태양광 업체,진안 태양광 업체,진안-태양광업체,https://www.solarlink.co.kr/?k=%EC%A7%84%EC%95%88-%ED%83%9C%EC%96%91%EA%B4%91%EC%97%85%EC%B2%B4,https://www.solarlink.co.kr/?k=진안-태양광업체,N
1531,전북,전북시군,진안,공장 태양광,진안 공장 태양광,진안-공장태양광,https://www.solarlink.co.kr/?k=%EC%A7%84%EC%95%88-%EA%B3%B5%EC%9E%A5%ED%83%9C%EC%96%91%EA%B4%91,https://www.solarlink.co.kr/?k=진안-공장태양광,N
1532,전북,전북시군,진안,공장 지붕 태양광,진안 공장 지붕 태양광,진안-공장지붕태양광,https://www.solarlink.co.kr/?k=%EC%A7%84%EC%95%88-%EA%B3%B5%EC%9E%A5%EC%A7%80%EB%B6%95%ED%83%9C%EC%96%91%EA%B4%91,https://www.solarlink.co.kr/?k=진안-공장지붕태양광,N
1533,전북,전북시군,진안,창고 태양광,진안 창고 태양광,진안-창고태양광,https://www.solarlink.co.kr/?k=%EC%A7%84%EC%95%88-%EC%B0%BD%EA%B3%A0%ED%83%9C%EC%96%91%EA%B4%91,https://www.solarlink.co.kr/?k=진안-창고태양광,N
1534,전북,전북시군,진안,축사 태양광,진안 축사 태양광,진안-축사태양광,https://www.solarlink.co.kr/?k=%EC%A7%84%EC%95%88-%EC%B6%95%EC%82%AC%ED%83%9C%EC%96%91%EA%B4%91,https://www.solarlink.co.kr/?k=진안-축사태양광,N
1535,전북,전북시군,진안,지붕 태양광 임대,진안 지붕 태양광 임대,진안-지붕태양광임대,https://www.solarlink.co.kr/?k=%EC%A7%84%EC%95%88-%EC%A7%80%EB%B6%95%ED%83%9C%EC%96%91%EA%B4%91%EC%9E%84%EB%8C%80,https://www.solarlink.co.kr/?k=진안-지붕태양광임대,N
1536,전북,전북시군,진안,태양광 발전사업,진안 태양광 발전사업,진안-태양광발전사업,https://www.solarlink.co.kr/?k=%EC%A7%84%EC%95%88-%ED%83%9C%EC%96%91%EA%B4%91%EB%B0%9C%EC%A0%84%EC%82%AC%EC%97%85,https://www.solarlink.co.kr/?k=진안-태양광발전사업,N
1537,전북,전북시군,무주,태양광 설치,무주 태양광 설치,무주-태양광설치,https://www.solarlink.co.kr/?k=%EB%AC%B4%EC%A3%BC-%ED%83%9C%EC%96%91%EA%B4%91%EC%84%A4%EC%B9%98,https://www.solarlink.co.kr/?k=무주-태양광설치,N
1538,전북,전북시군,무주,태양광 업체,무주 태양광 업체,무주-태양광업체,https://www.solarlink.co.kr/?k=%EB%AC%B4%EC%A3%BC-%ED%83%9C%EC%96%91%EA%B4%91%EC%97%85%EC%B2%B4,https://www.solarlink.co.kr/?k=무주-태양광업체,N
1539,전북,전북시군,무주,공장 태양광,무주 공장 태양광,무주-공장태양광,https://www.solarlink.co.kr/?k=%EB%AC%B4%EC%A3%BC-%EA%B3%B5%EC%9E%A5%ED%83%9C%EC%96%91%EA%B4%91,https://www.solarlink.co.kr/?k=무주-공장태양광,N
1540,전북,전북시군,무주,공장 지붕 태양광,무주 공장 지붕 태양광,무주-공장지붕태양광,https://www.solarlink.co.kr/?k=%EB%AC%B4%EC%A3%BC-%EA%B3%B5%EC%9E%A5%EC%A7%80%EB%B6%95%ED%83%9C%EC%96%91%EA%B4%91,https://www.solarlink.co.kr/?k=무주-공장지붕태양광,N
1541,전북,전북시군,무주,창고 태양광,무주 창고 태양광,무주-창고태양광,https://www.solarlink.co.kr/?k=%EB%AC%B4%EC%A3%BC-%EC%B0%BD%EA%B3%A0%ED%83%9C%EC%96%91%EA%B4%91,https://www.solarlink.co.kr/?k=무주-창고태양광,N
1542,전북,전북시군,무주,축사 태양광,무주 축사 태양광,무주-축사태양광,https://www.solarlink.co.kr/?k=%EB%AC%B4%EC%A3%BC-%EC%B6%95%EC%82%AC%ED%83%9C%EC%96%91%EA%B4%91,https://www.solarlink.co.kr/?k=무주-축사태양광,N
1543,전북,전북시군,무주,지붕 태양광 임대,무주 지붕 태양광 임대,무주-지붕태양광임대,https://www.solarlink.co.kr/?k=%EB%AC%B4%EC%A3%BC-%EC%A7%80%EB%B6%95%ED%83%9C%EC%96%91%EA%B4%91%EC%9E%84%EB%8C%80,https://www.solarlink.co.kr/?k=무주-지붕태양광임대,N
1544,전북,전북시군,무주,태양광 발전사업,무주 태양광 발전사업,무주-태양광발전사업,https://www.solarlink.co.kr/?k=%EB%AC%B4%EC%A3%BC-%ED%83%9C%EC%96%91%EA%B4%91%EB%B0%9C%EC%A0%84%EC%82%AC%EC%97%85,https://www.solarlink.co.kr/?k=무주-태양광발전사업,N
1545,전북,전북시군,장수,태양광 설치,장수 태양광 설치,장수-태양광설치,https://www.solarlink.co.kr/?k=%EC%9E%A5%EC%88%98-%ED%83%9C%EC%96%91%EA%B4%91%EC%84%A4%EC%B9%98,https://www.solarlink.co.kr/?k=장수-태양광설치,N
1546,전북,전북시군,장수,태양광 업체,장수 태양광 업체,장수-태양광업체,https://www.solarlink.co.kr/?k=%EC%9E%A5%EC%88%98-%ED%83%9C%EC%96%91%EA%B4%91%EC%97%85%EC%B2%B4,https://www.solarlink.co.kr/?k=장수-태양광업체,N
1547,전북,전북시군,장수,공장 태양광,장수 공장 태양광,장수-공장태양광,https://www.solarlink.co.kr/?k=%EC%9E%A5%EC%88%98-%EA%B3%B5%EC%9E%A5%ED%83%9C%EC%96%91%EA%B4%91,https://www.solarlink.co.kr/?k=장수-공장태양광,N
1548,전북,전북시군,장수,공장 지붕 태양광,장수 공장 지붕 태양광,장수-공장지붕태양광,https://www.solarlink.co.kr/?k=%EC%9E%A5%EC%88%98-%EA%B3%B5%EC%9E%A5%EC%A7%80%EB%B6%95%ED%83%9C%EC%96%91%EA%B4%91,https://www.solarlink.co.kr/?k=장수-공장지붕태양광,N
1549,전북,전북시군,장수,창고 태양광,장수 창고 태양광,장수-창고태양광,https://www.solarlink.co.kr/?k=%EC%9E%A5%EC%88%98-%EC%B0%BD%EA%B3%A0%ED%83%9C%EC%96%91%EA%B4%91,https://www.solarlink.co.kr/?k=장수-창고태양광,N
1550,전북,전북시군,장수,축사 태양광,장수 축사 태양광,장수-축사태양광,https://www.solarlink.co.kr/?k=%EC%9E%A5%EC%88%98-%EC%B6%95%EC%82%AC%ED%83%9C%EC%96%91%EA%B4%91,https://www.solarlink.co.kr/?k=장수-축사태양광,N
1551,전북,전북시군,장수,지붕 태양광 임대,장수 지붕 태양광 임대,장수-지붕태양광임대,https://www.solarlink.co.kr/?k=%EC%9E%A5%EC%88%98-%EC%A7%80%EB%B6%95%ED%83%9C%EC%96%91%EA%B4%91%EC%9E%84%EB%8C%80,https://www.solarlink.co.kr/?k=장수-지붕태양광임대,N
1552,전북,전북시군,장수,태양광 발전사업,장수 태양광 발전사업,장수-태양광발전사업,https://www.solarlink.co.kr/?k=%EC%9E%A5%EC%88%98-%ED%83%9C%EC%96%91%EA%B4%91%EB%B0%9C%EC%A0%84%EC%82%AC%EC%97%85,https://www.solarlink.co.kr/?k=장수-태양광발전사업,N
1553,전북,전북시군,임실,태양광 설치,임실 태양광 설치,임실-태양광설치,https://www.solarlink.co.kr/?k=%EC%9E%84%EC%8B%A4-%ED%83%9C%EC%96%91%EA%B4%91%EC%84%A4%EC%B9%98,https://www.solarlink.co.kr/?k=임실-태양광설치,N
1554,전북,전북시군,임실,태양광 업체,임실 태양광 업체,임실-태양광업체,https://www.solarlink.co.kr/?k=%EC%9E%84%EC%8B%A4-%ED%83%9C%EC%96%91%EA%B4%91%EC%97%85%EC%B2%B4,https://www.solarlink.co.kr/?k=임실-태양광업체,N
1555,전북,전북시군,임실,공장 태양광,임실 공장 태양광,임실-공장태양광,https://www.solarlink.co.kr/?k=%EC%9E%84%EC%8B%A4-%EA%B3%B5%EC%9E%A5%ED%83%9C%EC%96%91%EA%B4%91,https://www.solarlink.co.kr/?k=임실-공장태양광,N
1556,전북,전북시군,임실,공장 지붕 태양광,임실 공장 지붕 태양광,임실-공장지붕태양광,https://www.solarlink.co.kr/?k=%EC%9E%84%EC%8B%A4-%EA%B3%B5%EC%9E%A5%EC%A7%80%EB%B6%95%ED%83%9C%EC%96%91%EA%B4%91,https://www.solarlink.co.kr/?k=임실-공장지붕태양광,N
1557,전북,전북시군,임실,창고 태양광,임실 창고 태양광,임실-창고태양광,https://www.solarlink.co.kr/?k=%EC%9E%84%EC%8B%A4-%EC%B0%BD%EA%B3%A0%ED%83%9C%EC%96%91%EA%B4%91,https://www.solarlink.co.kr/?k=임실-창고태양광,N
1558,전북,전북시군,임실,축사 태양광,임실 축사 태양광,임실-축사태양광,https://www.solarlink.co.kr/?k=%EC%9E%84%EC%8B%A4-%EC%B6%95%EC%82%AC%ED%83%9C%EC%96%91%EA%B4%91,https://www.solarlink.co.kr/?k=임실-축사태양광,N
1559,전북,전북시군,임실,지붕 태양광 임대,임실 지붕 태양광 임대,임실-지붕태양광임대,https://www.solarlink.co.kr/?k=%EC%9E%84%EC%8B%A4-%EC%A7%80%EB%B6%95%ED%83%9C%EC%96%91%EA%B4%91%EC%9E%84%EB%8C%80,https://www.solarlink.co.kr/?k=임실-지붕태양광임대,N
1560,전북,전북시군,임실,태양광 발전사업,임실 태양광 발전사업,임실-태양광발전사업,https://www.solarlink.co.kr/?k=%EC%9E%84%EC%8B%A4-%ED%83%9C%EC%96%91%EA%B4%91%EB%B0%9C%EC%A0%84%EC%82%AC%EC%97%85,https://www.solarlink.co.kr/?k=임실-태양광발전사업,N
1561,전북,전북시군,순창,태양광 설치,순창 태양광 설치,순창-태양광설치,https://www.solarlink.co.kr/?k=%EC%88%9C%EC%B0%BD-%ED%83%9C%EC%96%91%EA%B4%91%EC%84%A4%EC%B9%98,https://www.solarlink.co.kr/?k=순창-태양광설치,N
1562,전북,전북시군,순창,태양광 업체,순창 태양광 업체,순창-태양광업체,https://www.solarlink.co.kr/?k=%EC%88%9C%EC%B0%BD-%ED%83%9C%EC%96%91%EA%B4%91%EC%97%85%EC%B2%B4,https://www.solarlink.co.kr/?k=순창-태양광업체,N
1563,전북,전북시군,순창,공장 태양광,순창 공장 태양광,순창-공장태양광,https://www.solarlink.co.kr/?k=%EC%88%9C%EC%B0%BD-%EA%B3%B5%EC%9E%A5%ED%83%9C%EC%96%91%EA%B4%91,https://www.solarlink.co.kr/?k=순창-공장태양광,N
1564,전북,전북시군,순창,공장 지붕 태양광,순창 공장 지붕 태양광,순창-공장지붕태양광,https://www.solarlink.co.kr/?k=%EC%88%9C%EC%B0%BD-%EA%B3%B5%EC%9E%A5%EC%A7%80%EB%B6%95%ED%83%9C%EC%96%91%EA%B4%91,https://www.solarlink.co.kr/?k=순창-공장지붕태양광,N
1565,전북,전북시군,순창,창고 태양광,순창 창고 태양광,순창-창고태양광,https://www.solarlink.co.kr/?k=%EC%88%9C%EC%B0%BD-%EC%B0%BD%EA%B3%A0%ED%83%9C%EC%96%91%EA%B4%91,https://www.solarlink.co.kr/?k=순창-창고태양광,N
1566,전북,전북시군,순창,축사 태양광,순창 축사 태양광,순창-축사태양광,https://www.solarlink.co.kr/?k=%EC%88%9C%EC%B0%BD-%EC%B6%95%EC%82%AC%ED%83%9C%EC%96%91%EA%B4%91,https://www.solarlink.co.kr/?k=순창-축사태양광,N
1567,전북,전북시군,순창,지붕 태양광 임대,순창 지붕 태양광 임대,순창-지붕태양광임대,https://www.solarlink.co.kr/?k=%EC%88%9C%EC%B0%BD-%EC%A7%80%EB%B6%95%ED%83%9C%EC%96%91%EA%B4%91%EC%9E%84%EB%8C%80,https://www.solarlink.co.kr/?k=순창-지붕태양광임대,N
1568,전북,전북시군,순창,태양광 발전사업,순창 태양광 발전사업,순창-태양광발전사업,https://www.solarlink.co.kr/?k=%EC%88%9C%EC%B0%BD-%ED%83%9C%EC%96%91%EA%B4%91%EB%B0%9C%EC%A0%84%EC%82%AC%EC%97%85,https://www.solarlink.co.kr/?k=순창-태양광발전사업,N
1569,전북,전북시군,고창,태양광 설치,고창 태양광 설치,고창-태양광설치,https://www.solarlink.co.kr/?k=%EA%B3%A0%EC%B0%BD-%ED%83%9C%EC%96%91%EA%B4%91%EC%84%A4%EC%B9%98,https://www.solarlink.co.kr/?k=고창-태양광설치,N
1570,전북,전북시군,고창,태양광 업체,고창 태양광 업체,고창-태양광업체,https://www.solarlink.co.kr/?k=%EA%B3%A0%EC%B0%BD-%ED%83%9C%EC%96%91%EA%B4%91%EC%97%85%EC%B2%B4,https://www.solarlink.co.kr/?k=고창-태양광업체,N
1571,전북,전북시군,고창,공장 태양광,고창 공장 태양광,고창-공장태양광,https://www.solarlink.co.kr/?k=%EA%B3%A0%EC%B0%BD-%EA%B3%B5%EC%9E%A5%ED%83%9C%EC%96%91%EA%B4%91,https://www.solarlink.co.kr/?k=고창-공장태양광,N
1572,전북,전북시군,고창,공장 지붕 태양광,고창 공장 지붕 태양광,고창-공장지붕태양광,https://www.solarlink.co.kr/?k=%EA%B3%A0%EC%B0%BD-%EA%B3%B5%EC%9E%A5%EC%A7%80%EB%B6%95%ED%83%9C%EC%96%91%EA%B4%91,https://www.solarlink.co.kr/?k=고창-공장지붕태양광,N
1573,전북,전북시군,고창,창고 태양광,고창 창고 태양광,고창-창고태양광,https://www.solarlink.co.kr/?k=%EA%B3%A0%EC%B0%BD-%EC%B0%BD%EA%B3%A0%ED%83%9C%EC%96%91%EA%B4%91,https://www.solarlink.co.kr/?k=고창-창고태양광,N
1574,전북,전북시군,고창,축사 태양광,고창 축사 태양광,고창-축사태양광,https://www.solarlink.co.kr/?k=%EA%B3%A0%EC%B0%BD-%EC%B6%95%EC%82%AC%ED%83%9C%EC%96%91%EA%B4%91,https://www.solarlink.co.kr/?k=고창-축사태양광,N
1575,전북,전북시군,고창,지붕 태양광 임대,고창 지붕 태양광 임대,고창-지붕태양광임대,https://www.solarlink.co.kr/?k=%EA%B3%A0%EC%B0%BD-%EC%A7%80%EB%B6%95%ED%83%9C%EC%96%91%EA%B4%91%EC%9E%84%EB%8C%80,https://www.solarlink.co.kr/?k=고창-지붕태양광임대,N
1576,전북,전북시군,고창,태양광 발전사업,고창 태양광 발전사업,고창-태양광발전사업,https://www.solarlink.co.kr/?k=%EA%B3%A0%EC%B0%BD-%ED%83%9C%EC%96%91%EA%B4%91%EB%B0%9C%EC%A0%84%EC%82%AC%EC%97%85,https://www.solarlink.co.kr/?k=고창-태양광발전사업,N
1577,전북,전북시군,부안,태양광 설치,부안 태양광 설치,부안-태양광설치,https://www.solarlink.co.kr/?k=%EB%B6%80%EC%95%88-%ED%83%9C%EC%96%91%EA%B4%91%EC%84%A4%EC%B9%98,https://www.solarlink.co.kr/?k=부안-태양광설치,N
1578,전북,전북시군,부안,태양광 업체,부안 태양광 업체,부안-태양광업체,https://www.solarlink.co.kr/?k=%EB%B6%80%EC%95%88-%ED%83%9C%EC%96%91%EA%B4%91%EC%97%85%EC%B2%B4,https://www.solarlink.co.kr/?k=부안-태양광업체,N
1579,전북,전북시군,부안,공장 태양광,부안 공장 태양광,부안-공장태양광,https://www.solarlink.co.kr/?k=%EB%B6%80%EC%95%88-%EA%B3%B5%EC%9E%A5%ED%83%9C%EC%96%91%EA%B4%91,https://www.solarlink.co.kr/?k=부안-공장태양광,N
1580,전북,전북시군,부안,공장 지붕 태양광,부안 공장 지붕 태양광,부안-공장지붕태양광,https://www.solarlink.co.kr/?k=%EB%B6%80%EC%95%88-%EA%B3%B5%EC%9E%A5%EC%A7%80%EB%B6%95%ED%83%9C%EC%96%91%EA%B4%91,https://www.solarlink.co.kr/?k=부안-공장지붕태양광,N
1581,전북,전북시군,부안,창고 태양광,부안 창고 태양광,부안-창고태양광,https://www.solarlink.co.kr/?k=%EB%B6%80%EC%95%88-%EC%B0%BD%EA%B3%A0%ED%83%9C%EC%96%91%EA%B4%91,https://www.solarlink.co.kr/?k=부안-창고태양광,N
1582,전북,전북시군,부안,축사 태양광,부안 축사 태양광,부안-축사태양광,https://www.solarlink.co.kr/?k=%EB%B6%80%EC%95%88-%EC%B6%95%EC%82%AC%ED%83%9C%EC%96%91%EA%B4%91,https://www.solarlink.co.kr/?k=부안-축사태양광,N
1583,전북,전북시군,부안,지붕 태양광 임대,부안 지붕 태양광 임대,부안-지붕태양광임대,https://www.solarlink.co.kr/?k=%EB%B6%80%EC%95%88-%EC%A7%80%EB%B6%95%ED%83%9C%EC%96%91%EA%B4%91%EC%9E%84%EB%8C%80,https://www.solarlink.co.kr/?k=부안-지붕태양광임대,N
1584,전북,전북시군,부안,태양광 발전사업,부안 태양광 발전사업,부안-태양광발전사업,https://www.solarlink.co.kr/?k=%EB%B6%80%EC%95%88-%ED%83%9C%EC%96%91%EA%B4%91%EB%B0%9C%EC%A0%84%EC%82%AC%EC%97%85,https://www.solarlink.co.kr/?k=부안-태양광발전사업,N
1585,광주,광주구군,광주 동구,태양광 설치,광주 동구 태양광 설치,광주동구-태양광설치,https://www.solarlink.co.kr/?k=%EA%B4%91%EC%A3%BC%EB%8F%99%EA%B5%AC-%ED%83%9C%EC%96%91%EA%B4%91%EC%84%A4%EC%B9%98,https://www.solarlink.co.kr/?k=광주동구-태양광설치,N
1586,광주,광주구군,광주 동구,태양광 업체,광주 동구 태양광 업체,광주동구-태양광업체,https://www.solarlink.co.kr/?k=%EA%B4%91%EC%A3%BC%EB%8F%99%EA%B5%AC-%ED%83%9C%EC%96%91%EA%B4%91%EC%97%85%EC%B2%B4,https://www.solarlink.co.kr/?k=광주동구-태양광업체,N
1587,광주,광주구군,광주 동구,건물 태양광,광주 동구 건물 태양광,광주동구-건물태양광,https://www.solarlink.co.kr/?k=%EA%B4%91%EC%A3%BC%EB%8F%99%EA%B5%AC-%EA%B1%B4%EB%AC%BC%ED%83%9C%EC%96%91%EA%B4%91,https://www.solarlink.co.kr/?k=광주동구-건물태양광,N
1588,광주,광주구군,광주 동구,옥상 태양광,광주 동구 옥상 태양광,광주동구-옥상태양광,https://www.solarlink.co.kr/?k=%EA%B4%91%EC%A3%BC%EB%8F%99%EA%B5%AC-%EC%98%A5%EC%83%81%ED%83%9C%EC%96%91%EA%B4%91,https://www.solarlink.co.kr/?k=광주동구-옥상태양광,N
1589,광주,광주구군,광주 동구,상가 태양광,광주 동구 상가 태양광,광주동구-상가태양광,https://www.solarlink.co.kr/?k=%EA%B4%91%EC%A3%BC%EB%8F%99%EA%B5%AC-%EC%83%81%EA%B0%80%ED%83%9C%EC%96%91%EA%B4%91,https://www.solarlink.co.kr/?k=광주동구-상가태양광,N
1590,광주,광주구군,광주 동구,공장 태양광,광주 동구 공장 태양광,광주동구-공장태양광,https://www.solarlink.co.kr/?k=%EA%B4%91%EC%A3%BC%EB%8F%99%EA%B5%AC-%EA%B3%B5%EC%9E%A5%ED%83%9C%EC%96%91%EA%B4%91,https://www.solarlink.co.kr/?k=광주동구-공장태양광,N
1591,광주,광주구군,광주 동구,지붕 태양광 임대,광주 동구 지붕 태양광 임대,광주동구-지붕태양광임대,https://www.solarlink.co.kr/?k=%EA%B4%91%EC%A3%BC%EB%8F%99%EA%B5%AC-%EC%A7%80%EB%B6%95%ED%83%9C%EC%96%91%EA%B4%91%EC%9E%84%EB%8C%80,https://www.solarlink.co.kr/?k=광주동구-지붕태양광임대,N
1592,광주,광주구군,광주 동구,태양광 발전사업,광주 동구 태양광 발전사업,광주동구-태양광발전사업,https://www.solarlink.co.kr/?k=%EA%B4%91%EC%A3%BC%EB%8F%99%EA%B5%AC-%ED%83%9C%EC%96%91%EA%B4%91%EB%B0%9C%EC%A0%84%EC%82%AC%EC%97%85,https://www.solarlink.co.kr/?k=광주동구-태양광발전사업,N
1593,광주,광주구군,광주 서구,태양광 설치,광주 서구 태양광 설치,광주서구-태양광설치,https://www.solarlink.co.kr/?k=%EA%B4%91%EC%A3%BC%EC%84%9C%EA%B5%AC-%ED%83%9C%EC%96%91%EA%B4%91%EC%84%A4%EC%B9%98,https://www.solarlink.co.kr/?k=광주서구-태양광설치,N
1594,광주,광주구군,광주 서구,태양광 업체,광주 서구 태양광 업체,광주서구-태양광업체,https://www.solarlink.co.kr/?k=%EA%B4%91%EC%A3%BC%EC%84%9C%EA%B5%AC-%ED%83%9C%EC%96%91%EA%B4%91%EC%97%85%EC%B2%B4,https://www.solarlink.co.kr/?k=광주서구-태양광업체,N
1595,광주,광주구군,광주 서구,건물 태양광,광주 서구 건물 태양광,광주서구-건물태양광,https://www.solarlink.co.kr/?k=%EA%B4%91%EC%A3%BC%EC%84%9C%EA%B5%AC-%EA%B1%B4%EB%AC%BC%ED%83%9C%EC%96%91%EA%B4%91,https://www.solarlink.co.kr/?k=광주서구-건물태양광,N
1596,광주,광주구군,광주 서구,옥상 태양광,광주 서구 옥상 태양광,광주서구-옥상태양광,https://www.solarlink.co.kr/?k=%EA%B4%91%EC%A3%BC%EC%84%9C%EA%B5%AC-%EC%98%A5%EC%83%81%ED%83%9C%EC%96%91%EA%B4%91,https://www.solarlink.co.kr/?k=광주서구-옥상태양광,N
1597,광주,광주구군,광주 서구,상가 태양광,광주 서구 상가 태양광,광주서구-상가태양광,https://www.solarlink.co.kr/?k=%EA%B4%91%EC%A3%BC%EC%84%9C%EA%B5%AC-%EC%83%81%EA%B0%80%ED%83%9C%EC%96%91%EA%B4%91,https://www.solarlink.co.kr/?k=광주서구-상가태양광,N
1598,광주,광주구군,광주 서구,공장 태양광,광주 서구 공장 태양광,광주서구-공장태양광,https://www.solarlink.co.kr/?k=%EA%B4%91%EC%A3%BC%EC%84%9C%EA%B5%AC-%EA%B3%B5%EC%9E%A5%ED%83%9C%EC%96%91%EA%B4%91,https://www.solarlink.co.kr/?k=광주서구-공장태양광,N
1599,광주,광주구군,광주 서구,지붕 태양광 임대,광주 서구 지붕 태양광 임대,광주서구-지붕태양광임대,https://www.solarlink.co.kr/?k=%EA%B4%91%EC%A3%BC%EC%84%9C%EA%B5%AC-%EC%A7%80%EB%B6%95%ED%83%9C%EC%96%91%EA%B4%91%EC%9E%84%EB%8C%80,https://www.solarlink.co.kr/?k=광주서구-지붕태양광임대,N
1600,광주,광주구군,광주 서구,태양광 발전사업,광주 서구 태양광 발전사업,광주서구-태양광발전사업,https://www.solarlink.co.kr/?k=%EA%B4%91%EC%A3%BC%EC%84%9C%EA%B5%AC-%ED%83%9C%EC%96%91%EA%B4%91%EB%B0%9C%EC%A0%84%EC%82%AC%EC%97%85,https://www.solarlink.co.kr/?k=광주서구-태양광발전사업,N
1601,광주,광주구군,광주 남구,태양광 설치,광주 남구 태양광 설치,광주남구-태양광설치,https://www.solarlink.co.kr/?k=%EA%B4%91%EC%A3%BC%EB%82%A8%EA%B5%AC-%ED%83%9C%EC%96%91%EA%B4%91%EC%84%A4%EC%B9%98,https://www.solarlink.co.kr/?k=광주남구-태양광설치,N
1602,광주,광주구군,광주 남구,태양광 업체,광주 남구 태양광 업체,광주남구-태양광업체,https://www.solarlink.co.kr/?k=%EA%B4%91%EC%A3%BC%EB%82%A8%EA%B5%AC-%ED%83%9C%EC%96%91%EA%B4%91%EC%97%85%EC%B2%B4,https://www.solarlink.co.kr/?k=광주남구-태양광업체,N
1603,광주,광주구군,광주 남구,건물 태양광,광주 남구 건물 태양광,광주남구-건물태양광,https://www.solarlink.co.kr/?k=%EA%B4%91%EC%A3%BC%EB%82%A8%EA%B5%AC-%EA%B1%B4%EB%AC%BC%ED%83%9C%EC%96%91%EA%B4%91,https://www.solarlink.co.kr/?k=광주남구-건물태양광,N
1604,광주,광주구군,광주 남구,옥상 태양광,광주 남구 옥상 태양광,광주남구-옥상태양광,https://www.solarlink.co.kr/?k=%EA%B4%91%EC%A3%BC%EB%82%A8%EA%B5%AC-%EC%98%A5%EC%83%81%ED%83%9C%EC%96%91%EA%B4%91,https://www.solarlink.co.kr/?k=광주남구-옥상태양광,N
1605,광주,광주구군,광주 남구,상가 태양광,광주 남구 상가 태양광,광주남구-상가태양광,https://www.solarlink.co.kr/?k=%EA%B4%91%EC%A3%BC%EB%82%A8%EA%B5%AC-%EC%83%81%EA%B0%80%ED%83%9C%EC%96%91%EA%B4%91,https://www.solarlink.co.kr/?k=광주남구-상가태양광,N
1606,광주,광주구군,광주 남구,공장 태양광,광주 남구 공장 태양광,광주남구-공장태양광,https://www.solarlink.co.kr/?k=%EA%B4%91%EC%A3%BC%EB%82%A8%EA%B5%AC-%EA%B3%B5%EC%9E%A5%ED%83%9C%EC%96%91%EA%B4%91,https://www.solarlink.co.kr/?k=광주남구-공장태양광,N
1607,광주,광주구군,광주 남구,지붕 태양광 임대,광주 남구 지붕 태양광 임대,광주남구-지붕태양광임대,https://www.solarlink.co.kr/?k=%EA%B4%91%EC%A3%BC%EB%82%A8%EA%B5%AC-%EC%A7%80%EB%B6%95%ED%83%9C%EC%96%91%EA%B4%91%EC%9E%84%EB%8C%80,https://www.solarlink.co.kr/?k=광주남구-지붕태양광임대,N
1608,광주,광주구군,광주 남구,태양광 발전사업,광주 남구 태양광 발전사업,광주남구-태양광발전사업,https://www.solarlink.co.kr/?k=%EA%B4%91%EC%A3%BC%EB%82%A8%EA%B5%AC-%ED%83%9C%EC%96%91%EA%B4%91%EB%B0%9C%EC%A0%84%EC%82%AC%EC%97%85,https://www.solarlink.co.kr/?k=광주남구-태양광발전사업,N
1609,광주,광주구군,광주 북구,태양광 설치,광주 북구 태양광 설치,광주북구-태양광설치,https://www.solarlink.co.kr/?k=%EA%B4%91%EC%A3%BC%EB%B6%81%EA%B5%AC-%ED%83%9C%EC%96%91%EA%B4%91%EC%84%A4%EC%B9%98,https://www.solarlink.co.kr/?k=광주북구-태양광설치,N
1610,광주,광주구군,광주 북구,태양광 업체,광주 북구 태양광 업체,광주북구-태양광업체,https://www.solarlink.co.kr/?k=%EA%B4%91%EC%A3%BC%EB%B6%81%EA%B5%AC-%ED%83%9C%EC%96%91%EA%B4%91%EC%97%85%EC%B2%B4,https://www.solarlink.co.kr/?k=광주북구-태양광업체,N
1611,광주,광주구군,광주 북구,건물 태양광,광주 북구 건물 태양광,광주북구-건물태양광,https://www.solarlink.co.kr/?k=%EA%B4%91%EC%A3%BC%EB%B6%81%EA%B5%AC-%EA%B1%B4%EB%AC%BC%ED%83%9C%EC%96%91%EA%B4%91,https://www.solarlink.co.kr/?k=광주북구-건물태양광,N
1612,광주,광주구군,광주 북구,옥상 태양광,광주 북구 옥상 태양광,광주북구-옥상태양광,https://www.solarlink.co.kr/?k=%EA%B4%91%EC%A3%BC%EB%B6%81%EA%B5%AC-%EC%98%A5%EC%83%81%ED%83%9C%EC%96%91%EA%B4%91,https://www.solarlink.co.kr/?k=광주북구-옥상태양광,N
1613,광주,광주구군,광주 북구,상가 태양광,광주 북구 상가 태양광,광주북구-상가태양광,https://www.solarlink.co.kr/?k=%EA%B4%91%EC%A3%BC%EB%B6%81%EA%B5%AC-%EC%83%81%EA%B0%80%ED%83%9C%EC%96%91%EA%B4%91,https://www.solarlink.co.kr/?k=광주북구-상가태양광,N
1614,광주,광주구군,광주 북구,공장 태양광,광주 북구 공장 태양광,광주북구-공장태양광,https://www.solarlink.co.kr/?k=%EA%B4%91%EC%A3%BC%EB%B6%81%EA%B5%AC-%EA%B3%B5%EC%9E%A5%ED%83%9C%EC%96%91%EA%B4%91,https://www.solarlink.co.kr/?k=광주북구-공장태양광,N
1615,광주,광주구군,광주 북구,지붕 태양광 임대,광주 북구 지붕 태양광 임대,광주북구-지붕태양광임대,https://www.solarlink.co.kr/?k=%EA%B4%91%EC%A3%BC%EB%B6%81%EA%B5%AC-%EC%A7%80%EB%B6%95%ED%83%9C%EC%96%91%EA%B4%91%EC%9E%84%EB%8C%80,https://www.solarlink.co.kr/?k=광주북구-지붕태양광임대,N
1616,광주,광주구군,광주 북구,태양광 발전사업,광주 북구 태양광 발전사업,광주북구-태양광발전사업,https://www.solarlink.co.kr/?k=%EA%B4%91%EC%A3%BC%EB%B6%81%EA%B5%AC-%ED%83%9C%EC%96%91%EA%B4%91%EB%B0%9C%EC%A0%84%EC%82%AC%EC%97%85,https://www.solarlink.co.kr/?k=광주북구-태양광발전사업,N
1617,광주,광주구군,광주 광산구,태양광 설치,광주 광산구 태양광 설치,광주광산구-태양광설치,https://www.solarlink.co.kr/?k=%EA%B4%91%EC%A3%BC%EA%B4%91%EC%82%B0%EA%B5%AC-%ED%83%9C%EC%96%91%EA%B4%91%EC%84%A4%EC%B9%98,https://www.solarlink.co.kr/?k=광주광산구-태양광설치,N
1618,광주,광주구군,광주 광산구,태양광 업체,광주 광산구 태양광 업체,광주광산구-태양광업체,https://www.solarlink.co.kr/?k=%EA%B4%91%EC%A3%BC%EA%B4%91%EC%82%B0%EA%B5%AC-%ED%83%9C%EC%96%91%EA%B4%91%EC%97%85%EC%B2%B4,https://www.solarlink.co.kr/?k=광주광산구-태양광업체,N
1619,광주,광주구군,광주 광산구,건물 태양광,광주 광산구 건물 태양광,광주광산구-건물태양광,https://www.solarlink.co.kr/?k=%EA%B4%91%EC%A3%BC%EA%B4%91%EC%82%B0%EA%B5%AC-%EA%B1%B4%EB%AC%BC%ED%83%9C%EC%96%91%EA%B4%91,https://www.solarlink.co.kr/?k=광주광산구-건물태양광,N
1620,광주,광주구군,광주 광산구,옥상 태양광,광주 광산구 옥상 태양광,광주광산구-옥상태양광,https://www.solarlink.co.kr/?k=%EA%B4%91%EC%A3%BC%EA%B4%91%EC%82%B0%EA%B5%AC-%EC%98%A5%EC%83%81%ED%83%9C%EC%96%91%EA%B4%91,https://www.solarlink.co.kr/?k=광주광산구-옥상태양광,N
1621,광주,광주구군,광주 광산구,상가 태양광,광주 광산구 상가 태양광,광주광산구-상가태양광,https://www.solarlink.co.kr/?k=%EA%B4%91%EC%A3%BC%EA%B4%91%EC%82%B0%EA%B5%AC-%EC%83%81%EA%B0%80%ED%83%9C%EC%96%91%EA%B4%91,https://www.solarlink.co.kr/?k=광주광산구-상가태양광,N
1622,광주,광주구군,광주 광산구,공장 태양광,광주 광산구 공장 태양광,광주광산구-공장태양광,https://www.solarlink.co.kr/?k=%EA%B4%91%EC%A3%BC%EA%B4%91%EC%82%B0%EA%B5%AC-%EA%B3%B5%EC%9E%A5%ED%83%9C%EC%96%91%EA%B4%91,https://www.solarlink.co.kr/?k=광주광산구-공장태양광,N
1623,광주,광주구군,광주 광산구,지붕 태양광 임대,광주 광산구 지붕 태양광 임대,광주광산구-지붕태양광임대,https://www.solarlink.co.kr/?k=%EA%B4%91%EC%A3%BC%EA%B4%91%EC%82%B0%EA%B5%AC-%EC%A7%80%EB%B6%95%ED%83%9C%EC%96%91%EA%B4%91%EC%9E%84%EB%8C%80,https://www.solarlink.co.kr/?k=광주광산구-지붕태양광임대,N
1624,광주,광주구군,광주 광산구,태양광 발전사업,광주 광산구 태양광 발전사업,광주광산구-태양광발전사업,https://www.solarlink.co.kr/?k=%EA%B4%91%EC%A3%BC%EA%B4%91%EC%82%B0%EA%B5%AC-%ED%83%9C%EC%96%91%EA%B4%91%EB%B0%9C%EC%A0%84%EC%82%AC%EC%97%85,https://www.solarlink.co.kr/?k=광주광산구-태양광발전사업,N
1625,강원,강원시군,춘천,태양광 설치,춘천 태양광 설치,춘천-태양광설치,https://www.solarlink.co.kr/?k=%EC%B6%98%EC%B2%9C-%ED%83%9C%EC%96%91%EA%B4%91%EC%84%A4%EC%B9%98,https://www.solarlink.co.kr/?k=춘천-태양광설치,N
1626,강원,강원시군,춘천,태양광 업체,춘천 태양광 업체,춘천-태양광업체,https://www.solarlink.co.kr/?k=%EC%B6%98%EC%B2%9C-%ED%83%9C%EC%96%91%EA%B4%91%EC%97%85%EC%B2%B4,https://www.solarlink.co.kr/?k=춘천-태양광업체,N
1627,강원,강원시군,춘천,공장 태양광,춘천 공장 태양광,춘천-공장태양광,https://www.solarlink.co.kr/?k=%EC%B6%98%EC%B2%9C-%EA%B3%B5%EC%9E%A5%ED%83%9C%EC%96%91%EA%B4%91,https://www.solarlink.co.kr/?k=춘천-공장태양광,N
1628,강원,강원시군,춘천,공장 지붕 태양광,춘천 공장 지붕 태양광,춘천-공장지붕태양광,https://www.solarlink.co.kr/?k=%EC%B6%98%EC%B2%9C-%EA%B3%B5%EC%9E%A5%EC%A7%80%EB%B6%95%ED%83%9C%EC%96%91%EA%B4%91,https://www.solarlink.co.kr/?k=춘천-공장지붕태양광,N
1629,강원,강원시군,춘천,창고 태양광,춘천 창고 태양광,춘천-창고태양광,https://www.solarlink.co.kr/?k=%EC%B6%98%EC%B2%9C-%EC%B0%BD%EA%B3%A0%ED%83%9C%EC%96%91%EA%B4%91,https://www.solarlink.co.kr/?k=춘천-창고태양광,N
1630,강원,강원시군,춘천,축사 태양광,춘천 축사 태양광,춘천-축사태양광,https://www.solarlink.co.kr/?k=%EC%B6%98%EC%B2%9C-%EC%B6%95%EC%82%AC%ED%83%9C%EC%96%91%EA%B4%91,https://www.solarlink.co.kr/?k=춘천-축사태양광,N
1631,강원,강원시군,춘천,지붕 태양광 임대,춘천 지붕 태양광 임대,춘천-지붕태양광임대,https://www.solarlink.co.kr/?k=%EC%B6%98%EC%B2%9C-%EC%A7%80%EB%B6%95%ED%83%9C%EC%96%91%EA%B4%91%EC%9E%84%EB%8C%80,https://www.solarlink.co.kr/?k=춘천-지붕태양광임대,N
1632,강원,강원시군,춘천,태양광 발전사업,춘천 태양광 발전사업,춘천-태양광발전사업,https://www.solarlink.co.kr/?k=%EC%B6%98%EC%B2%9C-%ED%83%9C%EC%96%91%EA%B4%91%EB%B0%9C%EC%A0%84%EC%82%AC%EC%97%85,https://www.solarlink.co.kr/?k=춘천-태양광발전사업,N
1633,강원,강원시군,원주,태양광 설치,원주 태양광 설치,원주-태양광설치,https://www.solarlink.co.kr/?k=%EC%9B%90%EC%A3%BC-%ED%83%9C%EC%96%91%EA%B4%91%EC%84%A4%EC%B9%98,https://www.solarlink.co.kr/?k=원주-태양광설치,N
1634,강원,강원시군,원주,태양광 업체,원주 태양광 업체,원주-태양광업체,https://www.solarlink.co.kr/?k=%EC%9B%90%EC%A3%BC-%ED%83%9C%EC%96%91%EA%B4%91%EC%97%85%EC%B2%B4,https://www.solarlink.co.kr/?k=원주-태양광업체,N
1635,강원,강원시군,원주,공장 태양광,원주 공장 태양광,원주-공장태양광,https://www.solarlink.co.kr/?k=%EC%9B%90%EC%A3%BC-%EA%B3%B5%EC%9E%A5%ED%83%9C%EC%96%91%EA%B4%91,https://www.solarlink.co.kr/?k=원주-공장태양광,N
1636,강원,강원시군,원주,공장 지붕 태양광,원주 공장 지붕 태양광,원주-공장지붕태양광,https://www.solarlink.co.kr/?k=%EC%9B%90%EC%A3%BC-%EA%B3%B5%EC%9E%A5%EC%A7%80%EB%B6%95%ED%83%9C%EC%96%91%EA%B4%91,https://www.solarlink.co.kr/?k=원주-공장지붕태양광,N
1637,강원,강원시군,원주,창고 태양광,원주 창고 태양광,원주-창고태양광,https://www.solarlink.co.kr/?k=%EC%9B%90%EC%A3%BC-%EC%B0%BD%EA%B3%A0%ED%83%9C%EC%96%91%EA%B4%91,https://www.solarlink.co.kr/?k=원주-창고태양광,N
1638,강원,강원시군,원주,축사 태양광,원주 축사 태양광,원주-축사태양광,https://www.solarlink.co.kr/?k=%EC%9B%90%EC%A3%BC-%EC%B6%95%EC%82%AC%ED%83%9C%EC%96%91%EA%B4%91,https://www.solarlink.co.kr/?k=원주-축사태양광,N
1639,강원,강원시군,원주,지붕 태양광 임대,원주 지붕 태양광 임대,원주-지붕태양광임대,https://www.solarlink.co.kr/?k=%EC%9B%90%EC%A3%BC-%EC%A7%80%EB%B6%95%ED%83%9C%EC%96%91%EA%B4%91%EC%9E%84%EB%8C%80,https://www.solarlink.co.kr/?k=원주-지붕태양광임대,N
1640,강원,강원시군,원주,태양광 발전사업,원주 태양광 발전사업,원주-태양광발전사업,https://www.solarlink.co.kr/?k=%EC%9B%90%EC%A3%BC-%ED%83%9C%EC%96%91%EA%B4%91%EB%B0%9C%EC%A0%84%EC%82%AC%EC%97%85,https://www.solarlink.co.kr/?k=원주-태양광발전사업,N
1641,강원,강원시군,강릉,태양광 설치,강릉 태양광 설치,강릉-태양광설치,https://www.solarlink.co.kr/?k=%EA%B0%95%EB%A6%89-%ED%83%9C%EC%96%91%EA%B4%91%EC%84%A4%EC%B9%98,https://www.solarlink.co.kr/?k=강릉-태양광설치,N
1642,강원,강원시군,강릉,태양광 업체,강릉 태양광 업체,강릉-태양광업체,https://www.solarlink.co.kr/?k=%EA%B0%95%EB%A6%89-%ED%83%9C%EC%96%91%EA%B4%91%EC%97%85%EC%B2%B4,https://www.solarlink.co.kr/?k=강릉-태양광업체,N
1643,강원,강원시군,강릉,공장 태양광,강릉 공장 태양광,강릉-공장태양광,https://www.solarlink.co.kr/?k=%EA%B0%95%EB%A6%89-%EA%B3%B5%EC%9E%A5%ED%83%9C%EC%96%91%EA%B4%91,https://www.solarlink.co.kr/?k=강릉-공장태양광,N
1644,강원,강원시군,강릉,공장 지붕 태양광,강릉 공장 지붕 태양광,강릉-공장지붕태양광,https://www.solarlink.co.kr/?k=%EA%B0%95%EB%A6%89-%EA%B3%B5%EC%9E%A5%EC%A7%80%EB%B6%95%ED%83%9C%EC%96%91%EA%B4%91,https://www.solarlink.co.kr/?k=강릉-공장지붕태양광,N
1645,강원,강원시군,강릉,창고 태양광,강릉 창고 태양광,강릉-창고태양광,https://www.solarlink.co.kr/?k=%EA%B0%95%EB%A6%89-%EC%B0%BD%EA%B3%A0%ED%83%9C%EC%96%91%EA%B4%91,https://www.solarlink.co.kr/?k=강릉-창고태양광,N
1646,강원,강원시군,강릉,축사 태양광,강릉 축사 태양광,강릉-축사태양광,https://www.solarlink.co.kr/?k=%EA%B0%95%EB%A6%89-%EC%B6%95%EC%82%AC%ED%83%9C%EC%96%91%EA%B4%91,https://www.solarlink.co.kr/?k=강릉-축사태양광,N
1647,강원,강원시군,강릉,지붕 태양광 임대,강릉 지붕 태양광 임대,강릉-지붕태양광임대,https://www.solarlink.co.kr/?k=%EA%B0%95%EB%A6%89-%EC%A7%80%EB%B6%95%ED%83%9C%EC%96%91%EA%B4%91%EC%9E%84%EB%8C%80,https://www.solarlink.co.kr/?k=강릉-지붕태양광임대,N
1648,강원,강원시군,강릉,태양광 발전사업,강릉 태양광 발전사업,강릉-태양광발전사업,https://www.solarlink.co.kr/?k=%EA%B0%95%EB%A6%89-%ED%83%9C%EC%96%91%EA%B4%91%EB%B0%9C%EC%A0%84%EC%82%AC%EC%97%85,https://www.solarlink.co.kr/?k=강릉-태양광발전사업,N
1649,강원,강원시군,동해,태양광 설치,동해 태양광 설치,동해-태양광설치,https://www.solarlink.co.kr/?k=%EB%8F%99%ED%95%B4-%ED%83%9C%EC%96%91%EA%B4%91%EC%84%A4%EC%B9%98,https://www.solarlink.co.kr/?k=동해-태양광설치,N
1650,강원,강원시군,동해,태양광 업체,동해 태양광 업체,동해-태양광업체,https://www.solarlink.co.kr/?k=%EB%8F%99%ED%95%B4-%ED%83%9C%EC%96%91%EA%B4%91%EC%97%85%EC%B2%B4,https://www.solarlink.co.kr/?k=동해-태양광업체,N
1651,강원,강원시군,동해,공장 태양광,동해 공장 태양광,동해-공장태양광,https://www.solarlink.co.kr/?k=%EB%8F%99%ED%95%B4-%EA%B3%B5%EC%9E%A5%ED%83%9C%EC%96%91%EA%B4%91,https://www.solarlink.co.kr/?k=동해-공장태양광,N
1652,강원,강원시군,동해,공장 지붕 태양광,동해 공장 지붕 태양광,동해-공장지붕태양광,https://www.solarlink.co.kr/?k=%EB%8F%99%ED%95%B4-%EA%B3%B5%EC%9E%A5%EC%A7%80%EB%B6%95%ED%83%9C%EC%96%91%EA%B4%91,https://www.solarlink.co.kr/?k=동해-공장지붕태양광,N
1653,강원,강원시군,동해,창고 태양광,동해 창고 태양광,동해-창고태양광,https://www.solarlink.co.kr/?k=%EB%8F%99%ED%95%B4-%EC%B0%BD%EA%B3%A0%ED%83%9C%EC%96%91%EA%B4%91,https://www.solarlink.co.kr/?k=동해-창고태양광,N
1654,강원,강원시군,동해,축사 태양광,동해 축사 태양광,동해-축사태양광,https://www.solarlink.co.kr/?k=%EB%8F%99%ED%95%B4-%EC%B6%95%EC%82%AC%ED%83%9C%EC%96%91%EA%B4%91,https://www.solarlink.co.kr/?k=동해-축사태양광,N
1655,강원,강원시군,동해,지붕 태양광 임대,동해 지붕 태양광 임대,동해-지붕태양광임대,https://www.solarlink.co.kr/?k=%EB%8F%99%ED%95%B4-%EC%A7%80%EB%B6%95%ED%83%9C%EC%96%91%EA%B4%91%EC%9E%84%EB%8C%80,https://www.solarlink.co.kr/?k=동해-지붕태양광임대,N
1656,강원,강원시군,동해,태양광 발전사업,동해 태양광 발전사업,동해-태양광발전사업,https://www.solarlink.co.kr/?k=%EB%8F%99%ED%95%B4-%ED%83%9C%EC%96%91%EA%B4%91%EB%B0%9C%EC%A0%84%EC%82%AC%EC%97%85,https://www.solarlink.co.kr/?k=동해-태양광발전사업,N
1657,강원,강원시군,태백,태양광 설치,태백 태양광 설치,태백-태양광설치,https://www.solarlink.co.kr/?k=%ED%83%9C%EB%B0%B1-%ED%83%9C%EC%96%91%EA%B4%91%EC%84%A4%EC%B9%98,https://www.solarlink.co.kr/?k=태백-태양광설치,N
1658,강원,강원시군,태백,태양광 업체,태백 태양광 업체,태백-태양광업체,https://www.solarlink.co.kr/?k=%ED%83%9C%EB%B0%B1-%ED%83%9C%EC%96%91%EA%B4%91%EC%97%85%EC%B2%B4,https://www.solarlink.co.kr/?k=태백-태양광업체,N
1659,강원,강원시군,태백,공장 태양광,태백 공장 태양광,태백-공장태양광,https://www.solarlink.co.kr/?k=%ED%83%9C%EB%B0%B1-%EA%B3%B5%EC%9E%A5%ED%83%9C%EC%96%91%EA%B4%91,https://www.solarlink.co.kr/?k=태백-공장태양광,N
1660,강원,강원시군,태백,공장 지붕 태양광,태백 공장 지붕 태양광,태백-공장지붕태양광,https://www.solarlink.co.kr/?k=%ED%83%9C%EB%B0%B1-%EA%B3%B5%EC%9E%A5%EC%A7%80%EB%B6%95%ED%83%9C%EC%96%91%EA%B4%91,https://www.solarlink.co.kr/?k=태백-공장지붕태양광,N
1661,강원,강원시군,태백,창고 태양광,태백 창고 태양광,태백-창고태양광,https://www.solarlink.co.kr/?k=%ED%83%9C%EB%B0%B1-%EC%B0%BD%EA%B3%A0%ED%83%9C%EC%96%91%EA%B4%91,https://www.solarlink.co.kr/?k=태백-창고태양광,N
1662,강원,강원시군,태백,축사 태양광,태백 축사 태양광,태백-축사태양광,https://www.solarlink.co.kr/?k=%ED%83%9C%EB%B0%B1-%EC%B6%95%EC%82%AC%ED%83%9C%EC%96%91%EA%B4%91,https://www.solarlink.co.kr/?k=태백-축사태양광,N
1663,강원,강원시군,태백,지붕 태양광 임대,태백 지붕 태양광 임대,태백-지붕태양광임대,https://www.solarlink.co.kr/?k=%ED%83%9C%EB%B0%B1-%EC%A7%80%EB%B6%95%ED%83%9C%EC%96%91%EA%B4%91%EC%9E%84%EB%8C%80,https://www.solarlink.co.kr/?k=태백-지붕태양광임대,N
1664,강원,강원시군,태백,태양광 발전사업,태백 태양광 발전사업,태백-태양광발전사업,https://www.solarlink.co.kr/?k=%ED%83%9C%EB%B0%B1-%ED%83%9C%EC%96%91%EA%B4%91%EB%B0%9C%EC%A0%84%EC%82%AC%EC%97%85,https://www.solarlink.co.kr/?k=태백-태양광발전사업,N
1665,강원,강원시군,속초,태양광 설치,속초 태양광 설치,속초-태양광설치,https://www.solarlink.co.kr/?k=%EC%86%8D%EC%B4%88-%ED%83%9C%EC%96%91%EA%B4%91%EC%84%A4%EC%B9%98,https://www.solarlink.co.kr/?k=속초-태양광설치,N
1666,강원,강원시군,속초,태양광 업체,속초 태양광 업체,속초-태양광업체,https://www.solarlink.co.kr/?k=%EC%86%8D%EC%B4%88-%ED%83%9C%EC%96%91%EA%B4%91%EC%97%85%EC%B2%B4,https://www.solarlink.co.kr/?k=속초-태양광업체,N
1667,강원,강원시군,속초,공장 태양광,속초 공장 태양광,속초-공장태양광,https://www.solarlink.co.kr/?k=%EC%86%8D%EC%B4%88-%EA%B3%B5%EC%9E%A5%ED%83%9C%EC%96%91%EA%B4%91,https://www.solarlink.co.kr/?k=속초-공장태양광,N
1668,강원,강원시군,속초,공장 지붕 태양광,속초 공장 지붕 태양광,속초-공장지붕태양광,https://www.solarlink.co.kr/?k=%EC%86%8D%EC%B4%88-%EA%B3%B5%EC%9E%A5%EC%A7%80%EB%B6%95%ED%83%9C%EC%96%91%EA%B4%91,https://www.solarlink.co.kr/?k=속초-공장지붕태양광,N
1669,강원,강원시군,속초,창고 태양광,속초 창고 태양광,속초-창고태양광,https://www.solarlink.co.kr/?k=%EC%86%8D%EC%B4%88-%EC%B0%BD%EA%B3%A0%ED%83%9C%EC%96%91%EA%B4%91,https://www.solarlink.co.kr/?k=속초-창고태양광,N
1670,강원,강원시군,속초,축사 태양광,속초 축사 태양광,속초-축사태양광,https://www.solarlink.co.kr/?k=%EC%86%8D%EC%B4%88-%EC%B6%95%EC%82%AC%ED%83%9C%EC%96%91%EA%B4%91,https://www.solarlink.co.kr/?k=속초-축사태양광,N
1671,강원,강원시군,속초,지붕 태양광 임대,속초 지붕 태양광 임대,속초-지붕태양광임대,https://www.solarlink.co.kr/?k=%EC%86%8D%EC%B4%88-%EC%A7%80%EB%B6%95%ED%83%9C%EC%96%91%EA%B4%91%EC%9E%84%EB%8C%80,https://www.solarlink.co.kr/?k=속초-지붕태양광임대,N
1672,강원,강원시군,속초,태양광 발전사업,속초 태양광 발전사업,속초-태양광발전사업,https://www.solarlink.co.kr/?k=%EC%86%8D%EC%B4%88-%ED%83%9C%EC%96%91%EA%B4%91%EB%B0%9C%EC%A0%84%EC%82%AC%EC%97%85,https://www.solarlink.co.kr/?k=속초-태양광발전사업,N
1673,강원,강원시군,삼척,태양광 설치,삼척 태양광 설치,삼척-태양광설치,https://www.solarlink.co.kr/?k=%EC%82%BC%EC%B2%99-%ED%83%9C%EC%96%91%EA%B4%91%EC%84%A4%EC%B9%98,https://www.solarlink.co.kr/?k=삼척-태양광설치,N
1674,강원,강원시군,삼척,태양광 업체,삼척 태양광 업체,삼척-태양광업체,https://www.solarlink.co.kr/?k=%EC%82%BC%EC%B2%99-%ED%83%9C%EC%96%91%EA%B4%91%EC%97%85%EC%B2%B4,https://www.solarlink.co.kr/?k=삼척-태양광업체,N
1675,강원,강원시군,삼척,공장 태양광,삼척 공장 태양광,삼척-공장태양광,https://www.solarlink.co.kr/?k=%EC%82%BC%EC%B2%99-%EA%B3%B5%EC%9E%A5%ED%83%9C%EC%96%91%EA%B4%91,https://www.solarlink.co.kr/?k=삼척-공장태양광,N
1676,강원,강원시군,삼척,공장 지붕 태양광,삼척 공장 지붕 태양광,삼척-공장지붕태양광,https://www.solarlink.co.kr/?k=%EC%82%BC%EC%B2%99-%EA%B3%B5%EC%9E%A5%EC%A7%80%EB%B6%95%ED%83%9C%EC%96%91%EA%B4%91,https://www.solarlink.co.kr/?k=삼척-공장지붕태양광,N
1677,강원,강원시군,삼척,창고 태양광,삼척 창고 태양광,삼척-창고태양광,https://www.solarlink.co.kr/?k=%EC%82%BC%EC%B2%99-%EC%B0%BD%EA%B3%A0%ED%83%9C%EC%96%91%EA%B4%91,https://www.solarlink.co.kr/?k=삼척-창고태양광,N
1678,강원,강원시군,삼척,축사 태양광,삼척 축사 태양광,삼척-축사태양광,https://www.solarlink.co.kr/?k=%EC%82%BC%EC%B2%99-%EC%B6%95%EC%82%AC%ED%83%9C%EC%96%91%EA%B4%91,https://www.solarlink.co.kr/?k=삼척-축사태양광,N
1679,강원,강원시군,삼척,지붕 태양광 임대,삼척 지붕 태양광 임대,삼척-지붕태양광임대,https://www.solarlink.co.kr/?k=%EC%82%BC%EC%B2%99-%EC%A7%80%EB%B6%95%ED%83%9C%EC%96%91%EA%B4%91%EC%9E%84%EB%8C%80,https://www.solarlink.co.kr/?k=삼척-지붕태양광임대,N
1680,강원,강원시군,삼척,태양광 발전사업,삼척 태양광 발전사업,삼척-태양광발전사업,https://www.solarlink.co.kr/?k=%EC%82%BC%EC%B2%99-%ED%83%9C%EC%96%91%EA%B4%91%EB%B0%9C%EC%A0%84%EC%82%AC%EC%97%85,https://www.solarlink.co.kr/?k=삼척-태양광발전사업,N
1681,강원,강원시군,홍천,태양광 설치,홍천 태양광 설치,홍천-태양광설치,https://www.solarlink.co.kr/?k=%ED%99%8D%EC%B2%9C-%ED%83%9C%EC%96%91%EA%B4%91%EC%84%A4%EC%B9%98,https://www.solarlink.co.kr/?k=홍천-태양광설치,N
1682,강원,강원시군,홍천,태양광 업체,홍천 태양광 업체,홍천-태양광업체,https://www.solarlink.co.kr/?k=%ED%99%8D%EC%B2%9C-%ED%83%9C%EC%96%91%EA%B4%91%EC%97%85%EC%B2%B4,https://www.solarlink.co.kr/?k=홍천-태양광업체,N
1683,강원,강원시군,홍천,공장 태양광,홍천 공장 태양광,홍천-공장태양광,https://www.solarlink.co.kr/?k=%ED%99%8D%EC%B2%9C-%EA%B3%B5%EC%9E%A5%ED%83%9C%EC%96%91%EA%B4%91,https://www.solarlink.co.kr/?k=홍천-공장태양광,N
1684,강원,강원시군,홍천,공장 지붕 태양광,홍천 공장 지붕 태양광,홍천-공장지붕태양광,https://www.solarlink.co.kr/?k=%ED%99%8D%EC%B2%9C-%EA%B3%B5%EC%9E%A5%EC%A7%80%EB%B6%95%ED%83%9C%EC%96%91%EA%B4%91,https://www.solarlink.co.kr/?k=홍천-공장지붕태양광,N
1685,강원,강원시군,홍천,창고 태양광,홍천 창고 태양광,홍천-창고태양광,https://www.solarlink.co.kr/?k=%ED%99%8D%EC%B2%9C-%EC%B0%BD%EA%B3%A0%ED%83%9C%EC%96%91%EA%B4%91,https://www.solarlink.co.kr/?k=홍천-창고태양광,N
1686,강원,강원시군,홍천,축사 태양광,홍천 축사 태양광,홍천-축사태양광,https://www.solarlink.co.kr/?k=%ED%99%8D%EC%B2%9C-%EC%B6%95%EC%82%AC%ED%83%9C%EC%96%91%EA%B4%91,https://www.solarlink.co.kr/?k=홍천-축사태양광,N
1687,강원,강원시군,홍천,지붕 태양광 임대,홍천 지붕 태양광 임대,홍천-지붕태양광임대,https://www.solarlink.co.kr/?k=%ED%99%8D%EC%B2%9C-%EC%A7%80%EB%B6%95%ED%83%9C%EC%96%91%EA%B4%91%EC%9E%84%EB%8C%80,https://www.solarlink.co.kr/?k=홍천-지붕태양광임대,N
1688,강원,강원시군,홍천,태양광 발전사업,홍천 태양광 발전사업,홍천-태양광발전사업,https://www.solarlink.co.kr/?k=%ED%99%8D%EC%B2%9C-%ED%83%9C%EC%96%91%EA%B4%91%EB%B0%9C%EC%A0%84%EC%82%AC%EC%97%85,https://www.solarlink.co.kr/?k=홍천-태양광발전사업,N
1689,강원,강원시군,횡성,태양광 설치,횡성 태양광 설치,횡성-태양광설치,https://www.solarlink.co.kr/?k=%ED%9A%A1%EC%84%B1-%ED%83%9C%EC%96%91%EA%B4%91%EC%84%A4%EC%B9%98,https://www.solarlink.co.kr/?k=횡성-태양광설치,N
1690,강원,강원시군,횡성,태양광 업체,횡성 태양광 업체,횡성-태양광업체,https://www.solarlink.co.kr/?k=%ED%9A%A1%EC%84%B1-%ED%83%9C%EC%96%91%EA%B4%91%EC%97%85%EC%B2%B4,https://www.solarlink.co.kr/?k=횡성-태양광업체,N
1691,강원,강원시군,횡성,공장 태양광,횡성 공장 태양광,횡성-공장태양광,https://www.solarlink.co.kr/?k=%ED%9A%A1%EC%84%B1-%EA%B3%B5%EC%9E%A5%ED%83%9C%EC%96%91%EA%B4%91,https://www.solarlink.co.kr/?k=횡성-공장태양광,N
1692,강원,강원시군,횡성,공장 지붕 태양광,횡성 공장 지붕 태양광,횡성-공장지붕태양광,https://www.solarlink.co.kr/?k=%ED%9A%A1%EC%84%B1-%EA%B3%B5%EC%9E%A5%EC%A7%80%EB%B6%95%ED%83%9C%EC%96%91%EA%B4%91,https://www.solarlink.co.kr/?k=횡성-공장지붕태양광,N
1693,강원,강원시군,횡성,창고 태양광,횡성 창고 태양광,횡성-창고태양광,https://www.solarlink.co.kr/?k=%ED%9A%A1%EC%84%B1-%EC%B0%BD%EA%B3%A0%ED%83%9C%EC%96%91%EA%B4%91,https://www.solarlink.co.kr/?k=횡성-창고태양광,N
1694,강원,강원시군,횡성,축사 태양광,횡성 축사 태양광,횡성-축사태양광,https://www.solarlink.co.kr/?k=%ED%9A%A1%EC%84%B1-%EC%B6%95%EC%82%AC%ED%83%9C%EC%96%91%EA%B4%91,https://www.solarlink.co.kr/?k=횡성-축사태양광,N
1695,강원,강원시군,횡성,지붕 태양광 임대,횡성 지붕 태양광 임대,횡성-지붕태양광임대,https://www.solarlink.co.kr/?k=%ED%9A%A1%EC%84%B1-%EC%A7%80%EB%B6%95%ED%83%9C%EC%96%91%EA%B4%91%EC%9E%84%EB%8C%80,https://www.solarlink.co.kr/?k=횡성-지붕태양광임대,N
1696,강원,강원시군,횡성,태양광 발전사업,횡성 태양광 발전사업,횡성-태양광발전사업,https://www.solarlink.co.kr/?k=%ED%9A%A1%EC%84%B1-%ED%83%9C%EC%96%91%EA%B4%91%EB%B0%9C%EC%A0%84%EC%82%AC%EC%97%85,https://www.solarlink.co.kr/?k=횡성-태양광발전사업,N
1697,강원,강원시군,영월,태양광 설치,영월 태양광 설치,영월-태양광설치,https://www.solarlink.co.kr/?k=%EC%98%81%EC%9B%94-%ED%83%9C%EC%96%91%EA%B4%91%EC%84%A4%EC%B9%98,https://www.solarlink.co.kr/?k=영월-태양광설치,N
1698,강원,강원시군,영월,태양광 업체,영월 태양광 업체,영월-태양광업체,https://www.solarlink.co.kr/?k=%EC%98%81%EC%9B%94-%ED%83%9C%EC%96%91%EA%B4%91%EC%97%85%EC%B2%B4,https://www.solarlink.co.kr/?k=영월-태양광업체,N
1699,강원,강원시군,영월,공장 태양광,영월 공장 태양광,영월-공장태양광,https://www.solarlink.co.kr/?k=%EC%98%81%EC%9B%94-%EA%B3%B5%EC%9E%A5%ED%83%9C%EC%96%91%EA%B4%91,https://www.solarlink.co.kr/?k=영월-공장태양광,N
1700,강원,강원시군,영월,공장 지붕 태양광,영월 공장 지붕 태양광,영월-공장지붕태양광,https://www.solarlink.co.kr/?k=%EC%98%81%EC%9B%94-%EA%B3%B5%EC%9E%A5%EC%A7%80%EB%B6%95%ED%83%9C%EC%96%91%EA%B4%91,https://www.solarlink.co.kr/?k=영월-공장지붕태양광,N
1701,강원,강원시군,영월,창고 태양광,영월 창고 태양광,영월-창고태양광,https://www.solarlink.co.kr/?k=%EC%98%81%EC%9B%94-%EC%B0%BD%EA%B3%A0%ED%83%9C%EC%96%91%EA%B4%91,https://www.solarlink.co.kr/?k=영월-창고태양광,N
1702,강원,강원시군,영월,축사 태양광,영월 축사 태양광,영월-축사태양광,https://www.solarlink.co.kr/?k=%EC%98%81%EC%9B%94-%EC%B6%95%EC%82%AC%ED%83%9C%EC%96%91%EA%B4%91,https://www.solarlink.co.kr/?k=영월-축사태양광,N
1703,강원,강원시군,영월,지붕 태양광 임대,영월 지붕 태양광 임대,영월-지붕태양광임대,https://www.solarlink.co.kr/?k=%EC%98%81%EC%9B%94-%EC%A7%80%EB%B6%95%ED%83%9C%EC%96%91%EA%B4%91%EC%9E%84%EB%8C%80,https://www.solarlink.co.kr/?k=영월-지붕태양광임대,N
1704,강원,강원시군,영월,태양광 발전사업,영월 태양광 발전사업,영월-태양광발전사업,https://www.solarlink.co.kr/?k=%EC%98%81%EC%9B%94-%ED%83%9C%EC%96%91%EA%B4%91%EB%B0%9C%EC%A0%84%EC%82%AC%EC%97%85,https://www.solarlink.co.kr/?k=영월-태양광발전사업,N
1705,강원,강원시군,평창,태양광 설치,평창 태양광 설치,평창-태양광설치,https://www.solarlink.co.kr/?k=%ED%8F%89%EC%B0%BD-%ED%83%9C%EC%96%91%EA%B4%91%EC%84%A4%EC%B9%98,https://www.solarlink.co.kr/?k=평창-태양광설치,N
1706,강원,강원시군,평창,태양광 업체,평창 태양광 업체,평창-태양광업체,https://www.solarlink.co.kr/?k=%ED%8F%89%EC%B0%BD-%ED%83%9C%EC%96%91%EA%B4%91%EC%97%85%EC%B2%B4,https://www.solarlink.co.kr/?k=평창-태양광업체,N
1707,강원,강원시군,평창,공장 태양광,평창 공장 태양광,평창-공장태양광,https://www.solarlink.co.kr/?k=%ED%8F%89%EC%B0%BD-%EA%B3%B5%EC%9E%A5%ED%83%9C%EC%96%91%EA%B4%91,https://www.solarlink.co.kr/?k=평창-공장태양광,N
1708,강원,강원시군,평창,공장 지붕 태양광,평창 공장 지붕 태양광,평창-공장지붕태양광,https://www.solarlink.co.kr/?k=%ED%8F%89%EC%B0%BD-%EA%B3%B5%EC%9E%A5%EC%A7%80%EB%B6%95%ED%83%9C%EC%96%91%EA%B4%91,https://www.solarlink.co.kr/?k=평창-공장지붕태양광,N
1709,강원,강원시군,평창,창고 태양광,평창 창고 태양광,평창-창고태양광,https://www.solarlink.co.kr/?k=%ED%8F%89%EC%B0%BD-%EC%B0%BD%EA%B3%A0%ED%83%9C%EC%96%91%EA%B4%91,https://www.solarlink.co.kr/?k=평창-창고태양광,N
1710,강원,강원시군,평창,축사 태양광,평창 축사 태양광,평창-축사태양광,https://www.solarlink.co.kr/?k=%ED%8F%89%EC%B0%BD-%EC%B6%95%EC%82%AC%ED%83%9C%EC%96%91%EA%B4%91,https://www.solarlink.co.kr/?k=평창-축사태양광,N
1711,강원,강원시군,평창,지붕 태양광 임대,평창 지붕 태양광 임대,평창-지붕태양광임대,https://www.solarlink.co.kr/?k=%ED%8F%89%EC%B0%BD-%EC%A7%80%EB%B6%95%ED%83%9C%EC%96%91%EA%B4%91%EC%9E%84%EB%8C%80,https://www.solarlink.co.kr/?k=평창-지붕태양광임대,N
1712,강원,강원시군,평창,태양광 발전사업,평창 태양광 발전사업,평창-태양광발전사업,https://www.solarlink.co.kr/?k=%ED%8F%89%EC%B0%BD-%ED%83%9C%EC%96%91%EA%B4%91%EB%B0%9C%EC%A0%84%EC%82%AC%EC%97%85,https://www.solarlink.co.kr/?k=평창-태양광발전사업,N
1713,강원,강원시군,정선,태양광 설치,정선 태양광 설치,정선-태양광설치,https://www.solarlink.co.kr/?k=%EC%A0%95%EC%84%A0-%ED%83%9C%EC%96%91%EA%B4%91%EC%84%A4%EC%B9%98,https://www.solarlink.co.kr/?k=정선-태양광설치,N
1714,강원,강원시군,정선,태양광 업체,정선 태양광 업체,정선-태양광업체,https://www.solarlink.co.kr/?k=%EC%A0%95%EC%84%A0-%ED%83%9C%EC%96%91%EA%B4%91%EC%97%85%EC%B2%B4,https://www.solarlink.co.kr/?k=정선-태양광업체,N
1715,강원,강원시군,정선,공장 태양광,정선 공장 태양광,정선-공장태양광,https://www.solarlink.co.kr/?k=%EC%A0%95%EC%84%A0-%EA%B3%B5%EC%9E%A5%ED%83%9C%EC%96%91%EA%B4%91,https://www.solarlink.co.kr/?k=정선-공장태양광,N
1716,강원,강원시군,정선,공장 지붕 태양광,정선 공장 지붕 태양광,정선-공장지붕태양광,https://www.solarlink.co.kr/?k=%EC%A0%95%EC%84%A0-%EA%B3%B5%EC%9E%A5%EC%A7%80%EB%B6%95%ED%83%9C%EC%96%91%EA%B4%91,https://www.solarlink.co.kr/?k=정선-공장지붕태양광,N
1717,강원,강원시군,정선,창고 태양광,정선 창고 태양광,정선-창고태양광,https://www.solarlink.co.kr/?k=%EC%A0%95%EC%84%A0-%EC%B0%BD%EA%B3%A0%ED%83%9C%EC%96%91%EA%B4%91,https://www.solarlink.co.kr/?k=정선-창고태양광,N
1718,강원,강원시군,정선,축사 태양광,정선 축사 태양광,정선-축사태양광,https://www.solarlink.co.kr/?k=%EC%A0%95%EC%84%A0-%EC%B6%95%EC%82%AC%ED%83%9C%EC%96%91%EA%B4%91,https://www.solarlink.co.kr/?k=정선-축사태양광,N
1719,강원,강원시군,정선,지붕 태양광 임대,정선 지붕 태양광 임대,정선-지붕태양광임대,https://www.solarlink.co.kr/?k=%EC%A0%95%EC%84%A0-%EC%A7%80%EB%B6%95%ED%83%9C%EC%96%91%EA%B4%91%EC%9E%84%EB%8C%80,https://www.solarlink.co.kr/?k=정선-지붕태양광임대,N
1720,강원,강원시군,정선,태양광 발전사업,정선 태양광 발전사업,정선-태양광발전사업,https://www.solarlink.co.kr/?k=%EC%A0%95%EC%84%A0-%ED%83%9C%EC%96%91%EA%B4%91%EB%B0%9C%EC%A0%84%EC%82%AC%EC%97%85,https://www.solarlink.co.kr/?k=정선-태양광발전사업,N
1721,강원,강원시군,철원,태양광 설치,철원 태양광 설치,철원-태양광설치,https://www.solarlink.co.kr/?k=%EC%B2%A0%EC%9B%90-%ED%83%9C%EC%96%91%EA%B4%91%EC%84%A4%EC%B9%98,https://www.solarlink.co.kr/?k=철원-태양광설치,N
1722,강원,강원시군,철원,태양광 업체,철원 태양광 업체,철원-태양광업체,https://www.solarlink.co.kr/?k=%EC%B2%A0%EC%9B%90-%ED%83%9C%EC%96%91%EA%B4%91%EC%97%85%EC%B2%B4,https://www.solarlink.co.kr/?k=철원-태양광업체,N
1723,강원,강원시군,철원,공장 태양광,철원 공장 태양광,철원-공장태양광,https://www.solarlink.co.kr/?k=%EC%B2%A0%EC%9B%90-%EA%B3%B5%EC%9E%A5%ED%83%9C%EC%96%91%EA%B4%91,https://www.solarlink.co.kr/?k=철원-공장태양광,N
1724,강원,강원시군,철원,공장 지붕 태양광,철원 공장 지붕 태양광,철원-공장지붕태양광,https://www.solarlink.co.kr/?k=%EC%B2%A0%EC%9B%90-%EA%B3%B5%EC%9E%A5%EC%A7%80%EB%B6%95%ED%83%9C%EC%96%91%EA%B4%91,https://www.solarlink.co.kr/?k=철원-공장지붕태양광,N
1725,강원,강원시군,철원,창고 태양광,철원 창고 태양광,철원-창고태양광,https://www.solarlink.co.kr/?k=%EC%B2%A0%EC%9B%90-%EC%B0%BD%EA%B3%A0%ED%83%9C%EC%96%91%EA%B4%91,https://www.solarlink.co.kr/?k=철원-창고태양광,N
1726,강원,강원시군,철원,축사 태양광,철원 축사 태양광,철원-축사태양광,https://www.solarlink.co.kr/?k=%EC%B2%A0%EC%9B%90-%EC%B6%95%EC%82%AC%ED%83%9C%EC%96%91%EA%B4%91,https://www.solarlink.co.kr/?k=철원-축사태양광,N
1727,강원,강원시군,철원,지붕 태양광 임대,철원 지붕 태양광 임대,철원-지붕태양광임대,https://www.solarlink.co.kr/?k=%EC%B2%A0%EC%9B%90-%EC%A7%80%EB%B6%95%ED%83%9C%EC%96%91%EA%B4%91%EC%9E%84%EB%8C%80,https://www.solarlink.co.kr/?k=철원-지붕태양광임대,N
1728,강원,강원시군,철원,태양광 발전사업,철원 태양광 발전사업,철원-태양광발전사업,https://www.solarlink.co.kr/?k=%EC%B2%A0%EC%9B%90-%ED%83%9C%EC%96%91%EA%B4%91%EB%B0%9C%EC%A0%84%EC%82%AC%EC%97%85,https://www.solarlink.co.kr/?k=철원-태양광발전사업,N
1729,강원,강원시군,화천,태양광 설치,화천 태양광 설치,화천-태양광설치,https://www.solarlink.co.kr/?k=%ED%99%94%EC%B2%9C-%ED%83%9C%EC%96%91%EA%B4%91%EC%84%A4%EC%B9%98,https://www.solarlink.co.kr/?k=화천-태양광설치,N
1730,강원,강원시군,화천,태양광 업체,화천 태양광 업체,화천-태양광업체,https://www.solarlink.co.kr/?k=%ED%99%94%EC%B2%9C-%ED%83%9C%EC%96%91%EA%B4%91%EC%97%85%EC%B2%B4,https://www.solarlink.co.kr/?k=화천-태양광업체,N
1731,강원,강원시군,화천,공장 태양광,화천 공장 태양광,화천-공장태양광,https://www.solarlink.co.kr/?k=%ED%99%94%EC%B2%9C-%EA%B3%B5%EC%9E%A5%ED%83%9C%EC%96%91%EA%B4%91,https://www.solarlink.co.kr/?k=화천-공장태양광,N
1732,강원,강원시군,화천,공장 지붕 태양광,화천 공장 지붕 태양광,화천-공장지붕태양광,https://www.solarlink.co.kr/?k=%ED%99%94%EC%B2%9C-%EA%B3%B5%EC%9E%A5%EC%A7%80%EB%B6%95%ED%83%9C%EC%96%91%EA%B4%91,https://www.solarlink.co.kr/?k=화천-공장지붕태양광,N
1733,강원,강원시군,화천,창고 태양광,화천 창고 태양광,화천-창고태양광,https://www.solarlink.co.kr/?k=%ED%99%94%EC%B2%9C-%EC%B0%BD%EA%B3%A0%ED%83%9C%EC%96%91%EA%B4%91,https://www.solarlink.co.kr/?k=화천-창고태양광,N
1734,강원,강원시군,화천,축사 태양광,화천 축사 태양광,화천-축사태양광,https://www.solarlink.co.kr/?k=%ED%99%94%EC%B2%9C-%EC%B6%95%EC%82%AC%ED%83%9C%EC%96%91%EA%B4%91,https://www.solarlink.co.kr/?k=화천-축사태양광,N
1735,강원,강원시군,화천,지붕 태양광 임대,화천 지붕 태양광 임대,화천-지붕태양광임대,https://www.solarlink.co.kr/?k=%ED%99%94%EC%B2%9C-%EC%A7%80%EB%B6%95%ED%83%9C%EC%96%91%EA%B4%91%EC%9E%84%EB%8C%80,https://www.solarlink.co.kr/?k=화천-지붕태양광임대,N
1736,강원,강원시군,화천,태양광 발전사업,화천 태양광 발전사업,화천-태양광발전사업,https://www.solarlink.co.kr/?k=%ED%99%94%EC%B2%9C-%ED%83%9C%EC%96%91%EA%B4%91%EB%B0%9C%EC%A0%84%EC%82%AC%EC%97%85,https://www.solarlink.co.kr/?k=화천-태양광발전사업,N
1737,강원,강원시군,양구,태양광 설치,양구 태양광 설치,양구-태양광설치,https://www.solarlink.co.kr/?k=%EC%96%91%EA%B5%AC-%ED%83%9C%EC%96%91%EA%B4%91%EC%84%A4%EC%B9%98,https://www.solarlink.co.kr/?k=양구-태양광설치,N
1738,강원,강원시군,양구,태양광 업체,양구 태양광 업체,양구-태양광업체,https://www.solarlink.co.kr/?k=%EC%96%91%EA%B5%AC-%ED%83%9C%EC%96%91%EA%B4%91%EC%97%85%EC%B2%B4,https://www.solarlink.co.kr/?k=양구-태양광업체,N
1739,강원,강원시군,양구,공장 태양광,양구 공장 태양광,양구-공장태양광,https://www.solarlink.co.kr/?k=%EC%96%91%EA%B5%AC-%EA%B3%B5%EC%9E%A5%ED%83%9C%EC%96%91%EA%B4%91,https://www.solarlink.co.kr/?k=양구-공장태양광,N
1740,강원,강원시군,양구,공장 지붕 태양광,양구 공장 지붕 태양광,양구-공장지붕태양광,https://www.solarlink.co.kr/?k=%EC%96%91%EA%B5%AC-%EA%B3%B5%EC%9E%A5%EC%A7%80%EB%B6%95%ED%83%9C%EC%96%91%EA%B4%91,https://www.solarlink.co.kr/?k=양구-공장지붕태양광,N
1741,강원,강원시군,양구,창고 태양광,양구 창고 태양광,양구-창고태양광,https://www.solarlink.co.kr/?k=%EC%96%91%EA%B5%AC-%EC%B0%BD%EA%B3%A0%ED%83%9C%EC%96%91%EA%B4%91,https://www.solarlink.co.kr/?k=양구-창고태양광,N
1742,강원,강원시군,양구,축사 태양광,양구 축사 태양광,양구-축사태양광,https://www.solarlink.co.kr/?k=%EC%96%91%EA%B5%AC-%EC%B6%95%EC%82%AC%ED%83%9C%EC%96%91%EA%B4%91,https://www.solarlink.co.kr/?k=양구-축사태양광,N
1743,강원,강원시군,양구,지붕 태양광 임대,양구 지붕 태양광 임대,양구-지붕태양광임대,https://www.solarlink.co.kr/?k=%EC%96%91%EA%B5%AC-%EC%A7%80%EB%B6%95%ED%83%9C%EC%96%91%EA%B4%91%EC%9E%84%EB%8C%80,https://www.solarlink.co.kr/?k=양구-지붕태양광임대,N
1744,강원,강원시군,양구,태양광 발전사업,양구 태양광 발전사업,양구-태양광발전사업,https://www.solarlink.co.kr/?k=%EC%96%91%EA%B5%AC-%ED%83%9C%EC%96%91%EA%B4%91%EB%B0%9C%EC%A0%84%EC%82%AC%EC%97%85,https://www.solarlink.co.kr/?k=양구-태양광발전사업,N
1745,강원,강원시군,인제,태양광 설치,인제 태양광 설치,인제-태양광설치,https://www.solarlink.co.kr/?k=%EC%9D%B8%EC%A0%9C-%ED%83%9C%EC%96%91%EA%B4%91%EC%84%A4%EC%B9%98,https://www.solarlink.co.kr/?k=인제-태양광설치,N
1746,강원,강원시군,인제,태양광 업체,인제 태양광 업체,인제-태양광업체,https://www.solarlink.co.kr/?k=%EC%9D%B8%EC%A0%9C-%ED%83%9C%EC%96%91%EA%B4%91%EC%97%85%EC%B2%B4,https://www.solarlink.co.kr/?k=인제-태양광업체,N
1747,강원,강원시군,인제,공장 태양광,인제 공장 태양광,인제-공장태양광,https://www.solarlink.co.kr/?k=%EC%9D%B8%EC%A0%9C-%EA%B3%B5%EC%9E%A5%ED%83%9C%EC%96%91%EA%B4%91,https://www.solarlink.co.kr/?k=인제-공장태양광,N
1748,강원,강원시군,인제,공장 지붕 태양광,인제 공장 지붕 태양광,인제-공장지붕태양광,https://www.solarlink.co.kr/?k=%EC%9D%B8%EC%A0%9C-%EA%B3%B5%EC%9E%A5%EC%A7%80%EB%B6%95%ED%83%9C%EC%96%91%EA%B4%91,https://www.solarlink.co.kr/?k=인제-공장지붕태양광,N
1749,강원,강원시군,인제,창고 태양광,인제 창고 태양광,인제-창고태양광,https://www.solarlink.co.kr/?k=%EC%9D%B8%EC%A0%9C-%EC%B0%BD%EA%B3%A0%ED%83%9C%EC%96%91%EA%B4%91,https://www.solarlink.co.kr/?k=인제-창고태양광,N
1750,강원,강원시군,인제,축사 태양광,인제 축사 태양광,인제-축사태양광,https://www.solarlink.co.kr/?k=%EC%9D%B8%EC%A0%9C-%EC%B6%95%EC%82%AC%ED%83%9C%EC%96%91%EA%B4%91,https://www.solarlink.co.kr/?k=인제-축사태양광,N
1751,강원,강원시군,인제,지붕 태양광 임대,인제 지붕 태양광 임대,인제-지붕태양광임대,https://www.solarlink.co.kr/?k=%EC%9D%B8%EC%A0%9C-%EC%A7%80%EB%B6%95%ED%83%9C%EC%96%91%EA%B4%91%EC%9E%84%EB%8C%80,https://www.solarlink.co.kr/?k=인제-지붕태양광임대,N
1752,강원,강원시군,인제,태양광 발전사업,인제 태양광 발전사업,인제-태양광발전사업,https://www.solarlink.co.kr/?k=%EC%9D%B8%EC%A0%9C-%ED%83%9C%EC%96%91%EA%B4%91%EB%B0%9C%EC%A0%84%EC%82%AC%EC%97%85,https://www.solarlink.co.kr/?k=인제-태양광발전사업,N
1753,강원,강원시군,강원 고성,태양광 설치,강원 고성 태양광 설치,강원고성-태양광설치,https://www.solarlink.co.kr/?k=%EA%B0%95%EC%9B%90%EA%B3%A0%EC%84%B1-%ED%83%9C%EC%96%91%EA%B4%91%EC%84%A4%EC%B9%98,https://www.solarlink.co.kr/?k=강원고성-태양광설치,N
1754,강원,강원시군,강원 고성,태양광 업체,강원 고성 태양광 업체,강원고성-태양광업체,https://www.solarlink.co.kr/?k=%EA%B0%95%EC%9B%90%EA%B3%A0%EC%84%B1-%ED%83%9C%EC%96%91%EA%B4%91%EC%97%85%EC%B2%B4,https://www.solarlink.co.kr/?k=강원고성-태양광업체,N
1755,강원,강원시군,강원 고성,공장 태양광,강원 고성 공장 태양광,강원고성-공장태양광,https://www.solarlink.co.kr/?k=%EA%B0%95%EC%9B%90%EA%B3%A0%EC%84%B1-%EA%B3%B5%EC%9E%A5%ED%83%9C%EC%96%91%EA%B4%91,https://www.solarlink.co.kr/?k=강원고성-공장태양광,N
1756,강원,강원시군,강원 고성,공장 지붕 태양광,강원 고성 공장 지붕 태양광,강원고성-공장지붕태양광,https://www.solarlink.co.kr/?k=%EA%B0%95%EC%9B%90%EA%B3%A0%EC%84%B1-%EA%B3%B5%EC%9E%A5%EC%A7%80%EB%B6%95%ED%83%9C%EC%96%91%EA%B4%91,https://www.solarlink.co.kr/?k=강원고성-공장지붕태양광,N
1757,강원,강원시군,강원 고성,창고 태양광,강원 고성 창고 태양광,강원고성-창고태양광,https://www.solarlink.co.kr/?k=%EA%B0%95%EC%9B%90%EA%B3%A0%EC%84%B1-%EC%B0%BD%EA%B3%A0%ED%83%9C%EC%96%91%EA%B4%91,https://www.solarlink.co.kr/?k=강원고성-창고태양광,N
1758,강원,강원시군,강원 고성,축사 태양광,강원 고성 축사 태양광,강원고성-축사태양광,https://www.solarlink.co.kr/?k=%EA%B0%95%EC%9B%90%EA%B3%A0%EC%84%B1-%EC%B6%95%EC%82%AC%ED%83%9C%EC%96%91%EA%B4%91,https://www.solarlink.co.kr/?k=강원고성-축사태양광,N
1759,강원,강원시군,강원 고성,지붕 태양광 임대,강원 고성 지붕 태양광 임대,강원고성-지붕태양광임대,https://www.solarlink.co.kr/?k=%EA%B0%95%EC%9B%90%EA%B3%A0%EC%84%B1-%EC%A7%80%EB%B6%95%ED%83%9C%EC%96%91%EA%B4%91%EC%9E%84%EB%8C%80,https://www.solarlink.co.kr/?k=강원고성-지붕태양광임대,N
1760,강원,강원시군,강원 고성,태양광 발전사업,강원 고성 태양광 발전사업,강원고성-태양광발전사업,https://www.solarlink.co.kr/?k=%EA%B0%95%EC%9B%90%EA%B3%A0%EC%84%B1-%ED%83%9C%EC%96%91%EA%B4%91%EB%B0%9C%EC%A0%84%EC%82%AC%EC%97%85,https://www.solarlink.co.kr/?k=강원고성-태양광발전사업,N
1761,강원,강원시군,양양,태양광 설치,양양 태양광 설치,양양-태양광설치,https://www.solarlink.co.kr/?k=%EC%96%91%EC%96%91-%ED%83%9C%EC%96%91%EA%B4%91%EC%84%A4%EC%B9%98,https://www.solarlink.co.kr/?k=양양-태양광설치,N
1762,강원,강원시군,양양,태양광 업체,양양 태양광 업체,양양-태양광업체,https://www.solarlink.co.kr/?k=%EC%96%91%EC%96%91-%ED%83%9C%EC%96%91%EA%B4%91%EC%97%85%EC%B2%B4,https://www.solarlink.co.kr/?k=양양-태양광업체,N
1763,강원,강원시군,양양,공장 태양광,양양 공장 태양광,양양-공장태양광,https://www.solarlink.co.kr/?k=%EC%96%91%EC%96%91-%EA%B3%B5%EC%9E%A5%ED%83%9C%EC%96%91%EA%B4%91,https://www.solarlink.co.kr/?k=양양-공장태양광,N
1764,강원,강원시군,양양,공장 지붕 태양광,양양 공장 지붕 태양광,양양-공장지붕태양광,https://www.solarlink.co.kr/?k=%EC%96%91%EC%96%91-%EA%B3%B5%EC%9E%A5%EC%A7%80%EB%B6%95%ED%83%9C%EC%96%91%EA%B4%91,https://www.solarlink.co.kr/?k=양양-공장지붕태양광,N
1765,강원,강원시군,양양,창고 태양광,양양 창고 태양광,양양-창고태양광,https://www.solarlink.co.kr/?k=%EC%96%91%EC%96%91-%EC%B0%BD%EA%B3%A0%ED%83%9C%EC%96%91%EA%B4%91,https://www.solarlink.co.kr/?k=양양-창고태양광,N
1766,강원,강원시군,양양,축사 태양광,양양 축사 태양광,양양-축사태양광,https://www.solarlink.co.kr/?k=%EC%96%91%EC%96%91-%EC%B6%95%EC%82%AC%ED%83%9C%EC%96%91%EA%B4%91,https://www.solarlink.co.kr/?k=양양-축사태양광,N
1767,강원,강원시군,양양,지붕 태양광 임대,양양 지붕 태양광 임대,양양-지붕태양광임대,https://www.solarlink.co.kr/?k=%EC%96%91%EC%96%91-%EC%A7%80%EB%B6%95%ED%83%9C%EC%96%91%EA%B4%91%EC%9E%84%EB%8C%80,https://www.solarlink.co.kr/?k=양양-지붕태양광임대,N
1768,강원,강원시군,양양,태양광 발전사업,양양 태양광 발전사업,양양-태양광발전사업,https://www.solarlink.co.kr/?k=%EC%96%91%EC%96%91-%ED%83%9C%EC%96%91%EA%B4%91%EB%B0%9C%EC%A0%84%EC%82%AC%EC%97%85,https://www.solarlink.co.kr/?k=양양-태양광발전사업,N
1769,대전,대전구군,대전 동구,태양광 설치,대전 동구 태양광 설치,대전동구-태양광설치,https://www.solarlink.co.kr/?k=%EB%8C%80%EC%A0%84%EB%8F%99%EA%B5%AC-%ED%83%9C%EC%96%91%EA%B4%91%EC%84%A4%EC%B9%98,https://www.solarlink.co.kr/?k=대전동구-태양광설치,N
1770,대전,대전구군,대전 동구,태양광 업체,대전 동구 태양광 업체,대전동구-태양광업체,https://www.solarlink.co.kr/?k=%EB%8C%80%EC%A0%84%EB%8F%99%EA%B5%AC-%ED%83%9C%EC%96%91%EA%B4%91%EC%97%85%EC%B2%B4,https://www.solarlink.co.kr/?k=대전동구-태양광업체,N
1771,대전,대전구군,대전 동구,건물 태양광,대전 동구 건물 태양광,대전동구-건물태양광,https://www.solarlink.co.kr/?k=%EB%8C%80%EC%A0%84%EB%8F%99%EA%B5%AC-%EA%B1%B4%EB%AC%BC%ED%83%9C%EC%96%91%EA%B4%91,https://www.solarlink.co.kr/?k=대전동구-건물태양광,N
1772,대전,대전구군,대전 동구,옥상 태양광,대전 동구 옥상 태양광,대전동구-옥상태양광,https://www.solarlink.co.kr/?k=%EB%8C%80%EC%A0%84%EB%8F%99%EA%B5%AC-%EC%98%A5%EC%83%81%ED%83%9C%EC%96%91%EA%B4%91,https://www.solarlink.co.kr/?k=대전동구-옥상태양광,N
1773,대전,대전구군,대전 동구,상가 태양광,대전 동구 상가 태양광,대전동구-상가태양광,https://www.solarlink.co.kr/?k=%EB%8C%80%EC%A0%84%EB%8F%99%EA%B5%AC-%EC%83%81%EA%B0%80%ED%83%9C%EC%96%91%EA%B4%91,https://www.solarlink.co.kr/?k=대전동구-상가태양광,N
1774,대전,대전구군,대전 동구,공장 태양광,대전 동구 공장 태양광,대전동구-공장태양광,https://www.solarlink.co.kr/?k=%EB%8C%80%EC%A0%84%EB%8F%99%EA%B5%AC-%EA%B3%B5%EC%9E%A5%ED%83%9C%EC%96%91%EA%B4%91,https://www.solarlink.co.kr/?k=대전동구-공장태양광,N
1775,대전,대전구군,대전 동구,지붕 태양광 임대,대전 동구 지붕 태양광 임대,대전동구-지붕태양광임대,https://www.solarlink.co.kr/?k=%EB%8C%80%EC%A0%84%EB%8F%99%EA%B5%AC-%EC%A7%80%EB%B6%95%ED%83%9C%EC%96%91%EA%B4%91%EC%9E%84%EB%8C%80,https://www.solarlink.co.kr/?k=대전동구-지붕태양광임대,N
1776,대전,대전구군,대전 동구,태양광 발전사업,대전 동구 태양광 발전사업,대전동구-태양광발전사업,https://www.solarlink.co.kr/?k=%EB%8C%80%EC%A0%84%EB%8F%99%EA%B5%AC-%ED%83%9C%EC%96%91%EA%B4%91%EB%B0%9C%EC%A0%84%EC%82%AC%EC%97%85,https://www.solarlink.co.kr/?k=대전동구-태양광발전사업,N
1777,대전,대전구군,대전 중구,태양광 설치,대전 중구 태양광 설치,대전중구-태양광설치,https://www.solarlink.co.kr/?k=%EB%8C%80%EC%A0%84%EC%A4%91%EA%B5%AC-%ED%83%9C%EC%96%91%EA%B4%91%EC%84%A4%EC%B9%98,https://www.solarlink.co.kr/?k=대전중구-태양광설치,N
1778,대전,대전구군,대전 중구,태양광 업체,대전 중구 태양광 업체,대전중구-태양광업체,https://www.solarlink.co.kr/?k=%EB%8C%80%EC%A0%84%EC%A4%91%EA%B5%AC-%ED%83%9C%EC%96%91%EA%B4%91%EC%97%85%EC%B2%B4,https://www.solarlink.co.kr/?k=대전중구-태양광업체,N
1779,대전,대전구군,대전 중구,건물 태양광,대전 중구 건물 태양광,대전중구-건물태양광,https://www.solarlink.co.kr/?k=%EB%8C%80%EC%A0%84%EC%A4%91%EA%B5%AC-%EA%B1%B4%EB%AC%BC%ED%83%9C%EC%96%91%EA%B4%91,https://www.solarlink.co.kr/?k=대전중구-건물태양광,N
1780,대전,대전구군,대전 중구,옥상 태양광,대전 중구 옥상 태양광,대전중구-옥상태양광,https://www.solarlink.co.kr/?k=%EB%8C%80%EC%A0%84%EC%A4%91%EA%B5%AC-%EC%98%A5%EC%83%81%ED%83%9C%EC%96%91%EA%B4%91,https://www.solarlink.co.kr/?k=대전중구-옥상태양광,N
1781,대전,대전구군,대전 중구,상가 태양광,대전 중구 상가 태양광,대전중구-상가태양광,https://www.solarlink.co.kr/?k=%EB%8C%80%EC%A0%84%EC%A4%91%EA%B5%AC-%EC%83%81%EA%B0%80%ED%83%9C%EC%96%91%EA%B4%91,https://www.solarlink.co.kr/?k=대전중구-상가태양광,N
1782,대전,대전구군,대전 중구,공장 태양광,대전 중구 공장 태양광,대전중구-공장태양광,https://www.solarlink.co.kr/?k=%EB%8C%80%EC%A0%84%EC%A4%91%EA%B5%AC-%EA%B3%B5%EC%9E%A5%ED%83%9C%EC%96%91%EA%B4%91,https://www.solarlink.co.kr/?k=대전중구-공장태양광,N
1783,대전,대전구군,대전 중구,지붕 태양광 임대,대전 중구 지붕 태양광 임대,대전중구-지붕태양광임대,https://www.solarlink.co.kr/?k=%EB%8C%80%EC%A0%84%EC%A4%91%EA%B5%AC-%EC%A7%80%EB%B6%95%ED%83%9C%EC%96%91%EA%B4%91%EC%9E%84%EB%8C%80,https://www.solarlink.co.kr/?k=대전중구-지붕태양광임대,N
1784,대전,대전구군,대전 중구,태양광 발전사업,대전 중구 태양광 발전사업,대전중구-태양광발전사업,https://www.solarlink.co.kr/?k=%EB%8C%80%EC%A0%84%EC%A4%91%EA%B5%AC-%ED%83%9C%EC%96%91%EA%B4%91%EB%B0%9C%EC%A0%84%EC%82%AC%EC%97%85,https://www.solarlink.co.kr/?k=대전중구-태양광발전사업,N
1785,대전,대전구군,대전 서구,태양광 설치,대전 서구 태양광 설치,대전서구-태양광설치,https://www.solarlink.co.kr/?k=%EB%8C%80%EC%A0%84%EC%84%9C%EA%B5%AC-%ED%83%9C%EC%96%91%EA%B4%91%EC%84%A4%EC%B9%98,https://www.solarlink.co.kr/?k=대전서구-태양광설치,N
1786,대전,대전구군,대전 서구,태양광 업체,대전 서구 태양광 업체,대전서구-태양광업체,https://www.solarlink.co.kr/?k=%EB%8C%80%EC%A0%84%EC%84%9C%EA%B5%AC-%ED%83%9C%EC%96%91%EA%B4%91%EC%97%85%EC%B2%B4,https://www.solarlink.co.kr/?k=대전서구-태양광업체,N
1787,대전,대전구군,대전 서구,건물 태양광,대전 서구 건물 태양광,대전서구-건물태양광,https://www.solarlink.co.kr/?k=%EB%8C%80%EC%A0%84%EC%84%9C%EA%B5%AC-%EA%B1%B4%EB%AC%BC%ED%83%9C%EC%96%91%EA%B4%91,https://www.solarlink.co.kr/?k=대전서구-건물태양광,N
1788,대전,대전구군,대전 서구,옥상 태양광,대전 서구 옥상 태양광,대전서구-옥상태양광,https://www.solarlink.co.kr/?k=%EB%8C%80%EC%A0%84%EC%84%9C%EA%B5%AC-%EC%98%A5%EC%83%81%ED%83%9C%EC%96%91%EA%B4%91,https://www.solarlink.co.kr/?k=대전서구-옥상태양광,N
1789,대전,대전구군,대전 서구,상가 태양광,대전 서구 상가 태양광,대전서구-상가태양광,https://www.solarlink.co.kr/?k=%EB%8C%80%EC%A0%84%EC%84%9C%EA%B5%AC-%EC%83%81%EA%B0%80%ED%83%9C%EC%96%91%EA%B4%91,https://www.solarlink.co.kr/?k=대전서구-상가태양광,N
1790,대전,대전구군,대전 서구,공장 태양광,대전 서구 공장 태양광,대전서구-공장태양광,https://www.solarlink.co.kr/?k=%EB%8C%80%EC%A0%84%EC%84%9C%EA%B5%AC-%EA%B3%B5%EC%9E%A5%ED%83%9C%EC%96%91%EA%B4%91,https://www.solarlink.co.kr/?k=대전서구-공장태양광,N
1791,대전,대전구군,대전 서구,지붕 태양광 임대,대전 서구 지붕 태양광 임대,대전서구-지붕태양광임대,https://www.solarlink.co.kr/?k=%EB%8C%80%EC%A0%84%EC%84%9C%EA%B5%AC-%EC%A7%80%EB%B6%95%ED%83%9C%EC%96%91%EA%B4%91%EC%9E%84%EB%8C%80,https://www.solarlink.co.kr/?k=대전서구-지붕태양광임대,N
1792,대전,대전구군,대전 서구,태양광 발전사업,대전 서구 태양광 발전사업,대전서구-태양광발전사업,https://www.solarlink.co.kr/?k=%EB%8C%80%EC%A0%84%EC%84%9C%EA%B5%AC-%ED%83%9C%EC%96%91%EA%B4%91%EB%B0%9C%EC%A0%84%EC%82%AC%EC%97%85,https://www.solarlink.co.kr/?k=대전서구-태양광발전사업,N
1793,대전,대전구군,대전 유성구,태양광 설치,대전 유성구 태양광 설치,대전유성구-태양광설치,https://www.solarlink.co.kr/?k=%EB%8C%80%EC%A0%84%EC%9C%A0%EC%84%B1%EA%B5%AC-%ED%83%9C%EC%96%91%EA%B4%91%EC%84%A4%EC%B9%98,https://www.solarlink.co.kr/?k=대전유성구-태양광설치,N
1794,대전,대전구군,대전 유성구,태양광 업체,대전 유성구 태양광 업체,대전유성구-태양광업체,https://www.solarlink.co.kr/?k=%EB%8C%80%EC%A0%84%EC%9C%A0%EC%84%B1%EA%B5%AC-%ED%83%9C%EC%96%91%EA%B4%91%EC%97%85%EC%B2%B4,https://www.solarlink.co.kr/?k=대전유성구-태양광업체,N
1795,대전,대전구군,대전 유성구,건물 태양광,대전 유성구 건물 태양광,대전유성구-건물태양광,https://www.solarlink.co.kr/?k=%EB%8C%80%EC%A0%84%EC%9C%A0%EC%84%B1%EA%B5%AC-%EA%B1%B4%EB%AC%BC%ED%83%9C%EC%96%91%EA%B4%91,https://www.solarlink.co.kr/?k=대전유성구-건물태양광,N
1796,대전,대전구군,대전 유성구,옥상 태양광,대전 유성구 옥상 태양광,대전유성구-옥상태양광,https://www.solarlink.co.kr/?k=%EB%8C%80%EC%A0%84%EC%9C%A0%EC%84%B1%EA%B5%AC-%EC%98%A5%EC%83%81%ED%83%9C%EC%96%91%EA%B4%91,https://www.solarlink.co.kr/?k=대전유성구-옥상태양광,N
1797,대전,대전구군,대전 유성구,상가 태양광,대전 유성구 상가 태양광,대전유성구-상가태양광,https://www.solarlink.co.kr/?k=%EB%8C%80%EC%A0%84%EC%9C%A0%EC%84%B1%EA%B5%AC-%EC%83%81%EA%B0%80%ED%83%9C%EC%96%91%EA%B4%91,https://www.solarlink.co.kr/?k=대전유성구-상가태양광,N
1798,대전,대전구군,대전 유성구,공장 태양광,대전 유성구 공장 태양광,대전유성구-공장태양광,https://www.solarlink.co.kr/?k=%EB%8C%80%EC%A0%84%EC%9C%A0%EC%84%B1%EA%B5%AC-%EA%B3%B5%EC%9E%A5%ED%83%9C%EC%96%91%EA%B4%91,https://www.solarlink.co.kr/?k=대전유성구-공장태양광,N
1799,대전,대전구군,대전 유성구,지붕 태양광 임대,대전 유성구 지붕 태양광 임대,대전유성구-지붕태양광임대,https://www.solarlink.co.kr/?k=%EB%8C%80%EC%A0%84%EC%9C%A0%EC%84%B1%EA%B5%AC-%EC%A7%80%EB%B6%95%ED%83%9C%EC%96%91%EA%B4%91%EC%9E%84%EB%8C%80,https://www.solarlink.co.kr/?k=대전유성구-지붕태양광임대,N
1800,대전,대전구군,대전 유성구,태양광 발전사업,대전 유성구 태양광 발전사업,대전유성구-태양광발전사업,https://www.solarlink.co.kr/?k=%EB%8C%80%EC%A0%84%EC%9C%A0%EC%84%B1%EA%B5%AC-%ED%83%9C%EC%96%91%EA%B4%91%EB%B0%9C%EC%A0%84%EC%82%AC%EC%97%85,https://www.solarlink.co.kr/?k=대전유성구-태양광발전사업,N
1801,대전,대전구군,대전 대덕구,태양광 설치,대전 대덕구 태양광 설치,대전대덕구-태양광설치,https://www.solarlink.co.kr/?k=%EB%8C%80%EC%A0%84%EB%8C%80%EB%8D%95%EA%B5%AC-%ED%83%9C%EC%96%91%EA%B4%91%EC%84%A4%EC%B9%98,https://www.solarlink.co.kr/?k=대전대덕구-태양광설치,N
1802,대전,대전구군,대전 대덕구,태양광 업체,대전 대덕구 태양광 업체,대전대덕구-태양광업체,https://www.solarlink.co.kr/?k=%EB%8C%80%EC%A0%84%EB%8C%80%EB%8D%95%EA%B5%AC-%ED%83%9C%EC%96%91%EA%B4%91%EC%97%85%EC%B2%B4,https://www.solarlink.co.kr/?k=대전대덕구-태양광업체,N
1803,대전,대전구군,대전 대덕구,건물 태양광,대전 대덕구 건물 태양광,대전대덕구-건물태양광,https://www.solarlink.co.kr/?k=%EB%8C%80%EC%A0%84%EB%8C%80%EB%8D%95%EA%B5%AC-%EA%B1%B4%EB%AC%BC%ED%83%9C%EC%96%91%EA%B4%91,https://www.solarlink.co.kr/?k=대전대덕구-건물태양광,N
1804,대전,대전구군,대전 대덕구,옥상 태양광,대전 대덕구 옥상 태양광,대전대덕구-옥상태양광,https://www.solarlink.co.kr/?k=%EB%8C%80%EC%A0%84%EB%8C%80%EB%8D%95%EA%B5%AC-%EC%98%A5%EC%83%81%ED%83%9C%EC%96%91%EA%B4%91,https://www.solarlink.co.kr/?k=대전대덕구-옥상태양광,N
1805,대전,대전구군,대전 대덕구,상가 태양광,대전 대덕구 상가 태양광,대전대덕구-상가태양광,https://www.solarlink.co.kr/?k=%EB%8C%80%EC%A0%84%EB%8C%80%EB%8D%95%EA%B5%AC-%EC%83%81%EA%B0%80%ED%83%9C%EC%96%91%EA%B4%91,https://www.solarlink.co.kr/?k=대전대덕구-상가태양광,N
1806,대전,대전구군,대전 대덕구,공장 태양광,대전 대덕구 공장 태양광,대전대덕구-공장태양광,https://www.solarlink.co.kr/?k=%EB%8C%80%EC%A0%84%EB%8C%80%EB%8D%95%EA%B5%AC-%EA%B3%B5%EC%9E%A5%ED%83%9C%EC%96%91%EA%B4%91,https://www.solarlink.co.kr/?k=대전대덕구-공장태양광,N
1807,대전,대전구군,대전 대덕구,지붕 태양광 임대,대전 대덕구 지붕 태양광 임대,대전대덕구-지붕태양광임대,https://www.solarlink.co.kr/?k=%EB%8C%80%EC%A0%84%EB%8C%80%EB%8D%95%EA%B5%AC-%EC%A7%80%EB%B6%95%ED%83%9C%EC%96%91%EA%B4%91%EC%9E%84%EB%8C%80,https://www.solarlink.co.kr/?k=대전대덕구-지붕태양광임대,N
1808,대전,대전구군,대전 대덕구,태양광 발전사업,대전 대덕구 태양광 발전사업,대전대덕구-태양광발전사업,https://www.solarlink.co.kr/?k=%EB%8C%80%EC%A0%84%EB%8C%80%EB%8D%95%EA%B5%AC-%ED%83%9C%EC%96%91%EA%B4%91%EB%B0%9C%EC%A0%84%EC%82%AC%EC%97%85,https://www.solarlink.co.kr/?k=대전대덕구-태양광발전사업,N
1809,세종,세종단일,세종,태양광 설치,세종 태양광 설치,세종-태양광설치,https://www.solarlink.co.kr/?k=%EC%84%B8%EC%A2%85-%ED%83%9C%EC%96%91%EA%B4%91%EC%84%A4%EC%B9%98,https://www.solarlink.co.kr/?k=세종-태양광설치,N
1810,세종,세종단일,세종,태양광 업체,세종 태양광 업체,세종-태양광업체,https://www.solarlink.co.kr/?k=%EC%84%B8%EC%A2%85-%ED%83%9C%EC%96%91%EA%B4%91%EC%97%85%EC%B2%B4,https://www.solarlink.co.kr/?k=세종-태양광업체,N
1811,세종,세종단일,세종,건물 태양광,세종 건물 태양광,세종-건물태양광,https://www.solarlink.co.kr/?k=%EC%84%B8%EC%A2%85-%EA%B1%B4%EB%AC%BC%ED%83%9C%EC%96%91%EA%B4%91,https://www.solarlink.co.kr/?k=세종-건물태양광,N
1812,세종,세종단일,세종,옥상 태양광,세종 옥상 태양광,세종-옥상태양광,https://www.solarlink.co.kr/?k=%EC%84%B8%EC%A2%85-%EC%98%A5%EC%83%81%ED%83%9C%EC%96%91%EA%B4%91,https://www.solarlink.co.kr/?k=세종-옥상태양광,N
1813,세종,세종단일,세종,상가 태양광,세종 상가 태양광,세종-상가태양광,https://www.solarlink.co.kr/?k=%EC%84%B8%EC%A2%85-%EC%83%81%EA%B0%80%ED%83%9C%EC%96%91%EA%B4%91,https://www.solarlink.co.kr/?k=세종-상가태양광,N
1814,세종,세종단일,세종,공장 태양광,세종 공장 태양광,세종-공장태양광,https://www.solarlink.co.kr/?k=%EC%84%B8%EC%A2%85-%EA%B3%B5%EC%9E%A5%ED%83%9C%EC%96%91%EA%B4%91,https://www.solarlink.co.kr/?k=세종-공장태양광,N
1815,세종,세종단일,세종,지붕 태양광 임대,세종 지붕 태양광 임대,세종-지붕태양광임대,https://www.solarlink.co.kr/?k=%EC%84%B8%EC%A2%85-%EC%A7%80%EB%B6%95%ED%83%9C%EC%96%91%EA%B4%91%EC%9E%84%EB%8C%80,https://www.solarlink.co.kr/?k=세종-지붕태양광임대,N
1816,세종,세종단일,세종,태양광 발전사업,세종 태양광 발전사업,세종-태양광발전사업,https://www.solarlink.co.kr/?k=%EC%84%B8%EC%A2%85-%ED%83%9C%EC%96%91%EA%B4%91%EB%B0%9C%EC%A0%84%EC%82%AC%EC%97%85,https://www.solarlink.co.kr/?k=세종-태양광발전사업,N
